building the system configuration...
warning: Git tree '/tmp/nix-cache-compiler/repo' is dirty
Using saved setting for 'extra-substituters = https://bincache.yoke.sereia.gay https://nixos-raspberrypi.cachix.org' from ~/.local/share/nix/trusted-settings.json.
Using saved setting for 'extra-trusted-public-keys = yoke-bin-cache:ddWddUNLU59tCn5o6xwweO88tXpcnJql6pqpF2aYkc4= nixos-raspberrypi.cachix.org-1:4iMO9LXa8BqhU+Rpg6LQKiGa2lsNh/j2oiYLNOQ5sPI=' from ~/.local/share/nix/trusted-settings.json.
warning: unable to download 'https://bincache.yoke.sereia.gay/nix-cache-info': HTTP error 502

response body:

<html>
<head><title>502 Bad Gateway</title></head>
<body>
<center><h1>502 Bad Gateway</h1></center>
<hr><center>nginx</center>
</body>
</html>; retrying in 318 ms (attempt 1/5)
warning: unable to download 'https://bincache.yoke.sereia.gay/nix-cache-info': HTTP error 502

response body:

<html>
<head><title>502 Bad Gateway</title></head>
<body>
<center><h1>502 Bad Gateway</h1></center>
<hr><center>nginx</center>
</body>
</html>; retrying in 560 ms (attempt 2/5)
warning: unable to download 'https://bincache.yoke.sereia.gay/nix-cache-info': HTTP error 502

response body:

<html>
<head><title>502 Bad Gateway</title></head>
<body>
<center><h1>502 Bad Gateway</h1></center>
<hr><center>nginx</center>
</body>
</html>; retrying in 1262 ms (attempt 3/5)
warning: unable to download 'https://bincache.yoke.sereia.gay/nix-cache-info': HTTP error 502

response body:

<html>
<head><title>502 Bad Gateway</title></head>
<body>
<center><h1>502 Bad Gateway</h1></center>
<hr><center>nginx</center>
</body>
</html>; retrying in 2570 ms (attempt 4/5)
warning: unable to download 'https://bincache.yoke.sereia.gay/nix-cache-info': HTTP error 502

         response body:

         <html>
         <head><title>502 Bad Gateway</title></head>
         <body>
         <center><h1>502 Bad Gateway</h1></center>
         <hr><center>nginx</center>
         </body>
         </html>
evaluation warning: stdenv.isDarwin is deprecated, use stdenv.hostPlatform.isDarwin instead
evaluation warning: The xorg package set has been deprecated, 'xorg.libX11' has been renamed to 'libx11'
evaluation warning: The xorg package set has been deprecated, 'xorg.libXcursor' has been renamed to 'libxcursor'
evaluation warning: The xorg package set has been deprecated, 'xorg.libXi' has been renamed to 'libxi'
evaluation warning: The xorg package set has been deprecated, 'xorg.libXrandr' has been renamed to 'libxrandr'
evaluation warning: The xorg package set has been deprecated, 'xorg.libX11' has been renamed to 'libx11'
evaluation warning: The xorg package set has been deprecated, 'xorg.libXcursor' has been renamed to 'libxcursor'
evaluation warning: The xorg package set has been deprecated, 'xorg.libXi' has been renamed to 'libxi'
evaluation warning: The xorg package set has been deprecated, 'xorg.libXrandr' has been renamed to 'libxrandr'
evaluation warning: stdenv.isDarwin is deprecated, use stdenv.hostPlatform.isDarwin instead
evaluation warning: LibreOffice upstream has changed the versioning, please use use `libreoffice-stable`
these 1673 derivations will be built:
  /nix/store/011s0d6scf9ykfsqymxx3sn21r33035q-cargo-src-wgpu-core-deps-emscripten-27.0.0.drv
  /nix/store/2rmzl9simz3h5lcrnr83cxlsxm815apf-cargo-src-macaddr-1.0.1.drv
  /nix/store/01q7k784b7bbfiv9kdbafd3pp69i4rwr-cargo-package-macaddr-1.0.1.drv
  /nix/store/gjs65b67vkr2ls0sl2hs1g5x591l1isc-cargo-src-tiff-0.11.3.drv
  /nix/store/01sk8xiypcrwrn521gf8dwwjqnrrbkqc-cargo-package-tiff-0.11.3.drv
  /nix/store/l062nnfrv8sq1lanzygaqiqsg84cw537-cargo-src-objc2-quartz-core-0.2.2.drv
  /nix/store/026vj1y9r7psn4asha7w9w7cjqdmpnsr-cargo-package-objc2-quartz-core-0.2.2.drv
  /nix/store/kg96vbrrcvmq4x0h4snq94ljb3xw2bfb-unit-script-initrd-nixos-activation-start.drv
  /nix/store/a4y1s6kb1yd45cszwappahi7gx4xd9bx-locales-setup-hook.sh.drv
  /nix/store/x7zk1rcn9s22d8i7bwv43j0p70sdp7nn-glibc-locales-2.42-84.drv
  /nix/store/03jih0854zhjvwdirqxyxv2nslrmvpwv-unit-initrd-nixos-activation.service.drv
  /nix/store/054s57s4y1z6zijfrfi5p3ffssk1hax6-unit-NetworkManager-wait-online.service.drv
  /nix/store/sfyy41b2zxi2051m82ig1203j9hxqgs7-cargo-src-objc2-io-surface-0.3.2.drv
  /nix/store/05b49afvdav8idjq1wzd8zk8d29dz58p-cargo-package-objc2-io-surface-0.3.2.drv
  /nix/store/07c4jh535ys7rbaqrspgnz87fnv1qijc-cargo-package-darling_core-0.20.11.drv
  /nix/store/07wfg5mja5n0zslr8z0jqnj6svaqhhca-cargo-src-async-executor-1.14.0.drv
  /nix/store/5349m8w9wspk4wk6q435fm525dd0854z-builder.pl.drv
  /nix/store/086d25rmh9gh5mf2y3il8ixh8z43whzm-wireplumber-extra-scrips.drv
  /nix/store/a4b5v7hs5rys122j7q263sr2fbyfaba5-cargo-src-profiling-procmacros-1.0.17.drv
  /nix/store/09s03xk3vk2iyg00c26idcs6hha2459w-cargo-package-profiling-procmacros-1.0.17.drv
  /nix/store/0a3a9gyn7021xvm6ajabqwcqxv2l6qa6-cargo-src-owned_ttf_parser-0.25.1.drv
  /nix/store/0affm7c364bd3p3ljfxvlz8p1jiqxbw1-cargo-package-winapi-util-0.1.11.drv
  /nix/store/1yn0b5r8lwi85iz7nd00zl31xysa7q13-cargo-src-lebe-0.5.3.drv
  /nix/store/0b9xvsdbfk5cl8pk96rsc5ima0xrqbm5-cargo-package-lebe-0.5.3.drv
  /nix/store/im2jp44jb493xkbs7yknw72rpabk088n-cuda_nvtx-linux-x86_64-12.9.79-archive.tar.xz.drv
  /nix/store/mylc4qx5j50sc7qk3rjs84pmdcjpf0xc-cuda_nvtx-12.9.79-source.drv
  /nix/store/0blbzbqrqyfgbzbhjjrbrwrpwqyw66i3-cuda12.9-cuda_nvtx-12.9.79.drv
  /nix/store/0cg5yxkhykyzckj2gm4h8b0ls1401yzb-unit-systemd-tmpfiles-setup.service.drv
  /nix/store/i15xgqd6hj7b53g7qyka1ifrqwj1yijb-cuda_gdb-linux-x86_64-12.9.79-archive.tar.xz.drv
  /nix/store/5zpz28na9rarfpvjqyizbnmssm9r6vbk-cuda_gdb-12.9.79-source.drv
  /nix/store/23rrrd0gdiap245l4j3d3qd60pfgj26x-cuda12.9-cuda_gdb-12.9.79.drv
  /nix/store/qczl05c8gqq05ygnfmakxm8zdcq0y2w5-libnpp-linux-x86_64-12.4.1.87-archive.tar.xz.drv
  /nix/store/wrp4q0afd2hiy7nhsm17bhldgb73df7k-libnpp-12.4.1.87-source.drv
  /nix/store/3f6nymgljimllxm0m5h5vr58k582y0ds-cuda12.9-libnpp-12.4.1.87.drv
  /nix/store/xxvwhmgbj6lszvj7h1d3n676w1rpvaxg-cuda_sanitizer_api-linux-x86_64-12.9.79-archive.tar.xz.drv
  /nix/store/x42xkvb295klk9l4ikiq5gcy5vms39yp-cuda_sanitizer_api-12.9.79-source.drv
  /nix/store/44wysgg5ir8pkgjl6c37ag27589vyhfm-cuda12.9-cuda_sanitizer_api-12.9.79.drv
  /nix/store/9x6m0nhszg2b6r5inv0sshbmgr54hpzf-cuda_nvprune-linux-x86_64-12.9.82-archive.tar.xz.drv
  /nix/store/calp00ni6fa25mlm0gh372mxyk1v8v8x-cuda_nvprune-12.9.82-source.drv
  /nix/store/524vzfhim1nqzajpq7awa0bl597m6c3y-cuda12.9-cuda_nvprune-12.9.82.drv
  /nix/store/72cdpr7njaspnkdkdivnlpiwm93jrc50-cuda_cccl-linux-x86_64-12.9.27-archive.tar.xz.drv
  /nix/store/c89kgwvpd1rzxksgywjq750vb0scnwi5-cuda_cccl-12.9.27-source.drv
  /nix/store/hprn6gp8xj32ykdx99pgz2vq4v70dz49-fix-missing-_CCCL_PP_SPLICE_WITH_IMPL20.drv
  /nix/store/r4j9ibm1yqdwdk30sfa455hi06naahyx-cuda12.9-cuda_cccl-12.9.27.drv
  /nix/store/xvjryfc9bcl897j7sb8ff71lhdi6fjpb-cuda_cudart-linux-x86_64-12.9.79-archive.tar.xz.drv
  /nix/store/wf962y52bwfvc6zhdpaicy4hl7lvcvka-cuda_cudart-12.9.79-source.drv
  /nix/store/5811335vjyqjar855s4dqqb7q8lchbxq-cuda12.9-cuda_cudart-12.9.79.drv
  /nix/store/p3g40sikyfk9dprdmf6z6iyfbspyby7b-libcurand-linux-x86_64-10.3.10.19-archive.tar.xz.drv
  /nix/store/6k1f4hazsksnmzawbbb0yvfa8f1gmqqf-libcurand-10.3.10.19-source.drv
  /nix/store/6wxwd1nqyxfnmyqxi5203h8xkprmh9q0-cuda12.9-libcurand-10.3.10.19.drv
  /nix/store/z52c1ghpnr1k5gdjwjywbkfpvkd0ghcm-cuda_nvdisasm-linux-x86_64-12.9.88-archive.tar.xz.drv
  /nix/store/484wygrmnp0699hkqcbnrshwjhs6p1df-cuda_nvdisasm-12.9.88-source.drv
  /nix/store/dvxz1p7pnpqm3ihvs47vxb9wp1abl0fz-cuda12.9-cuda_nvdisasm-12.9.88.drv
  /nix/store/ls51z952daa70nac0z8xvllcaih4rmp2-libcufft-linux-x86_64-11.4.1.4-archive.tar.xz.drv
  /nix/store/8115r9l8zp0mr85mv07mk5pgyqc0js3n-libcufft-11.4.1.4-source.drv
  /nix/store/vyyhln9gvkgzkq5y3aps561pc3874d11-libnvjitlink-linux-x86_64-12.9.86-archive.tar.xz.drv
  /nix/store/yjr5g8g20rvf6c1nl2wzc5cx03hdzni5-libnvjitlink-12.9.86-source.drv
  /nix/store/nd3v8vwrmalz7b3znxa0yjcixd0g8gmd-cuda12.9-libnvjitlink-12.9.86.drv
  /nix/store/wb7yndv3jb9m6k8b4p0mrcj4dq9h7gjw-cuda_nvrtc-linux-x86_64-12.9.86-archive.tar.xz.drv
  /nix/store/qxqcvsj74an81dxmifk7irmcmdc49iy2-cuda_nvrtc-12.9.86-source.drv
  /nix/store/xnv50bgq97ahnzw8j2capsx7d6m9yfg7-cuda12.9-cuda_nvrtc-12.9.86.drv
  /nix/store/fcj5w42nw79xdvzbja5rm93iz7q8z45p-cuda12.9-libcufft-11.4.1.4.drv
  /nix/store/gr4dka6kkrywlqb3j5ksy5b100c39ynr-cuda_nvml_dev-linux-x86_64-12.9.79-archive.tar.xz.drv
  /nix/store/n7qzyh140z4hw7vv8z51g8w8inmg1yxh-cuda_nvml_dev-12.9.79-source.drv
  /nix/store/j0nmkrar6mghrlylrkgbp9rzp37xqbml-cuda12.9-cuda_nvml_dev-12.9.79.drv
  /nix/store/ps5fa6b5mx6xsk9xx1b4xd63j161x0j4-cuda_nvcc-linux-x86_64-12.9.86-archive.tar.xz.drv
  /nix/store/gw551hv7rqjvwj0ksnd0d30jrzmxvri2-cuda_nvcc-12.9.86-source.drv
  /nix/store/j2c2336p9k3iy7qddhcr5pydpp7gglhb-cuda12.9-cuda_nvcc-12.9.86.drv
  /nix/store/lv0x0xkm98861v2fqr4n6qx8jzwypz96-cuda_cupti-linux-x86_64-12.9.79-archive.tar.xz.drv
  /nix/store/w6d763afh33naq9ci59x8jfv1kj4598g-cuda_cupti-12.9.79-source.drv
  /nix/store/kh0810nq3c7hjj1818bvwnnh9wrhyiih-cuda12.9-cuda_cupti-12.9.79.drv
  /nix/store/bdrcij3nwbr88w66mva9cfr462mb7wa2-cuda_cuobjdump-linux-x86_64-12.9.82-archive.tar.xz.drv
  /nix/store/dvax4mfcs4qa7xclf9i296qxw6wrqxyr-cuda_cuobjdump-12.9.82-source.drv
  /nix/store/lyld8qj94s26kgsk0895fvp06k7xrmi2-cuda12.9-cuda_cuobjdump-12.9.82.drv
  /nix/store/yy5fmrgs2j8z4qfxxa699zdsqk4c6f02-libcublas-linux-x86_64-12.9.1.4-archive.tar.xz.drv
  /nix/store/7mzpj33l36v0dq9mgfvpis8hbwrzfx4h-libcublas-12.9.1.4-source.drv
  /nix/store/mpv0zsz8fk2k87qgi9jzfp948yr40swl-cuda12.9-libcublas-12.9.1.4.drv
  /nix/store/y7jhgamq0yijgjjalgfhx91x9gvwx4wz-cuda_profiler_api-linux-x86_64-12.9.79-archive.tar.xz.drv
  /nix/store/73yky95zi10fz1gqrgqyzy1s5xwcm692-cuda_profiler_api-12.9.79-source.drv
  /nix/store/nnxbjnabg8i571kqz1ka9pwpj3lg1ldw-cuda12.9-cuda_profiler_api-12.9.79.drv
  /nix/store/dvf9ssikyl53lspza0v4w1k2nqnnyqmw-libcusparse-linux-x86_64-12.5.10.65-archive.tar.xz.drv
  /nix/store/v5r946f5v2x4qvvd50aay00b9biq313q-libcusparse-12.5.10.65-source.drv
  /nix/store/pbh9a2lz27c6gml5flq03s6laihajm4l-cuda12.9-libcusparse-12.5.10.65.drv
  /nix/store/ylsfzs0qqz8fv7846345arzc5gizfi4n-cuda_cuxxfilt-linux-x86_64-12.9.82-archive.tar.xz.drv
  /nix/store/0m7439py77jd89sr80m82h54zm7kpj43-cuda_cuxxfilt-12.9.82-source.drv
  /nix/store/xv538naygvlnmd0mmkbps5jfdpcna4w5-cuda12.9-cuda_cuxxfilt-12.9.82.drv
  /nix/store/z2wvj197vkdaaq6z28xna6k7jc25wgsd-libcusolver-linux-x86_64-11.7.5.82-archive.tar.xz.drv
  /nix/store/al6mr70g040v3lwz082lwlqwglvjskwg-libcusolver-11.7.5.82-source.drv
  /nix/store/zkb249kbpd789rkwbb7kbi939dma8crm-cuda12.9-libcusolver-11.7.5.82.drv
  /nix/store/0fb2z4vs91968gxgxl8idvl9lxa2ndkq-cuda-merged-12.9.drv
  /nix/store/5in91w5gs33c89mnsg60nss9w34y71mm-cargo-src-rgb-0.8.53.drv
  /nix/store/0fyr3qw7gnsvai24qaahzhxydb84558i-cargo-package-rgb-0.8.53.drv
  /nix/store/0g790iqj4mgz3ylqaaw2gmr3i1402zyh-unit-plymouth-quit.service.drv
  /nix/store/k62jpbilzma89cx0gmikk0b1xj5z4pqq-cargo-src-objc2-core-graphics-0.3.2.drv
  /nix/store/0i57dx63y20mkh8v0yrcmjab5i7dd0ha-cargo-package-objc2-core-graphics-0.3.2.drv
  /nix/store/34vrbbs3lkd1nhsiwbf7raymw29wl1ym-NVIDIA-Linux-x86_64-595.91.07.run.drv
  /nix/store/1y49nds3hs87j5gfz22kj35gpjzc2aya-nvidia-x11-595.91.07.drv
  /nix/store/5sai1xykn11yd9y11rlvcj88wbjlgs1z-perl5.42.3-Readonly-2.05.drv
  /nix/store/vz958bnv8r7f6hkv10mqidw7i0pvz8wc-perl5.42.3-IO-Tty-1.20.drv
  /nix/store/5jrhbzqc8himb4bsfxz78w77lzvx53j7-perl5.42.3-IPC-Run-20231003.0.drv
  /nix/store/vw01phvf80k7bb1d38cncw1xh3knhk0c-perl5.42.3-Time-Duration-1.21.drv
  /nix/store/yiysx3f703bll997nnkj7ipmrda3hm7f-builder.pl.drv
  /nix/store/8whc358654yambvrk7fzhz07m4nvb6nf-perl-5.42.3-env.drv
  /nix/store/i5im914f5fkag67ay5gs3552398ysrkv-moreutils-0.70.drv
  /nix/store/wjyhmdqwa9f03s2wil0xhafrhs7jky1m-setup-hook.sh.drv
  /nix/store/l71547n2hj9m834sqnvjn93c6nh3cjfd-eglexternalplatform-1.2.1.drv
  /nix/store/4ylnw9dcjm8qz6bpcs70211nnfrd0mrj-egl-wayland-1.1.21.drv
  /nix/store/65s8grhqqa1wk71z4q8b8ifg7fvh3s8v-egl-wayland2-1.0.1.drv
  /nix/store/dp6ks9if2q4wg62wcqa307w225f1zgi0-egl-gbm-1.1.3.drv
  /nix/store/h54bykcb1lfswp80bpndylzspqhrwxzx-egl-x11-1.0.5.drv
  /nix/store/222qdg8ysq7wrwczlps7rqbwz8jqgdfn-nvidia-egl-external-platforms-x32.drv
  /nix/store/66zgv66lpfsi1dpddqmqqi1zj95skhvg-fhsenv-ensure-gsettings-schemas-directory.drv
  /nix/store/jryd90j1jqyyfj7ml6gb014nas4w8qjz-fira-4.301.drv
  /nix/store/3b543mdnrdpnpx3zliaqlqvjacgcblsa-steam_1.0.0.87.tar.gz.drv
  /nix/store/kjyksfr2mm3mccslcdqa01b3s6s6q8yd-steam-unwrapped-1.0.0.87.drv
  /nix/store/mqk9g2w8qwfrgq3qgvv7dk20hy1hcbfl-ldconfig.drv
  /nix/store/pdi0a1vfgnhcgmnq1cx8axc83cg87pii-nvidia-egl-external-platforms.drv
  /nix/store/s1l50d84sfdmsxiycjaaw7i9sv47q80a-lsb_release.drv
  /nix/store/sxrmqpw5l1szjpr6hfz2xzz4dx8v6207-steam-run-1.0.0.87-fhsenv-profile.drv
  /nix/store/pdv4v8rgrynvkgzhdnfqyxgngfjxhvn7-steam-run-1.0.0.87-fhsenv-rootfs.drv
  /nix/store/dk5cbv3frx0l27jw1bny18h36jspq6m2-steam-run.drv
  /nix/store/zdbyqjyk7bsy84swzdvm05jkqld1fhr0-steam-run-1.0.0.87-init.drv
  /nix/store/0j8wfgdkwrvn22m3nym1m3aw3v07nv6s-steam-run-1.0.0.87-bwrap.drv
  /nix/store/0jc9gfa5h5508lbl33jjqhmf82iyni74-cargo-src-wasm-bindgen-0.2.117.drv
  /nix/store/0k1gg1ii1k1l83bfpcwzg9n2893c98mz-crate-countme-2.0.4.tar.gz.drv
  /nix/store/1zk4ir8ybch9nyp5i4hn8ajbcq120k5g-cargo-src-objc2-symbols-0.2.2.drv
  /nix/store/0k6al8qyd0hi0gbbryp02wrjhxrqzbgg-cargo-package-objc2-symbols-0.2.2.drv
  /nix/store/pl0m3daiyj3mpaz68m88dqphgix0gnvh-cargo-src-font-types-0.11.1.drv
  /nix/store/0kfpcbg1y8lj3hw5psbvm4g7zhrwkqrg-cargo-package-font-types-0.11.1.drv
  /nix/store/1yd4a8lcy9h7iq32gs1hi5kma3xx6mff-nixos-tmpfiles.d.drv
  /nix/store/i9ch4mwpvczn9gmdj2wrmc76hl4gla66-networkmanager.conf.drv
  /nix/store/dkpjryr8dqr6xkfnx0q8yx54y6j5ri6s-graphics-drivers.drv
  /nix/store/kzk6rwa1yw22vbmjbyawnqjk5vskyqiy-graphics-drivers-32bit.drv
  /nix/store/kkxxq0qiwfhlp8kdcmhx2v6rqqw3naf5-graphics-driver.conf.drv
  /nix/store/vxk2yyqb3v5ww4hlxh1nzc0943gv7jn9-ssh-root-provision.conf.drv
  /nix/store/m3h04c1n855rmiwqay9inrlljag3wpx1-tmpfiles.d.drv
  /nix/store/dskrjj73d7vh7d3kv89avnli8av1gsq9-X-Restart-Triggers-systemd-tmpfiles-resetup.drv
  /nix/store/0l9jlcl1rjg2pyisfcfcl4p84fml9sgh-unit-systemd-tmpfiles-resetup.service.drv
  /nix/store/0m3banwzpcw46bfqavcca9yp3l7jr0vh-unit-plymouth-kexec.service.drv
  /nix/store/0m3m7qg3763clmbcnz402y5w14794zn9-countme-2.0.4.drv
  /nix/store/cbfyk9g722gk11zhxbzckls63dy8yafw-cargo-src-ndk-context-0.1.1.drv
  /nix/store/0m5v236wx316jk0c73fl2p2xz81ljmx1-cargo-package-ndk-context-0.1.1.drv
  /nix/store/0md88ki4sw5k5b5pmvlai2yilrzxspfl-cargo-src-transpose-0.2.3.drv
  /nix/store/0mpqwxbhcsmv6ipafxhmxiia04p9cjik-unit-pipewire-pulse.service-disabled.drv
  /nix/store/0mq37a8kdgjs91vx02an25678ajhrdnw-cargo-src-dispatch-0.2.0.drv
  /nix/store/8w1y5k4d1ayps56q1svax6h78wapkfh3-local-cmds.drv
  /nix/store/vvfq1b96dmzbwjy26ipi0bd22my24isd-mounts.sh.drv
  /nix/store/0mydc2ypn0ydf16lgvw378hni1w8dj4z-stage-2-init.sh.drv
  /nix/store/0p8sz6m050cvh1ipcr4nmjp4b78jsvd4-cargo-src-async-io-2.6.0.drv
  /nix/store/0pg4ykvg3vmwyqj7psr5mmjq208k96b7-cargo-src-bit_field-0.10.3.drv
  /nix/store/0pkif9adpys0rbvr2g8dnvipc3s41r2h-cargo-src-calloop-wayland-source-0.3.0.drv
  /nix/store/k9rpk78m5dirmxsm4w3anzpcpd7d6vqj-etc-systemd-timesyncd.conf.drv
  /nix/store/0qkmlp3zzllch351701x5dfya0kg0km3-X-Restart-Triggers-systemd-timesyncd.drv
  /nix/store/b4pb3j2lqfyr92bvkaqwmb1wljfidl8k-cargo-src-downcast-rs-1.2.1.drv
  /nix/store/0rnlzaf05w9hjkviwvk0br12bqw30vcl-cargo-package-downcast-rs-1.2.1.drv
  /nix/store/a7jl6p4f8dr3cdccdmkb5n7cf31wwrg6-flatpak-state.json.drv
  /nix/store/0s8bj01b0359kl800sypwfz0kw2ygz9q-flatpak-managed-install.drv
  /nix/store/0vk2vjikdzvmcys4l9pxj64jy77w62a7-dri-pkgconfig-stub.drv
  /nix/store/0vqj1zy09vpxnliqqsmphgxhpxhb6zz6-cargo-src-glam-0.25.0.drv
  /nix/store/0w963vmzakmlqq52cmvg9wm3ya1zb2s2-options.json.drv
  /nix/store/y1a6b0057gkw13akp3bjz8nin6rb7qs5-cargo-src-read-fonts-0.35.0.drv
  /nix/store/0wrsx6mw1lxbh5r5fl0g2p2ysy1kf6bg-cargo-package-read-fonts-0.35.0.drv
  /nix/store/0x6kdcnj1vbniy1k0nyk2mxhw6va528a-cargo-src-svg_fmt-0.4.5.drv
  /nix/store/0xr17lr3kl4kyr23cvzc19a3kvdm5z4b-cargo-package-rustix-0.38.44.drv
  /nix/store/0xx1nn3mxvq3h510q6phjxxahcm8ilx8-steam-run-1.0.0.87.drv
  /nix/store/xa6c3zl73a4n0zk2lr9l0l5kpwqhbpc2-cargo-src-objc2-uniform-type-identifiers-0.2.2.drv
  /nix/store/0xy80m071jk1kpfjak73mnk4v09fxkbl-cargo-package-objc2-uniform-type-identifiers-0.2.2.drv
  /nix/store/wm31mqw3ch3xsp65flw7v9qw8xsh9rpf-cargo-src-half-2.7.1.drv
  /nix/store/0z72w06np8kp9k42948zrq6rz6wx4imq-cargo-package-half-2.7.1.drv
  /nix/store/0zi9w2kk906s1l42vnnglqmzni12nsm0-cargo-src-x11rb-protocol-0.13.2.drv
  /nix/store/0zqb84zgcd8vdxpiy4hc04xh9zpixfix-cargo-src-core-graphics-types-0.1.3.drv
  /nix/store/11s9130gmxb54bvf30sjlb208c11hxhr-unit-docker.service.drv
  /nix/store/12cj04pk0cifhaaj1lks70vqh0c27ah9-cargo-src-zvariant_derive-5.10.0.drv
  /nix/store/12j09cffsgsnijkiqxqc7kl3w7r6nm7y-rnix-0.11.0.drv
  /nix/store/12l9qqnwsyyd0jara4gz0kj5bmacha68-cargo-src-ab_glyph_rasterizer-0.1.10.drv
  /nix/store/v2igqzgad8qvwf6bzrc810n0zngw5iyy-wireplumber-extra-config.drv
  /nix/store/12rvi1ih4j77n45l9ma12bcgc9hvqgh8-wireplumber-configs.drv
  /nix/store/137a0050l5wwlwn8b312s4dww3ybj8m6-initrd-crypttab.drv
  /nix/store/2sr3xqy5gv758jjvqsykrfpzxqxm1c1y-cargo-src-libpulse-binding-2.30.1.drv
  /nix/store/13i76xfx2a04gjybrvbsrn2f7d36pyaf-cargo-package-libpulse-binding-2.30.1.drv
  /nix/store/4lscyyqrsrkk4jq6pdrdwdj3pq2hpybs-snmp.conf.drv
  /nix/store/iij4hhfsnlpcv85hf77c4xg86wpkl0fc-cups-progs.drv
  /nix/store/dxbc8n15pjlxnxc112x3azlfvhv8rby3-cups-files.conf.drv
  /nix/store/i8k66qw35fx7crz803w6bngw45709i3n-client.conf.drv
  /nix/store/lh5qky3f84k64bj3k2as56mhg3b04f5f-cups-browsed.conf.drv
  /nix/store/mjd6pz8511a8ll7x6pc09p79cpc09swd-cupsd.conf.drv
  /nix/store/d1jh050rkimakib7ffd7vsbpf8ws9zmp-cups-progs.drv
  /nix/store/13qqd651q78jry5n7wnl4znd532k04xa-unit-script-cups-pre-start.drv
  /nix/store/140b40p9m4225qp0ds9kdl5x8991910m-cargo-package-parking_lot-0.12.5.drv
  /nix/store/14gsm7pdlafqiqg5cfqa97r063yyrddw-full.distro.drv
  /nix/store/14hd406kpjd1i6np97yjzk3242y47602-hashbrown-0.9.1.drv
  /nix/store/d037l7qam19vfnsvvba7xdsdcv8gycnj-virtualbox-extpack-7.2.16.drv
  /nix/store/c598vyd2l6p7yd140k5q1i3pnb6gwjvc-virtualbox-7.2.16.drv
  /nix/store/6n3willl93vr7b28xl9az6sbc6mpn3ir-extra-udev-rules.drv
  /nix/store/isqrdxlnh9gg7f13i7sphs6falw9xg9f-extra-hwdb-file.drv
  /nix/store/qifp5hcv4n8v9xlld32g1lk6mis4vzgh-ipv6-privacy-extensions.rules.drv
  /nix/store/z37pvahxv4i27ljvy8mivxj9xqpi3fl6-ipv6-privacy-extensions.rules.drv
  /nix/store/zw87ia8zp2vp5xfgg0hw2g4wfjq833h6-udev-path.drv
  /nix/store/14nq3by3n4p9c87mhsnq5ywfhxi4798m-udev-rules.drv
  /nix/store/xr5irygv9966br3ym1qkvpgsvl6vjmz2-cargo-src-av1-grain-0.2.5.drv
  /nix/store/15a53jzb6rsvpbzzi20pr4wg76bybx0x-cargo-package-av1-grain-0.2.5.drv
  /nix/store/15lxmrkmncj3j9ifk2767j28zi58z4ln-unit-plymouth-kexec.service.drv
  /nix/store/16rglpbhjyxjhy1zm2x43fa18d0znjjd-cargo-package-tinyvec-1.11.0.drv
  /nix/store/17qd5alk4s0xrfa1x2v0pr7b20yc8q4h-cargo-src-wayland-protocols-wlr-0.3.12.drv
  /nix/store/182y7ikaaic5ffx39q0sh0h3cr2624f4-cargo-src-objc2-core-image-0.3.2.drv
  /nix/store/192qhi6xqkm158fw5227ma6s6b5d31c5-cargo-package-anstyle-1.0.14.drv
  /nix/store/19g2d5gnahxdskhwjslxmw5ny8i5q8nn-initrd-udev-rules.drv
  /nix/store/1bqnnzxkgys13bkzqd4kz95hf6ync10r-dummy-fc-dir2.drv
  /nix/store/4yjqcq2nn1rllsr91namha416ib7chl4-cargo-src-piper-0.2.5.drv
  /nix/store/1bwll9mr9bivb4c6dbrj4bxpyh2w8j0r-cargo-package-piper-0.2.5.drv
  /nix/store/qi7w37syv2d8zhwyy7757qyqw8jxrysw-teamviewer_15.80.4_amd64.deb.drv
  /nix/store/8wyvrr8j7myi3m3ypzr4n6nwv0s17ql1-teamviewer-15.80.4.drv
  /nix/store/ag4gl8yy4kkiaj9mqzv24ainfbaijwyp-lolcat-100.0.1.drv
  /nix/store/1d1yn2ba501mv3dkvf1xjnglfp9awmkh-lolcat-100.0.1.drv
  /nix/store/1r041jn002djyjdgn7fp988iqb7gsw5b-remapPathPrefixHook.drv
  /nix/store/3ba8ch0cbxhdmsvash4jhplcnsqsmmwh-installFromCargoBuildLogHook.drv
  /nix/store/3f6qyvwk9m8z2aax5rw0j2dvridin0hc-cargoHelperFunctionsHook.drv
  /nix/store/3c2n76flmx2l14dq3d1q3hm4kjsq7kqc-cargo-src-clipboard_x11-0.4.3.drv
  /nix/store/1djfjhwznwwhxvazmdjmni8qhlxy0agp-cargo-package-clipboard_x11-0.4.3.drv
  /nix/store/xyzx525wfp2s81nvy454sfy52z4s4i6s-cargo-src-skrifa-0.40.0.drv
  /nix/store/1fccxg1wcw5faq8xnh6l9045pf3m4ala-cargo-package-skrifa-0.40.0.drv
  /nix/store/xvm6adgqjq1bf7l5zsrrvq592fwrb9hd-cargo-src-strict-num-0.1.1.drv
  /nix/store/1jghadij5cblyn9478di47l862qlw3iy-cargo-package-strict-num-0.1.1.drv
  /nix/store/4i6wqhcgailbw405wgrdm3x0pq61ppxx-cargo-src-wayland-protocols-plasma-0.3.12.drv
  /nix/store/1lba241983kijahzp8cki6c1mf0bdpa5-cargo-package-wayland-protocols-plasma-0.3.12.drv
  /nix/store/1lqivqyc3lbbpgd8a2mhwl2w5zki66d5-cargo-package-portable-atomic-1.13.1.drv
  /nix/store/8rvrqdb7q2w9ycdy8wgk0f3ssw8gjq1b-cargo-src-async-process-2.5.0.drv
  /nix/store/1pckmk2afyychccrqhghygmsrjs5xwf9-cargo-package-async-process-2.5.0.drv
  /nix/store/z4c4iwjdkvyrjqicssac1ynzqjzwb5sq-cargo-src-gpu-allocator-0.27.0.drv
  /nix/store/1qz40jdlb8y1g6kw8x1lzr3sfqfpfif6-cargo-package-gpu-allocator-0.27.0.drv
  /nix/store/wpzbij5isnm2vnbvcln9sm97lyvv6kx4-cargo-src-zbus_names-4.3.1.drv
  /nix/store/22a8gadp2xgdfxsm8n95b79jzgv450kk-cargo-package-zbus_names-4.3.1.drv
  /nix/store/24anrf6svvm728g881fm63lmv9khwnc7-cargo-package-wit-parser-0.244.0.drv
  /nix/store/25pnjv29bw070sym44vb3500d40b06j8-cargo-package-wit-bindgen-rust-0.51.0.drv
  /nix/store/qhwsi5vskjnsijhpvnrd5sy4f3cq7jci-cargo-src-block2-0.5.1.drv
  /nix/store/298191j5s7p0fwp2vkwcxh03j7s46wq8-cargo-package-block2-0.5.1.drv
  /nix/store/2c3g0nv85fxhb9fmvz3l1vp0apksqcmy-cargo-package-hashbrown-0.16.1.drv
  /nix/store/w8aglw70naimp325qfj5zd1dkzwffwsp-cargo-src-objc2-core-location-0.2.2.drv
  /nix/store/2fdkk9pygm6cr391vg3m3s89a16phb3v-cargo-package-objc2-core-location-0.2.2.drv
  /nix/store/agp8wi7k2nfc6b2fdv204kfgz840zqgr-cargo-src-wgpu-core-deps-windows-linux-android-27.0.0.drv
  /nix/store/2hlh3f62624ckfsic1b70wd7fdvlibph-cargo-package-wgpu-core-deps-windows-linux-android-27.0.0.drv
  /nix/store/2jfrs41j764fjqpmpqdqg32jfb3j24pw-cargo-package-termcolor-1.4.1.drv
  /nix/store/dxvslzxy5l6sqx9lcxl0xwg4yksvp239-cargo-src-zune-jpeg-0.5.15.drv
  /nix/store/2k4wwlnspm4bw8gbff4i31kb58jg5890-cargo-package-zune-jpeg-0.5.15.drv
  /nix/store/2kygabpkv8i2l32nr8gjlvwdvpd64m88-cargo-package-aligned-vec-0.6.4.drv
  /nix/store/2l8gjr9fszwwf5cazlw7zgh44fj9gss4-cargo-package-static_assertions-1.1.0.drv
  /nix/store/y1h2v7dzkfclwq76ywfqw9x2mdip4583-cargo-src-redox_syscall-0.7.3.drv
  /nix/store/2m0xd7q91m1bnhmgzsq9c6rb3y90v7h6-cargo-package-redox_syscall-0.7.3.drv
  /nix/store/qdlcx1vsjfb29bkkzr96pxg7firfxyi5-cargo-src-objc2-0.5.2.drv
  /nix/store/2p4g4i01n3xg1ik5x8qlwzbwm3qc6pbw-cargo-package-objc2-0.5.2.drv
  /nix/store/2w5piqyh8mcqa9gv89c1dnaybvancvmj-cargo-package-bit_field-0.10.3.drv
  /nix/store/2xkbd3s0dinfy80qqg4rzhvnk28b2mrd-cargo-package-cfg_aliases-0.2.1.drv
  /nix/store/2y08aii5wsbwxk20fqz491l2jxh7gdaq-cargo-package-windows-sys-0.52.0.drv
  /nix/store/31kma373rragqk55xcnnpjnk3szxvlbd-cargo-package-jni-sys-0.4.1.drv
  /nix/store/97jrzhacm6vpqr60m2hvjxdyqbz618zv-cargo-src-xkbcommon-dl-0.4.2.drv
  /nix/store/31llb0n8j1nwfq7lx09f69lqg2jsq62l-cargo-package-xkbcommon-dl-0.4.2.drv
  /nix/store/4af4mn6y2ib6wxy0p2c6gblj07lfckx7-cargo-src-profiling-1.0.17.drv
  /nix/store/327pp2cx722x8l52cc9jy59hlhkfi3dj-cargo-package-profiling-1.0.17.drv
  /nix/store/34b2rzzspgq9p9diia6irwl0zpskw352-cargo-package-ordered-float-5.3.0.drv
  /nix/store/2871k5zqk0kikpvn7nd3lpkfhvbplsb0-cargo-src-y4m-0.8.0.drv
  /nix/store/381k24jsbxqa9y2x0nkcndqphr3p4jb0-cargo-package-y4m-0.8.0.drv
  /nix/store/39724w95984m093irv51x1scmb3d5n2h-cargo-package-wasm-metadata-0.244.0.drv
  /nix/store/bwfw5p4gizif9l6xiywv7vgw6wvz1sg0-cargo-src-tokio-macros-2.6.1.drv
  /nix/store/3b15m341a0pqni97sm0vpfbmqymlz50h-cargo-package-tokio-macros-2.6.1.drv
  /nix/store/3cbqj19470xm4qg151rh3q4lg209dbnb-cargo-package-getrandom-0.3.4.drv
  /nix/store/rfcmlpdlzah394ms66zf2cc4s3visx58-cargo-src-objc2-user-notifications-0.2.2.drv
  /nix/store/3db73lw2i38x6c1g07ks7zhmy7hvvc7v-cargo-package-objc2-user-notifications-0.2.2.drv
  /nix/store/3dj35qrphb2xz0fkhwihrwla7fq17jd4-cargo-package-fastrand-2.3.0.drv
  /nix/store/7nh0apanl1gpmm4hbvkw20c8l0lg6rkb-cargo-src-wayland-protocols-misc-0.3.12.drv
  /nix/store/3dqq07jh4gac6ghq7hrzznm5zir9z3jr-cargo-package-wayland-protocols-misc-0.3.12.drv
  /nix/store/3dxcd9pzfcdlxknxq9h01yjylxhpin11-cargo-package-tracing-core-0.1.36.drv
  /nix/store/nz3b28zc4xrhg70g8s6d3f2ndwi4kh3b-cargo-src-glam-0.28.0.drv
  /nix/store/3dxz5pf5jiqdl91rz48rasfhaa3br38r-cargo-package-glam-0.28.0.drv
  /nix/store/bgp3izx35q3h8j07i161k9dx03apiasc-cargo-src-tiny-xlib-0.2.4.drv
  /nix/store/3f0aapx7sh676pvbl7s07a72r460b8rx-cargo-package-tiny-xlib-0.2.4.drv
  /nix/store/3fqw2bfl90zf4sx7ginr7rrl971l62l9-cargo-package-r-efi-6.0.0.drv
  /nix/store/3gzak4mx502n1zjav31yynbqif9i7khq-cargo-package-wasm-bindgen-0.2.117.drv
  /nix/store/3hf5a7n1x00na8f1d33c3yfwk0wcmxg0-cargo-package-cfg-if-1.0.4.drv
  /nix/store/3hycwvx2w92zgqdwzai3348dfy0kllw7-cargo-package-winapi-0.3.9.drv
  /nix/store/3ia3v7jn8s113cz46jlplp2v6p6mhbd9-cargo-package-bit-set-0.8.0.drv
  /nix/store/3ibjh8x9qq84mcg8xsc820dph7k4ni0m-cargo-package-equator-macro-0.4.2.drv
  /nix/store/3jcc8anz6skp41ip153560as415b334f-cargo-package-event-listener-5.4.1.drv
  /nix/store/3jn2yws8ak8ai8w9h2dq8snmc7z7l6m9-cargo-package-autocfg-1.5.0.drv
  /nix/store/3kzvjbl1md241xvnq4r3nfhr8bh4fqhb-cargo-package-memchr-2.8.0.drv
  /nix/store/3mwqfbkipzkj7bs79wkn16mmxn1f8crh-cargo-package-futures-0.3.32.drv
  /nix/store/9hcigpf2150xyvy5ynszmivkg5girhgw-cargo-src-roxmltree-0.20.0.drv
  /nix/store/3xlkbzxlbxplnivbb9dhm317kzhzyzxr-cargo-package-roxmltree-0.20.0.drv
  /nix/store/4ykjvy7bh8gysm3ampb6vy67vnchkmmv-cargo-src-libredox-0.1.15.drv
  /nix/store/405yq85h3zh8s38w3rb2yzjra75l4yb6-cargo-package-libredox-0.1.15.drv
  /nix/store/yc6kjai99n6jd6dhyyrk9sxf3ma4fknf-cargo-src-ravif-0.13.0.drv
  /nix/store/406157bh3skjpgbr8ii991sz0s99m0m3-cargo-package-ravif-0.13.0.drv
  /nix/store/40d74a7880lqi2lgwk38mpb6jiwnxkg6-cargo-package-jni-macros-0.22.4.drv
  /nix/store/41ahb3h5wpcm1v05ipq6x7psj7frjqw2-cargo-package-thiserror-impl-1.0.69.drv
  /nix/store/bspva6rknf1nirlkdd3z7hr3xf1k1cvq-cargo-src-tokio-1.50.0.drv
  /nix/store/41v9xbhr3wda1rbzy6vpals95j2mmkw4-cargo-package-tokio-1.50.0.drv
  /nix/store/1fvni61fshy2cgjkprq5s5ln3wv2h9zy-cargo-src-as-slice-0.2.1.drv
  /nix/store/43nqml6ydxn6sbzyzcab0vvarl94iv9i-cargo-package-as-slice-0.2.1.drv
  /nix/store/gid5vq281hk9kip63bjkr5crmsclg37k-cargo-src-etagere-0.2.15.drv
  /nix/store/4586rr9abpg3l6zzxgmxjw09xiygc7wr-cargo-package-etagere-0.2.15.drv
  /nix/store/c62vilafz9n6397d2j05929vmy12c9jg-cargo-src-windows-interface-0.58.0.drv
  /nix/store/46pi4xrh8mzx80q23p652w8lrpsh52bl-cargo-package-windows-interface-0.58.0.drv
  /nix/store/q7hiz6dr5fxxxa0sj524j9n8wc7la4m2-cargo-src-num-0.4.3.drv
  /nix/store/4ac3k3x4p3gd4mz4c5n8bzfbsj2lbvg2-cargo-package-num-0.4.3.drv
  /nix/store/8k6bj6l7va35rynwfi565vmv2a11yy9m-cargo-src-objc2-ui-kit-0.2.2.drv
  /nix/store/4c7xmrmc9n6qasldz80ysfsjzl7zalvh-cargo-package-objc2-ui-kit-0.2.2.drv
  /nix/store/4csvd0692qhbyj9ann4lb3nlrdg2vw2w-cargo-package-darling_macro-0.20.11.drv
  /nix/store/4dhr4an14xv00j0ms3a7avqnibzc8mbq-cargo-package-smallvec-1.15.1.drv
  /nix/store/4f1i40lhjqwaci73ysjhdwhbc5akffzp-cargo-package-unicode-width-0.2.2.drv
  /nix/store/jakp9avbg70pm2wdbyphs12lkhyrsbc7-cargo-src-zbus_macros-5.14.0.drv
  /nix/store/4l4gy970r8qrn28gdqpgzqjj8hy8llr3-cargo-package-zbus_macros-5.14.0.drv
  /nix/store/5w7a3xv4sv2z6zxwsq0lcbx4n9p3pjbv-cargo-src-dbus-crossroads-0.5.3.drv
  /nix/store/4wgw7lh9gyid1mrasqak97g8jaq8blqw-cargo-package-dbus-crossroads-0.5.3.drv
  /nix/store/w8y2zz9pm1jiyi588gdh147spx3v511m-cargo-src-num-bigint-0.4.6.drv
  /nix/store/4y37w8v87266irfpzlzxi94n7xyk38wy-cargo-package-num-bigint-0.4.6.drv
  /nix/store/4z2z16w5jsd8mws20m9a728n4y6sr9da-cargo-package-crypto-common-0.2.1.drv
  /nix/store/gza1r1g26pk8za24irsq99w15r9cj902-cargo-src-objc2-link-presentation-0.2.2.drv
  /nix/store/4z47zwyda9vpzcihfpkvd6w36a0lg6v1-cargo-package-objc2-link-presentation-0.2.2.drv
  /nix/store/508n66cpjc6lyq5gjw2qg2w03mz1qics-cargo-package-regex-1.12.3.drv
  /nix/store/y5i09k7zqv8kwc8i7xb37fg2nq6rsi10-cargo-src-pin-project-1.1.11.drv
  /nix/store/532kg8m7micxzshrh0f6bjba5csq5d0k-cargo-package-pin-project-1.1.11.drv
  /nix/store/pwwbd074ymnmb10bhy7pncgwxm5przky-cargo-src-foreign-types-shared-0.3.1.drv
  /nix/store/584s7fy2lyxjlnkkpd3fdwiqgp3ri1f5-cargo-package-foreign-types-shared-0.3.1.drv
  /nix/store/7mmp7412rd0h1walmv8h0iwnsrnlr3pr-cargo-src-iced_wgpu-0.14.0.drv
  /nix/store/59jw5snqg8afz8zs7z6v90phn2rmyqhb-cargo-package-iced_wgpu-0.14.0.drv
  /nix/store/bgl11w5sfqpr5gjk182ir3551hyasqhg-cargo-src-ordered-stream-0.2.0.drv
  /nix/store/5a1109xllfhvxc243iprcv7496vpvhyw-cargo-package-ordered-stream-0.2.0.drv
  /nix/store/g36bavb6j488vzzfa3i60zrhm3fd2kl3-cargo-src-matrixmultiply-0.3.10.drv
  /nix/store/5a556qfyzjy2r50myzzs1ddsbfkc0vjl-cargo-package-matrixmultiply-0.3.10.drv
  /nix/store/ps1p5j1dd6nfkdy54whrn03if03mqkh0-cargo-src-jni-0.21.1.drv
  /nix/store/5asj6iraaq5is64lxszvbib2d93s2vba-cargo-package-jni-0.21.1.drv
  /nix/store/mnbzbaxy551k3bh8v52wdar4andzlprh-cargo-src-windows_x86_64_msvc-0.42.2.drv
  /nix/store/5cs9g2m503v75xfyszxnk5ycmailsyhx-cargo-package-windows_x86_64_msvc-0.42.2.drv
  /nix/store/n4050vqhjjpgjjd17sb8snkf70yiii4k-cargo-src-nalgebra-0.34.2.drv
  /nix/store/5dlxphpkypap44r5fwn47kgwb7xwnrzj-cargo-package-nalgebra-0.34.2.drv
  /nix/store/bx9rf2k1z08ksrqzwvm0c3gb66b1j8cj-cargo-src-nom-8.0.0.drv
  /nix/store/5dwaz4zd8h0bs9h0qwirac8gbg50by66-cargo-package-nom-8.0.0.drv
  /nix/store/5gy1vks0h3b5xp45nk8s58m2znzjxlgg-cargo-package-cpufeatures-0.2.17.drv
  /nix/store/5h0yq9m0wb2xaj7sxm65phlr0ric1g0g-cargo-package-same-file-1.0.6.drv
  /nix/store/5kcid3rjvsq2m98fx0ha9azix2jh7vg3-cargo-package-serde_json-1.0.149.drv
  /nix/store/5lmv91v6dsbg1m1x0zk1cp45j6c015k7-cargo-package-futures-io-0.3.32.drv
  /nix/store/5ls8zjqbg4zcf1ll7pmbibnyw7wd821c-cargo-package-anyhow-1.0.102.drv
  /nix/store/5n1rm2nisq31l33dzyjvr7d0c1w2gvj6-cargo-package-hermit-abi-0.5.2.drv
  /nix/store/5pvicp23z82zkv17p7i66696qdy21iil-cargo-package-tinyvec_macros-0.1.1.drv
  /nix/store/59x467mz26679i0akfd72g7ynjy8pjgj-cargo-src-image-0.25.10.drv
  /nix/store/5w0l400y2nmrlrcmqv2dbk5iqxjvk9sz-cargo-package-image-0.25.10.drv
  /nix/store/5wvdlhqj48hd4fblww7l9jnsf0jipm9p-cargo-package-windows-sys-0.61.2.drv
  /nix/store/63d408jv235s79qchk5iydsadij95gks-cargo-package-new_debug_unreachable-1.0.6.drv
  /nix/store/dp8n0vi54dbfq3h1k1q1qgv7xfnj5blv-cargo-src-fontdb-0.23.0.drv
  /nix/store/65adzy97v1m572iy153dqyq2gpx2vxdd-cargo-package-fontdb-0.23.0.drv
  /nix/store/67pj1xj6950v301zg8z7dpv7vn82a2n3-cargo-package-windows-link-0.2.1.drv
  /nix/store/phvv57zxin9vd6vls5hx9wdx57fy5vr4-cargo-src-sctk-adwaita-0.10.1.drv
  /nix/store/6a0zsihyxyn8pjdw4wyz9rj72vwrg2i4-cargo-package-sctk-adwaita-0.10.1.drv
  /nix/store/2aqjr2grdmkkxl68fmdap753fxf77xvq-cargo-src-inout-0.2.2.drv
  /nix/store/6d4pr2pf5hxvnbsdrvvr2qg373xnhlmd-cargo-package-inout-0.2.2.drv
  /nix/store/q571cmi7p7y1693l4j1nyq2cyhc1zv01-cargo-src-iced_runtime-0.14.0.drv
  /nix/store/6d833lbnim6y1c3hqyc7q6n227s6sa6i-cargo-package-iced_runtime-0.14.0.drv
  /nix/store/79r5y1b0pn5bakpj13nfzlbssp5s97g6-cargo-src-glam-0.14.0.drv
  /nix/store/6dsp5f1vcni1q74dg9jrk5kpfr4r712k-cargo-package-glam-0.14.0.drv
  /nix/store/qpqrzycq58pbdmk7iwf1dzr5cgfplgf7-cargo-src-glam-0.20.5.drv
  /nix/store/6fzxz0wm7vzx44zpnzvfjnpbw75bryz9-cargo-package-glam-0.20.5.drv
  /nix/store/jxlan2vyqp56ji9684l85889sam98cyb-cargo-src-glam-0.21.3.drv
  /nix/store/6hiq7cmcc6zld75w0wpwynfjgxsa4ddn-cargo-package-glam-0.21.3.drv
  /nix/store/n1g5crq8pkpq4gi3c6di1am8rcljqh3y-cargo-src-iced_widget-0.14.2.drv
  /nix/store/6i1k5y19q076j8142r2qyqsf4b7p07kj-cargo-package-iced_widget-0.14.2.drv
  /nix/store/hl17kp7w3wlxpby8glpby5wmlcwqi67j-cargo-src-byteorder-lite-0.1.0.drv
  /nix/store/6psh3p8ivgj26ypsp68r8gc473p6vrc4-cargo-package-byteorder-lite-0.1.0.drv
  /nix/store/i3jbvk5xi70jpdmq74xrqp64wj00www1-cargo-src-image-webp-0.2.4.drv
  /nix/store/6ql3glncajqim72axxam9aig8m6vh4sd-cargo-package-image-webp-0.2.4.drv
  /nix/store/rp5p046gpgfiahckkgdvv00hxfjcmrnb-cargo-src-imgref-1.12.0.drv
  /nix/store/6rkhzfpixavbs5zva84z42zpkcln7ygi-cargo-package-imgref-1.12.0.drv
  /nix/store/cip0jfylsjm5qza83631mk47mpfqzr2l-cargo-src-enumflags2-0.7.12.drv
  /nix/store/6rxzp4zdxgqi49j59x0i37ris28d17mj-cargo-package-enumflags2-0.7.12.drv
  /nix/store/8yww0mb86xrdmjs3wxdpa3bi37mkp7yz-cargo-src-rav1e-0.8.1.drv
  /nix/store/6sfaz3zi8ciyvn6r21cw0dka7sd2v59y-cargo-package-rav1e-0.8.1.drv
  /nix/store/rgcbl9lvihjkavnpwk7f5s8bmzi2k4c4-cargo-src-moxcms-0.8.1.drv
  /nix/store/6vd18yhv5fsggixrssykndrcdif6wlsp-cargo-package-moxcms-0.8.1.drv
  /nix/store/5sj9cb3fi1riwm8n6mgp5ccmcnwryixp-cargo-src-libdbus-sys-0.2.7.drv
  /nix/store/6x3vqhj822y3xvq0daf3yjy5am95mapn-cargo-package-libdbus-sys-0.2.7.drv
  /nix/store/vi3b35kn39fd1amp79rviw7igv6w4s3f-cargo-src-windows-sys-0.45.0.drv
  /nix/store/6yspwzhambqqpzycyzqyx7hdsz6n8bnb-cargo-package-windows-sys-0.45.0.drv
  /nix/store/73zhpzw2nwysfx0c36my3pg796aa6jy2-cargo-package-rustc-hash-2.1.2.drv
  /nix/store/ymm6bw9by666zw2pypisibxfd08ahcq8-cargo-src-wayland-backend-0.3.15.drv
  /nix/store/7aqyqz7gfq1c9cc8dqgp0474ixgx3g6p-cargo-package-wayland-backend-0.3.15.drv
  /nix/store/yfiqx8a7zlj86z8x6yrpgj9w77j2x7mz-cargo-src-xcursor-0.3.10.drv
  /nix/store/7gfzkb4wx66mk97hf9fl224lqr5j5gbb-cargo-package-xcursor-0.3.10.drv
  /nix/store/7h7icsc8rqhwk0znn49b6yi7jgnirhb7-cargo-package-num_enum-0.7.6.drv
  /nix/store/z87vplk52z6va1g5628cdl5bjihks83q-cargo-src-loop9-0.1.5.drv
  /nix/store/7m36j1iqa782p5fz4m686v7zavsldzsb-cargo-package-loop9-0.1.5.drv
  /nix/store/p7p3j2l7xqlllwlq8sw690dzd56pihm2-cargo-src-imageproc-0.26.1.drv
  /nix/store/7mbp2jrkar3hjzhzvvn8piw8dmqraa4p-cargo-package-imageproc-0.26.1.drv
  /nix/store/kxhjzddkyhi54sysm69i4hy9k5m04yph-cargo-src-wasmtimer-0.4.3.drv
  /nix/store/7nbgzb8zn3c46h9k5xbvr968xmv1d99i-cargo-package-wasmtimer-0.4.3.drv
  /nix/store/7nyvazc0h499snqkbd1wqszjd3c3d7mp-cargo-package-objc2-core-image-0.3.2.drv
  /nix/store/7ps299qk9k1kmzg7625qjz4byr0xkjkh-cargo-package-num-integer-0.1.46.drv
  /nix/store/qnn149pss51s1s4c7bmswgganmaxqcwn-cargo-src-bytemuck_derive-1.10.2.drv
  /nix/store/7s2085fhhc3rk6vy6xv8l0mqvmjjkn47-cargo-package-bytemuck_derive-1.10.2.drv
  /nix/store/scgx6gsmqlnfmkx3dw2r85ywqfa0sprj-cargo-src-windows_x86_64_gnullvm-0.42.2.drv
  /nix/store/7smqls310p6wgd9yqy9s27zi466an30r-cargo-package-windows_x86_64_gnullvm-0.42.2.drv
  /nix/store/7ssawhs32jgd285dn7nnhgfs7z9j0dlr-cargo-package-env_filter-1.0.1.drv
  /nix/store/7d3864qx1kkkxanawrqiy1m7fcg4qqqd-cargo-src-gpu-alloc-types-0.3.0.drv
  /nix/store/7zfh9xwpl2fa3q0wpwa592g5qfwcbg61-cargo-package-gpu-alloc-types-0.3.0.drv
  /nix/store/8056gly8wli538293n829l34pqbzjf3g-cargo-package-scopeguard-1.2.0.drv
  /nix/store/zs27grsqg4vlrbpvsaf6szy2aqkjzxk0-cargo-src-enumflags2_derive-0.7.12.drv
  /nix/store/80cgcdw700vha6xsgpmhyr93sg4hsvjy-cargo-package-enumflags2_derive-0.7.12.drv
  /nix/store/zsz3lb1dcyik47vihdnwicvsskmnhj80-cargo-src-range-alloc-0.1.5.drv
  /nix/store/80hvbxs7aihxaq4cb3j4qc43gbc6skan-cargo-package-range-alloc-0.1.5.drv
  /nix/store/84lj1ffamcb9b4c1mwdxyl180d8c4mk1-cargo-package-zerocopy-derive-0.8.48.drv
  /nix/store/86xm7yw6p1xylkj3y07w5zi1ysynda7i-cargo-package-wit-component-0.244.0.drv
  /nix/store/89z53sxfy33n17bw1a2pgidfay9qnm1w-cargo-package-foldhash-0.1.5.drv
  /nix/store/8dia0h9b9qpafsv67f4vnb3f3y0c15yp-cargo-package-unicode-xid-0.2.6.drv
  /nix/store/8dvg0hjd1b8nsddpl40cl4svappg59d3-cargo-package-proc-macro-crate-3.5.0.drv
  /nix/store/8hx27v0y4p4drma6hjcbyif6v2k8c289-cargo-package-nix-0.29.0.drv
  /nix/store/xyp8lx69kwvsiimswmxhsmdaarahpw1a-cargo-src-fax_derive-0.2.0.drv
  /nix/store/8inbrl0bqa0x37wzv6w7d274hb423f6g-cargo-package-fax_derive-0.2.0.drv
  /nix/store/78v77pqp7d30lczr8l4nps1izpvzxcw2-cargo-src-async-signal-0.2.13.drv
  /nix/store/8lla1hcp4xkr8d9cpiy70s591mrp8slx-cargo-package-async-signal-0.2.13.drv
  /nix/store/dr0xjxvimcn8q9pfcashkb5bs1pcjwr0-cargo-src-jiff-static-0.2.23.drv
  /nix/store/8mr8w78fkq64y43c02hcijxzia660ri8-cargo-package-jiff-static-0.2.23.drv
  /nix/store/zdva5369ksvyc8mm55m8is57m4pd41k2-cargo-src-smithay-clipboard-0.7.3.drv
  /nix/store/8r3nprlwv4mk1nci56cg8qj3gvddqjjm-cargo-package-smithay-clipboard-0.7.3.drv
  /nix/store/gp55wm1rbql0jz36f7ysmljxyb9mq8ww-cargo-src-avif-serialize-0.8.8.drv
  /nix/store/8rz1ni4j0hgmjfl3nzdiplmanzkz914h-cargo-package-avif-serialize-0.8.8.drv
  /nix/store/8smph5nvg69764n8avgd0j4zm5i7smmf-cargo-package-wit-bindgen-core-0.51.0.drv
  /nix/store/8wc21yg1635cgj8aqx4lk22frh7i0sp7-cargo-package-regex-automata-0.4.14.drv
  /nix/store/8wga5nkqd6l7wb3wnzp43zlykwd9bqy7-cargo-package-hex-0.4.3.drv
  /nix/store/91n7wg3rc866kd6k3npjq9dwb6gkdmb8-cargo-package-windows-sys-0.59.0.drv
  /nix/store/932bh31wi4bdp76mpmyn3kp9ik12spmy-cargo-package-jobserver-0.1.34.drv
  /nix/store/946ij5bwhx4d6vajnfciciq2b8gmj6f2-cargo-package-windows-result-0.4.1.drv
  /nix/store/mxvsb2mzcbniriqpal9y8ipakmrfk1hx-cargo-src-calloop-0.13.0.drv
  /nix/store/94fvwng4119rr7qkaaa6qsz6p8l43c3w-cargo-package-calloop-0.13.0.drv
  /nix/store/if7rsjwp7b8384iv5wf2s4xai8hxky5k-cargo-src-fax-0.2.6.drv
  /nix/store/97m7c9jx1r75fx4i67ly4kkskwsvikwk-cargo-package-fax-0.2.6.drv
  /nix/store/981ag0xbm0slwpkq0zvbny624k953dzc-cargo-package-wasip3-0.4.0+wasi-0.3.0-rc-2026-01-06.drv
  /nix/store/68ma6n3vrgxg9gwiwlg0sca63d5sxdd9-cargo-src-calloop-0.14.4.drv
  /nix/store/9bcdy24qsf6rq9d1rq2smjz27bz3wc3v-cargo-package-calloop-0.14.4.drv
  /nix/store/9bjg6yxyylm5mkld8a0zqa9423f3ax20-cargo-package-is_terminal_polyfill-1.70.2.drv
  /nix/store/n6981w7wcbswar7p4a0nrh3bzddhafq5-cargo-src-read-fonts-0.37.0.drv
  /nix/store/9cl09xbvfdz7358gcibrc9pzhzp6dj3w-cargo-package-read-fonts-0.37.0.drv
  /nix/store/9fap7af3m8p133gr7rhqxb6dk77h0hbv-cargo-package-windows_i686_msvc-0.52.6.drv
  /nix/store/dpcds7d0mmsy5l0znp1qkd9w8k2l675q-cargo-src-kamadak-exif-0.6.1.drv
  /nix/store/9hn1c38235lj6i2wjmq4013xi3wd3b2q-cargo-package-kamadak-exif-0.6.1.drv
  /nix/store/9r1a9l2klbf8cbh061pjr88clf4yvmb3-cargo-package-once_cell-1.21.4.drv
  /nix/store/vb2l6a6bvnkfc51mdnqcsliy3q4879b2-cargo-src-libloading-0.8.9.drv
  /nix/store/9sh99qbbnggf9wxsjgvw6cra2ihy9alx-cargo-package-libloading-0.8.9.drv
  /nix/store/cnm3mw1scr7xhqcry9vx46pl7hrvv5wr-cargo-src-strum-0.26.3.drv
  /nix/store/9x491lk8aslskjdfsk5m9g67m9wsicns-cargo-package-strum-0.26.3.drv
  /nix/store/9yx6j94cdni22pq6s7a15781kka1whil-cargo-package-unicode-bidi-0.3.18.drv
  /nix/store/86i3f71p8a7hmif2sxs8l44qcg2qlsln-cargo-src-wasm-bindgen-macro-0.2.117.drv
  /nix/store/a4599i84424ksvqk2jk9a51b7ibsx1bs-cargo-package-wasm-bindgen-macro-0.2.117.drv
  /nix/store/a4cs2laaa5j79i8hw4hlw3cpg6pbbv7a-cargo-package-svg_fmt-0.4.5.drv
  /nix/store/a5i5cyf7sh80r3vk5fqznavwj8a3vm5x-cargo-package-wgpu-core-deps-emscripten-27.0.0.drv
  /nix/store/9ik6jx673v7gqnibn1cf2gznl7viamyy-cargo-src-custom_debug_derive-0.6.2.drv
  /nix/store/a5ijs4nhbmy21bdhxffkxjd2iwxk4nl2-cargo-package-custom_debug_derive-0.6.2.drv
  /nix/store/a7444xc18izchm4pl22s8wqrispyni6q-cargo-package-proc-macro2-1.0.106.drv
  /nix/store/jl2ra1p1vcm0pqjgcr1xw5z8rkbcbl95-cargo-src-aligned-0.4.3.drv
  /nix/store/a7kxjil1vpsdjg9ipkznmxq06617r2g5-cargo-package-aligned-0.4.3.drv
  /nix/store/a82di9i8x6rhb0vwrjdkr0x2q7idgc63-cargo-package-async-trait-0.1.89.drv
  /nix/store/phby8amgd5yr67dihzl6z2gh5m28rw2y-cargo-src-dbus-0.9.10.drv
  /nix/store/aasfhbfsswy7whmn2dl8zijhdld6l9zv-cargo-package-dbus-0.9.10.drv
  /nix/store/pw5j95k0a8s389jnc7jq6qamm0w5qx0x-cargo-src-windows_aarch64_gnullvm-0.42.2.drv
  /nix/store/abjmn3lqvj7l1n82ib7rjz37kfvk5qwh-cargo-package-windows_aarch64_gnullvm-0.42.2.drv
  /nix/store/fnmn5jffk6ybp0y653dp9qqd237b42bz-cargo-src-polling-3.11.0.drv
  /nix/store/agcbhxbb5qd9rqm60m1n3f3h6as1szqi-cargo-package-polling-3.11.0.drv
  /nix/store/m8cqs5hq9h0sn6gfi4df3gy3mvy46b7n-cargo-src-slotmap-1.1.1.drv
  /nix/store/ah6rppv2ksasw7kjjpjxy0390v0ahrsl-cargo-package-slotmap-1.1.1.drv
  /nix/store/ahyj527qcjk6vm1pwmcarwv5dpd0nxwb-cargo-package-windows_i686_gnu-0.52.6.drv
  /nix/store/5lgnm6vcrlzrl007z47j8wac5h3x0v11-cargo-src-wayland-protocols-experimental-20250721.0.1.drv
  /nix/store/ajfbdcqh8228hxyf8057zlsam0ki0k35-cargo-package-wayland-protocols-experimental-20250721.0.1.drv
  /nix/store/akmlb4bbjmnl6ryhr1lnvhxgxp1j0ffw-cargo-package-serde_repr-0.1.20.drv
  /nix/store/am3zvnc5nvwsqirp04qkwgim869xx1zj-cargo-package-rayon-core-1.13.0.drv
  /nix/store/apq9i2vg819qxymh5b759d2bxidp982q-cargo-package-log-0.4.29.drv
  /nix/store/mng72mlap4fiwrnxqb5fqdn6jxxcfqcn-cargo-src-bluer-0.17.4.drv
  /nix/store/axkrydj5bv11hx7dy16ny7p6vb8csii7-cargo-package-bluer-0.17.4.drv
  /nix/store/axs68db596rbcjpnm95gld9gard5dvsh-cargo-package-itoa-1.0.18.drv
  /nix/store/dnwf0iskyfs9yf2qhkrnlz0lkhix7kkr-cargo-src-x11-dl-2.21.0.drv
  /nix/store/b3gjl18033k3lnc6aphawidpxn0apkkf-cargo-package-x11-dl-2.21.0.drv
  /nix/store/sg6mr2f6wmlk7x48xzmizw3xdy2bh3w7-cargo-src-pxfm-0.1.28.drv
  /nix/store/b3xck56v4y6zvq5qbpy3lk8ns1na1w3p-cargo-package-pxfm-0.1.28.drv
  /nix/store/3qwjmmq8ia2a8fxmqsz0xlgyxnqdjmvk-cargo-src-clap-4.6.0.drv
  /nix/store/b6z1bqcfxbrln47s13hf442ng7dbd38f-cargo-package-clap-4.6.0.drv
  /nix/store/b7v89nvk9fb933l5v7bip9dbkj6dgd6m-cargo-package-hashbrown-0.15.5.drv
  /nix/store/jzl1j2p089c82z7f8ly2mxxi13qd9scq-cargo-src-async-task-4.7.1.drv
  /nix/store/b878cgy9q20gys4j4sg609z3v0c11ma0-cargo-package-async-task-4.7.1.drv
  /nix/store/bap81bwan9kcirmr6x3r3v1g1g33zbg5-cargo-package-transpose-0.2.3.drv
  /nix/store/8hvl5hb8pmbhhgisywwbhmly18lyb39w-cargo-src-aes-0.9.0-rc.4.drv
  /nix/store/bayzscy09qwl844dmcjjxz48gflifig6-cargo-package-aes-0.9.0-rc.4.drv
  /nix/store/42krd8lizfcsjyc4qzdqjlfj8qmygavw-cargo-src-calloop-wayland-source-0.4.1.drv
  /nix/store/bb43dlfx48bhc7g75ana7bbmc8pndy1q-cargo-package-calloop-wayland-source-0.4.1.drv
  /nix/store/1sy67qfgi2181l31x8709dzhaqnfssxk-cargo-src-font-types-0.10.1.drv
  /nix/store/bbqh2g63z29671pc6rlvvvdsx4i8wxzl-cargo-package-font-types-0.10.1.drv
  /nix/store/bdlahlkj2krsdphg3cqhsfbx3aywd1hb-cargo-package-futures-task-0.3.32.drv
  /nix/store/bh2lgyf46xsnzaxp83ka2w7xr4m3abzb-cargo-package-either-1.15.0.drv
  /nix/store/y3z6xnd7hs9dnpnw64smv40m4wy28kh1-cargo-src-windows_i686_gnu-0.42.2.drv
  /nix/store/bibilbvwz3wsngz64bsyvvdzwmhyg33x-cargo-package-windows_i686_gnu-0.42.2.drv
  /nix/store/bs3c7mhrg92bgaypii2v2gnmaxiqm2js-cargo-package-combine-4.6.7.drv
  /nix/store/bvdqpq0hjndv7yrpd615yr7bpdyhdnws-cargo-package-windows-core-0.62.2.drv
  /nix/store/c0g4i82civmf61q0l03j9gqd1r63gnkr-cargo-package-serde_derive-1.0.228.drv
  /nix/store/47j93bpx2r9zzr65wq5ydm2avlphpp7x-cargo-src-xkeysym-0.2.1.drv
  /nix/store/c0lcn8fixpr0kp02jywy09dcjc1kxb8l-cargo-package-xkeysym-0.2.1.drv
  /nix/store/c0n9c9vp7fi2dc1aiid40d91508w4f9k-cargo-package-socket2-0.6.3.drv
  /nix/store/c12h18yy7g0r2yqvqnnajjcqsyvp9ajs-cargo-package-windows_aarch64_msvc-0.52.6.drv
  /nix/store/qm54inl54jh22z065qmrfbhrnpxzh2n3-cargo-src-mundy-0.2.2.drv
  /nix/store/c1sb5fmyb9njmn5hr96f8mnqz9pvz4xc-cargo-package-mundy-0.2.2.drv
  /nix/store/7wq5zcv41f5l0l5k1vr4l0f6dah15y1q-cargo-src-av-scenechange-0.14.1.drv
  /nix/store/c522jlrvrgasvq9y8cxca80djacgij3x-cargo-package-av-scenechange-0.14.1.drv
  /nix/store/fng9i69q90wilzlky0jghwxl8n7hjq94-cargo-src-cpubits-0.1.0.drv
  /nix/store/c81b39wkzqx178pbii8yibqqxbh86plh-cargo-package-cpubits-0.1.0.drv
  /nix/store/cb32v2vh1g88x7rwhm0fsvy012gwfb8s-cargo-package-simd_cesu8-1.1.1.drv
  /nix/store/cbxmnddybx39v1jz10my82znax7l8z4a-cargo-package-version_check-0.9.5.drv
  /nix/store/yh0yzz2jn7wnvkf34z78sklbwqcgkz4j-cargo-src-web-sys-0.3.94.drv
  /nix/store/cc8ajpy0i2zb4fnvqxhfgnsq0zh9d5dk-cargo-package-web-sys-0.3.94.drv
  /nix/store/cd3va53vv7k0cccd6qvr0jx5rdc4fsk4-cargo-package-num-iter-0.1.45.drv
  /nix/store/cgfd5gkipc818cyfcxrcd1k28z1cnkg5-cargo-package-toml_datetime-1.1.1+spec-1.1.0.drv
  /nix/store/n89dzr6zgc43wgv6s3kis7rjbdv2v2sm-cargo-src-libfuzzer-sys-0.4.12.drv
  /nix/store/cip5zlb22325h027klv3j47cpf9dzlyq-cargo-package-libfuzzer-sys-0.4.12.drv
  /nix/store/72qhhzs1sdwwyw6vqbw9a5zby7ha0gqq-cargo-src-pastey-0.2.1.drv
  /nix/store/cpmnz0lf089n0p8hy8m13g1xlljqdnw1-cargo-package-pastey-0.2.1.drv
  /nix/store/6jq6br7cwy6k4x1pzrn2cz9a93k8jqj8-cargo-src-blocking-1.6.2.drv
  /nix/store/cpwgxplvxmagv1c17rzd9g7f7ssv7dmb-cargo-package-blocking-1.6.2.drv
  /nix/store/cr5pnwl3azl6hqghnp5kqc793qf1cg1i-cargo-package-bitflags-1.3.2.drv
  /nix/store/386vc18g0madiadbhgyn46pdmxi5hpp8-cargo-src-windows-result-0.2.0.drv
  /nix/store/cs6ppcqb7lfhi45y4aci74hxm9xbvwva-cargo-package-windows-result-0.2.0.drv
  /nix/store/9dc25d6l66343grxm30npb4mdlkfz47g-cargo-src-simba-0.9.1.drv
  /nix/store/csy9f5x5bhs8iyiism85nmfqzddzwx0r-cargo-package-simba-0.9.1.drv
  /nix/store/d8bhryhwkpwlwiml443qidyndb73nh4m-cargo-src-scoped-tls-1.0.1.drv
  /nix/store/cwmdqfnsbnpshc32z9rxxw16v7g06qii-cargo-package-scoped-tls-1.0.1.drv
  /nix/store/n016xg8qdvk8wa18jf8vh0345w529qyz-cargo-src-num-derive-0.4.2.drv
  /nix/store/cy5qsvviab3lgk5v324byvys4i3rr7i0-cargo-package-num-derive-0.4.2.drv
  /nix/store/n322364x5ycw19h8nl00h5svsshqvgpm-cargo-src-glam-0.29.3.drv
  /nix/store/d00knylsbifyjzgl0vnlmxv214rzyzv8-cargo-package-glam-0.29.3.drv
  /nix/store/d1njpn4zs1qwhxx7mpk2y5qfqdqh1njv-cargo-package-num_enum_derive-0.7.6.drv
  /nix/store/d5n6nj55gv3vg19mb0b3n3awa0zz50nw-cargo-package-ident_case-1.0.1.drv
  /nix/store/qhajwjkjxbshd0wrz823c4abk5w61mb9-cargo-src-simd_helpers-0.1.0.drv
  /nix/store/d69rrk1v7alljacgvp0i5xyjwasik0yi-cargo-package-simd_helpers-0.1.0.drv
  /nix/store/5wx2rabwqbrw54261pf6rjvasqvkwdkj-cargo-src-gif-0.14.1.drv
  /nix/store/d7vy2h7nvfjhsfmalasyrnjk7ya7sm11-cargo-package-gif-0.14.1.drv
  /nix/store/iqvci9f151iail9247hs32n7iq3v1wcd-cargo-src-euclid-0.22.14.drv
  /nix/store/dak9rx431x9bhkpwycx5yxrqpamndzxi-cargo-package-euclid-0.22.14.drv
  /nix/store/6fxfgvbsx8ay61fsps2p2h3wwyq6h63p-cargo-src-zvariant_utils-3.3.0.drv
  /nix/store/df6bk2fv7vazri3gik91da5q42cl9ml0-cargo-package-zvariant_utils-3.3.0.drv
  /nix/store/dfyqhhpr1w4n2g3i96fzfqcmqy85nri7-cargo-package-libm-0.2.16.drv
  /nix/store/di78z0b6mnmsllf7wb4rx3k55khizdvr-cargo-src-orbclient-0.3.51.drv
  /nix/store/dhpnyzld4qm77nc45z4jznrkxxdxncnn-cargo-package-orbclient-0.3.51.drv
  /nix/store/dipnm87yq8zrkn0psjqvlaa0y1mmimzp-cargo-package-memmap2-0.9.10.drv
  /nix/store/gmqj109ngjlflqhmxw6dal36bv039vwg-cargo-src-iced_core-0.14.0.drv
  /nix/store/dla2iml2xz0by4zm26ncav9iz5jq8zdj-cargo-package-iced_core-0.14.0.drv
  /nix/store/dllajgx9cvspvr5xqsfgizasgpd64j5y-cargo-package-num-traits-0.2.19.drv
  /nix/store/dm3jpfw9azx4jnfqi7fh2l5qrl3x5qc1-cargo-src-objc2-core-video-0.3.2.drv
  /nix/store/dpqlbwi9mkjlm981jnh958p317si90qh-cargo-package-objc2-core-video-0.3.2.drv
  /nix/store/dq90hahpxv6a76v7q5vaq33gzviwwigj-cargo-package-windows_x86_64_gnullvm-0.52.6.drv
  /nix/store/xd0i1hiwsw3a7cc164q51ik5d84wzwh5-cargo-src-glam-0.30.10.drv
  /nix/store/dsxlmvw10s2jc154lam2vfnrslmvsqbx-cargo-package-glam-0.30.10.drv
  /nix/store/2i91gkngfrp8a11brdqn4da5xhypv73p-cargo-src-skrifa-0.37.0.drv
  /nix/store/dz0qnm610xiqkxgn09qwb2bzx57kbi89-cargo-package-skrifa-0.37.0.drv
  /nix/store/f0za3hxfx31wsy70s44bq8idp4jqbny2-cargo-package-rustc_version-0.4.1.drv
  /nix/store/f1vfwas68swprmcrb22ksg3ph3lxjhli-cargo-package-r-efi-5.3.0.drv
  /nix/store/7a52i87n5ifh54nygp4amy2p2fwwhnvw-cargo-src-exr-1.74.0.drv
  /nix/store/f338sa3d85zfc7z9l2kcg07h81flx8ml-cargo-package-exr-1.74.0.drv
  /nix/store/79hmmjgjy4qd6yl10095i7qqqjlfvyn0-cargo-src-objc2-0.6.4.drv
  /nix/store/f43fl2gi4zyxg2xl25kws6pggd2a3dd0-cargo-package-objc2-0.6.4.drv
  /nix/store/20i2f91m869knvlg0vvlb6lq4y0japiw-cargo-src-core2-0.4.0.drv
  /nix/store/f7cj629br5cwgnl5d7l96dnb90pmpg2q-cargo-package-core2-0.4.0.drv
  /nix/store/f7jdjisjni13jydb87b8g77sbsrhk3gg-cargo-package-serde-1.0.228.drv
  /nix/store/qv783m5r25mha5ljb1x5kc0s13bn8i8p-cargo-src-windows_i686_msvc-0.42.2.drv
  /nix/store/faibwmmk81hpjpnjiv54rxwcr1dvvmvq-cargo-package-windows_i686_msvc-0.42.2.drv
  /nix/store/v7sq11p0w0vl9dc7bbpfyqjbc85pxb1d-cargo-src-event-listener-strategy-0.5.4.drv
  /nix/store/fc7ys71qcjnqb2g8cka5za3n8ic6zsks-cargo-package-event-listener-strategy-0.5.4.drv
  /nix/store/fcb7mw4gnm1wdfacwabwmiqbf9mk0s20-cargo-package-dispatch-0.2.0.drv
  /nix/store/fckz3zpyl54wjqynk6ksrw200j06x6yq-cargo-package-id-arena-2.3.0.drv
  /nix/store/fdkc1sq0hg6wys6ziiri86qwhbww7dg9-cargo-package-pin-project-lite-0.2.17.drv
  /nix/store/ffsz5vpkdw0p86ldyzv9dw282f5zyb6f-cargo-package-ab_glyph_rasterizer-0.1.10.drv
  /nix/store/i8zd3d5p26l1rdws9zrjbshl0ljxszp4-cargo-src-tiny-skia-path-0.11.4.drv
  /nix/store/fhygwcm8qg5lnxr8c76smnm677id8wbd-cargo-package-tiny-skia-path-0.11.4.drv
  /nix/store/6dzw7zhgg0pf2fbvyyn8c36daf7p062w-cargo-src-tiny-skia-0.11.4.drv
  /nix/store/fjcjj0g0crsbwyannza0awpq5np06zn5-cargo-package-tiny-skia-0.11.4.drv
  /nix/store/6kh142g4ipcq1mwf7qs4rv2634g2rlyn-cargo-src-windows-0.58.0.drv
  /nix/store/flgqkm6kjckp2saw0ds7a9lw5zs570y0-cargo-package-windows-0.58.0.drv
  /nix/store/fmf999wnbwd0cm4g893gxxza038plidp-cargo-package-windows_x86_64_gnu-0.52.6.drv
  /nix/store/fp5yfwynvk1qmjjxlsa422lqd32rmfc0-cargo-package-futures-macro-0.3.32.drv
  /nix/store/cwl5vlvjvmcpi7y1wyiz9avbiv0iy2bf-cargo-src-winnow-0.7.15.drv
  /nix/store/fpx0z33fi84jxfwdw7csfqbxvnlsa9gp-cargo-package-winnow-0.7.15.drv
  /nix/store/fq4kbsi5jvdy49w9dmizn5xv91l157ny-cargo-package-unicode-linebreak-0.1.5.drv
  /nix/store/fr4lh5ha6zpyp2iv24h6i88cmqx4x7vh-cargo-package-unicode-segmentation-1.13.2.drv
  /nix/store/fw5qk0j8dki84n4q7yjijj2rylc7vsmk-cargo-package-ahash-0.8.12.drv
  /nix/store/fpjfvfqzxi864ylrqb1nvf5048lchhrw-cargo-src-windows-implement-0.58.0.drv
  /nix/store/fw72prcphxxvrr2ifh0jwbz45yvxyciw-cargo-package-windows-implement-0.58.0.drv
  /nix/store/r9xvf74m19hbfabb54w83kaaycrr044z-cargo-src-document-features-0.2.12.drv
  /nix/store/fwxpj3gn7fxrd3875zx41kivsr2n2rwz-cargo-package-document-features-0.2.12.drv
  /nix/store/cp8kq0r5k65n9yxfgk0fcgx9cs6pwhl5-cargo-src-rustfft-6.4.1.drv
  /nix/store/fx8jrikw0zbysnw2j6q908859rarxsxb-cargo-package-rustfft-6.4.1.drv
  /nix/store/fxbd4ms8iaqj54aip7ybs57ns26wwhqm-cargo-package-jni-sys-macros-0.4.1.drv
  /nix/store/g4h31hhjy19v0v23219v5dwxr15qsp6h-cargo-package-anstyle-query-1.1.5.drv
  /nix/store/8hfwvqy3hl44h8196n40yimqb9l8k25w-cargo-src-rustc-hash-1.1.0.drv
  /nix/store/g4klbiba5kpjxq311kjg52w1pk2wf68c-cargo-package-rustc-hash-1.1.0.drv
  /nix/store/g4xsva3byyxb5mfm1h4i800qxx0m5941-cargo-package-slab-0.4.12.drv
  /nix/store/s3k8pk7dqc10mygw5vcqdma4kzgw2glj-cargo-src-metal-0.32.0.drv
  /nix/store/g5186f6y5kzak20zqvyfvzifh4xdlmhj-cargo-package-metal-0.32.0.drv
  /nix/store/v7mki7py2f4lyfi17gnlmz3nh6ijflyi-cargo-src-custom_debug-0.6.2.drv
  /nix/store/g55cdrmhywa7v38v55f42g3p3ldixwzx-cargo-package-custom_debug-0.6.2.drv
  /nix/store/rj89w97q9ywzr4227ykk8qa1gg0a31sw-cargo-src-yazi-0.2.1.drv
  /nix/store/g6qrk2c3hchk19axwkjsp2brnf13sglr-cargo-package-yazi-0.2.1.drv
  /nix/store/27y6viryia293dxssj2smi8lwhjb8nfm-cargo-src-renderdoc-sys-1.1.0.drv
  /nix/store/g7bvq71zqr9jnliyf1zqiacyzqzr42yq-cargo-package-renderdoc-sys-1.1.0.drv
  /nix/store/p8ky7c386ll1aq636g90lr1dlq7ma3fr-cargo-src-block-0.1.6.drv
  /nix/store/g82jkbv1w1b8afpax04pnfkw4rs5x7iv-cargo-package-block-0.1.6.drv
  /nix/store/j120cgd78fk60pzghbabhhr8wnnzsqfg-cargo-src-libc-0.2.184.drv
  /nix/store/g8ywqggnq5cv2pl1knqjlb2vcdvfbqv9-cargo-package-libc-0.2.184.drv
  /nix/store/gag4nz7h23i44a5xif5zs41bczwzya84-cargo-package-rand_chacha-0.9.0.drv
  /nix/store/db8kvkik3892a374pc5kw3qimzkygpnm-cargo-src-naga-27.0.3.drv
  /nix/store/gav8yq0y0dskrx8xa4hbz61m3887fjxv-cargo-package-naga-27.0.3.drv
  /nix/store/vckgpg39dijlz1da3ryx5h0k2ym5iqiy-cargo-src-strum_macros-0.26.4.drv
  /nix/store/gbxhglw8gd2ql7z13bxy73kavginil11-cargo-package-strum_macros-0.26.4.drv
  /nix/store/gd6191fslgxv6lsdyvnyaj2j4lg00p9q-cargo-package-windows_aarch64_gnullvm-0.52.6.drv
  /nix/store/f1b1p7ya0wqli7qln7ri5yw3xh154m1l-cargo-src-objc-0.2.7.drv
  /nix/store/ggmvm1dwfig9gwk3c3avg8992a3fma7z-cargo-package-objc-0.2.7.drv
  /nix/store/rzvfwr8hf7rzw8ksqs9dmw0ivadbnhxf-cargo-src-ksni-0.3.3.drv
  /nix/store/gik7jidj15v5vgbqvy02ccklgja58xh8-cargo-package-ksni-0.3.3.drv
  /nix/store/gmbd5053yar34pfbl4p4i78xgjdwawh3-cargo-package-lock_api-0.4.14.drv
  /nix/store/54ri1z7iz689gadcw9iqf4x37wfsyi6n-cargo-src-iced-0.14.0.drv
  /nix/store/gmiis8axvgjk0ny5g8rqid77pzhbici5-cargo-package-iced-0.14.0.drv
  /nix/store/gpqg772n0ps5vwrx0dkpzx42vmqgrj6h-cargo-package-futures-executor-0.3.32.drv
  /nix/store/fvnndbfkqrwiz448r2lccb0i8qizv3my-cargo-src-jni-sys-0.3.1.drv
  /nix/store/gq47x2ybywvlvh1wchlsxcivcr2208ib-cargo-package-jni-sys-0.3.1.drv
  /nix/store/5ybyn53362j0qdrnx6cm86f16kbfkqd2-cargo-src-objc2-app-kit-0.3.2.drv
  /nix/store/gqwfnxmv4mihr0sgn98imml54ykl4fnw-cargo-package-objc2-app-kit-0.3.2.drv
  /nix/store/an4i5wbmdamwk82cwks9padr4x6fyygs-cargo-src-harfrust-0.3.2.drv
  /nix/store/grlcvin0r5d69i96n5s88n8si27ixj7h-cargo-package-harfrust-0.3.2.drv
  /nix/store/gv0bmswld1gz8rwxh5lga4ys1kamx5n4-cargo-package-clap_lex-1.1.0.drv
  /nix/store/brixc035ky32lpijgz7b0s8z8a7v7yfc-cargo-src-ndk-sys-0.6.0+11769913.drv
  /nix/store/gzcwawrfrsr30klvlikzf3mg5n5059k5-cargo-package-ndk-sys-0.6.0+11769913.drv
  /nix/store/h0azqkhndkv4cj9ixnvh9lzipk525hay-cargo-package-once_cell_polyfill-1.70.2.drv
  /nix/store/h0r52b8arfnzh6s2q28bc9msnm3d2qlr-cargo-package-wit-bindgen-0.51.0.drv
  /nix/store/b1phfkpwbg8pvn6awiyz25kjxy77y30r-cargo-src-lru-0.16.3.drv
  /nix/store/h1mxqr9j39ri05bfp70kd5m5jz5qkpws-cargo-package-lru-0.16.3.drv
  /nix/store/h2vcs06ky72iwxq6iyd1ixjizjawdiw4-cargo-package-crossbeam-epoch-0.9.18.drv
  /nix/store/h62iy6r0ybarvs3a7l50ls6lx76mxjan-cargo-package-winapi-x86_64-pc-windows-gnu-0.4.0.drv
  /nix/store/h62wca49vaidf0lilfdxxf1afncnygmq-cargo-package-async-io-2.6.0.drv
  /nix/store/dyi0ygv18k6pqjh291wria5z0c4cpldj-cargo-src-portable-atomic-util-0.2.6.drv
  /nix/store/hkganvrrk06m14wlpqzw0ra0zlsp9iq9-cargo-package-portable-atomic-util-0.2.6.drv
  /nix/store/hm7bq4kjl78v3hdr324ax6sp4ap3gb13-cargo-package-env_logger-0.11.10.drv
  /nix/store/612x18a9l1ga78qi68yk3c3c31mxl4i9-cargo-src-kurbo-0.10.4.drv
  /nix/store/hmj5g0sg4n80jxw4pwhy0z3qi2idl00i-cargo-package-kurbo-0.10.4.drv
  /nix/store/nf4pnj77lcmh2d99q6n1f3a0w10k8l6j-cargo-src-objc2-core-text-0.3.2.drv
  /nix/store/hwjqr4b5jwniyx9ib7v07rl1vixp6p6a-cargo-package-objc2-core-text-0.3.2.drv
  /nix/store/r5ivazhjqw9wb4q5dz0vvhb4fpjysnlj-cargo-src-glam-0.32.1.drv
  /nix/store/hxkx1kqialnjfq08r6b5by2w6dkh2p4d-cargo-package-glam-0.32.1.drv
  /nix/store/hxq103bxprrml0dp39w1bfhsgb7a4xqk-cargo-package-paste-1.0.15.drv
  /nix/store/6d2i724cwlr1myhn0vggw1d2hcgsv6hr-cargo-src-ash-0.38.0+1.3.281.drv
  /nix/store/hxy0wfjx6sma9y42i2v0wpqc1llcjnck-cargo-package-ash-0.38.0+1.3.281.drv
  /nix/store/hybb982l6s4aygpf70ijj9n08prxhxr5-cargo-package-wasmparser-0.244.0.drv
  /nix/store/hzvgf89cqlh8ghych7h37m8afxjgn5hg-cargo-package-ppv-lite86-0.2.21.drv
  /nix/store/i0ap0zd4ybnrp5ppsijq7kyxg03ynsir-cargo-package-parking_lot_core-0.9.12.drv
  /nix/store/i2l6wfgjw97chcw98y734qaqwws9nryf-cargo-package-clipboard-win-5.4.1.drv
  /nix/store/m9iz4dls52wixjj75vrq3mcwncg1waw5-cargo-src-objc2-encode-4.1.0.drv
  /nix/store/i3vf6wmvn39q3nh9aa190rxi86mnkxvr-cargo-package-objc2-encode-4.1.0.drv
  /nix/store/yn1g4bbdzd38m4s4yr8vkkgb3kpz5xni-cargo-src-cryoglyph-0.1.0.drv
  /nix/store/i4i246r0dm0qw3ln4wmwp10fnnl0r3fg-cargo-package-cryoglyph-0.1.0.drv
  /nix/store/pnq9x4rb3z449mnnfkv46klx41a4gp2q-cargo-src-guillotiere-0.6.2.drv
  /nix/store/i5iajb8z30rl09n8d2nf13rfn72s9p9c-cargo-package-guillotiere-0.6.2.drv
  /nix/store/i73v4glpfq5j2pw8xyi82snqzapjpvwx-cargo-package-shlex-1.3.0.drv
  /nix/store/ibkildsq0rjrnlish0lvfrvap043rgbv-cargo-package-darling-0.20.11.drv
  /nix/store/p9zs4wcwc2104wa9wh2z2i7qi0lb57jz-cargo-src-zeno-0.3.3.drv
  /nix/store/id39xsgz1p5ykx7ayj58bq1vnij4db0l-cargo-package-zeno-0.3.3.drv
  /nix/store/id3xim36xfhw2i6m1gq6sxgsrfpm48x4-cargo-package-redox_syscall-0.5.18.drv
  /nix/store/sa8x07h1nznlr03ma04ai3xpjq0j6g9n-cargo-src-uds_windows-1.2.1.drv
  /nix/store/id7y1vhlnp65vfxcblf9z02mzsqm3q95-cargo-package-uds_windows-1.2.1.drv
  /nix/store/pk9mpc7shnk8yjy24j3540s3lnjmq8pa-cargo-src-wgpu-core-deps-apple-27.0.0.drv
  /nix/store/ilcrwn435avb30ffgwfxkgdrn5f1ks5l-cargo-package-wgpu-core-deps-apple-27.0.0.drv
  /nix/store/mffjq0z2pd491jy348c4g7nkimd4n5va-cargo-src-linebender_resource_handle-0.1.1.drv
  /nix/store/ilcwhyj8vk9zrxffc0l61z5jzyj81b6f-cargo-package-linebender_resource_handle-0.1.1.drv
  /nix/store/imapffi8378m8zgwkjbws1xcwrwr766h-cargo-package-quote-1.0.45.drv
  /nix/store/imawjhkwhw8li29382w53196ak1gq500-cargo-package-rustix-1.1.4.drv
  /nix/store/lhl0rx9d24gk6ga1kz5xl87ny4i52dzl-cargo-src-wgpu-types-27.0.1.drv
  /nix/store/iqp184gx10s4ih1nfkvy5a2v2k88a2w9-cargo-package-wgpu-types-27.0.1.drv
  /nix/store/8b4ryvz3c2wys7pvgnz74swrl89baadr-cargo-src-core_maths-0.1.1.drv
  /nix/store/ir5w1hhkrp0mlyrlp4hcfbp91mfd24iy-cargo-package-core_maths-0.1.1.drv
  /nix/store/mrppd1nylns5rsznhgmn93bk1x94m46q-cargo-src-png-0.18.1.drv
  /nix/store/is3i8al43hhqrmb9rnhklq1lfz26b2g5-cargo-package-png-0.18.1.drv
  /nix/store/cxm7xfqqaac3kac1zsl7nqqadljwb7ql-cargo-src-windows_x86_64_gnu-0.42.2.drv
  /nix/store/iv08942k2xf9bw66z6nqamxswjgh19cs-cargo-package-windows_x86_64_gnu-0.42.2.drv
  /nix/store/p1811fal9ma59fd6hx4mqngxmjq6hryn-cargo-src-futures-lite-2.6.1.drv
  /nix/store/iwhyvlb2w8gv6pqhlnb1k0n9m478znrm-cargo-package-futures-lite-2.6.1.drv
  /nix/store/w47484b356gcil0hn8n72pvs7d2vc3by-cargo-src-unicode-script-0.5.8.drv
  /nix/store/j0jg3fizj8w2fpcqalj3v7f2n00ri262-cargo-package-unicode-script-0.5.8.drv
  /nix/store/yz96drwkr9zlvz86hlf5bigjbhhd8mxi-cargo-src-windows_aarch64_msvc-0.42.2.drv
  /nix/store/j1xp65rbmc50ci2my9vr00vl3f02d5a3-cargo-package-windows_aarch64_msvc-0.42.2.drv
  /nix/store/pnmaf8knlf9hxca0vfax4nvmivldy3a4-cargo-src-lilt-0.8.1.drv
  /nix/store/j2y38vrxkyz4ak4lbb204x8hfxb67xsz-cargo-package-lilt-0.8.1.drv
  /nix/store/d9c6dwi1rx6rvwiv5cbrlq6fs1i36r78-cargo-src-color_quant-1.1.0.drv
  /nix/store/jfx9sx5r69s6lrr431hvc438w555rfal-cargo-package-color_quant-1.1.0.drv
  /nix/store/kff2x0567ciaf31dimq9xf8j0cbh5wl8-cargo-src-iced_debug-0.14.0.drv
  /nix/store/jg000h0z6p05a52bxb44xmpl05m8grc6-cargo-package-iced_debug-0.14.0.drv
  /nix/store/jh3frb1fgipqimnnx1l7sf50cfinz9ks-cargo-package-atomic-waker-1.1.2.drv
  /nix/store/ji7k8nmn31gm7vkrzyz27lrzj6vq4lgg-cargo-package-async-executor-1.14.0.drv
  /nix/store/i914zbjvqw1sj6112afrvxbr28c2bg30-cargo-src-android-activity-0.6.1.drv
  /nix/store/jigllnn9hi1wnvnh5h97c8d07863lwga-cargo-package-android-activity-0.6.1.drv
  /nix/store/jj64pvw62wfq3z9wrnysxddm2maa67iv-cargo-package-safe_arch-0.7.4.drv
  /nix/store/zlvgz4p1bbndx4yf4qxv8wghjx6biwpx-cargo-src-winnow-1.0.1.drv
  /nix/store/jlia8gj2an8inxblrsfamkaal7mr91xs-cargo-package-winnow-1.0.1.drv
  /nix/store/75074n0p2d6wm6jmk4lc9kfwvkbi0hlx-cargo-src-endi-1.1.1.drv
  /nix/store/jmq81c9s3bagg0a5br7zkgk1ygl1ycsr-cargo-package-endi-1.1.1.drv
  /nix/store/jp8jk1fvr279b29l6sfqngpbszbnpw71-cargo-package-winapi-i686-pc-windows-gnu-0.4.0.drv
  /nix/store/xx3n3kdvgskr9idsayv130hcl88ks2fv-cargo-src-glam-0.27.0.drv
  /nix/store/jr5nm0pqj948agxkqr28b4krp5hv5230-cargo-package-glam-0.27.0.drv
  /nix/store/z1zynm2f834c4pmbf0waahhy5dmz9nac-cargo-src-core-graphics-types-0.2.0.drv
  /nix/store/jsmlvlbg5wqpfr26ddgrg1xn081fmppz-cargo-package-core-graphics-types-0.2.0.drv
  /nix/store/jz7iprvwf2xp5r43h2k4smns6jq138i9-cargo-package-thiserror-impl-2.0.18.drv
  /nix/store/k20qk6amnz78zgn0cn29yxkc6949gpzq-cargo-package-codespan-reporting-0.12.0.drv
  /nix/store/d5b01qsdi4mk25g9b3ayj0isz2cqbsgv-cargo-src-wgpu-core-27.0.3.drv
  /nix/store/k2yfnhhnib7821galnasvp9r4jy2gv4f-cargo-package-wgpu-core-27.0.3.drv
  /nix/store/33i56smmcf4xssrqjjnl7kyj6726srrv-cargo-src-objc2-foundation-0.3.2.drv
  /nix/store/k328g7srp5rrk0249nvd8qhr9axhijiy-cargo-package-objc2-foundation-0.3.2.drv
  /nix/store/k57f586j08pq8j12n8zfbs8w191xd5zd-cargo-package-rand-0.9.2.drv
  /nix/store/ka9jp8cih2pd8hpq9wkrf3gc79gd117l-cargo-package-anstyle-parse-1.0.0.drv
  /nix/store/kb4pmnzv8jw3cj8dqg0bvz3zblw27dha-cargo-package-percent-encoding-2.3.2.drv
  /nix/store/j80kdinqh2w3vdwc2sahf1xm3pkzxmpd-cargo-src-objc2-app-kit-0.2.2.drv
  /nix/store/kbmd27ch9cx6hw17586mm67d63j9fnfi-cargo-package-objc2-app-kit-0.2.2.drv
  /nix/store/3n78i5429m3id8l9ilxmxn2id6izjfi2-cargo-src-as-raw-xcb-connection-1.0.1.drv
  /nix/store/kc8x9xph8l5d6k57pd8k6d7whing3hgn-cargo-package-as-raw-xcb-connection-1.0.1.drv
  /nix/store/kci0gcrfp5d5kn3awx07vny2crizcqlb-cargo-package-crossbeam-utils-0.8.21.drv
  /nix/store/bbvj2nrgprxw9viw9xgs8x4rgkaxyaag-cargo-src-wayland-csd-frame-0.3.0.drv
  /nix/store/kd698xk3fq4baj1ybp4ra8qw0jmaz9lb-cargo-package-wayland-csd-frame-0.3.0.drv
  /nix/store/kdz5814bm5789x8gwsa4hzmkab54mbr2-cargo-package-displaydoc-0.2.5.drv
  /nix/store/kfdcaw22q57cczw4ysgv6db4d2n3c507-cargo-package-x11rb-protocol-0.13.2.drv
  /nix/store/kfpbajds6in2f5mqxrd3ljzzh6s1n1qy-cargo-package-futures-core-0.3.32.drv
  /nix/store/q8w145i3kafji80cvd4m9pgm5xs3rjnp-cargo-src-cursor-icon-1.2.0.drv
  /nix/store/kh0lrddhxj1zcpvb776r8sbhdrgbvjxz-cargo-package-cursor-icon-1.2.0.drv
  /nix/store/kj30vswmfx85588sc094j900whf6q3d3-cargo-package-miniz_oxide-0.8.9.drv
  /nix/store/kkq1xp1z0iq002nd20b82jw8q2p1qc24-cargo-package-syn-2.0.117.drv
  /nix/store/km8lv083vqi89jmqxpzy34vc9r6agkpy-cargo-package-memoffset-0.9.1.drv
  /nix/store/knbflpzkw5w5z9cvm8ii6zrx53a2ggzq-cargo-package-itertools-0.14.0.drv
  /nix/store/knj16ib3z2sziq0ik940x2dycm8ymx84-cargo-package-adler2-2.0.1.drv
  /nix/store/kqncfhf8vmnc5ihgwbcy13glyv6ld5xv-cargo-package-unicode-ident-1.0.24.drv
  /nix/store/krh28663zp4pi0yqr0nbjn1j75qrxa06-cargo-package-web-time-1.1.0.drv
  /nix/store/m93s3517zlclcdycrxrmi07jalmhs76s-cargo-src-redox_syscall-0.4.1.drv
  /nix/store/ks6nlvwwwi0qjysgyyrli4f75nmp6gpp-cargo-package-redox_syscall-0.4.1.drv
  /nix/store/hdb2q8x5ifnaypbi6vkd8phn9yqrfhia-cargo-src-maybe-rayon-0.1.1.drv
  /nix/store/kw2ch75d4yjvn095vxkzifw8vxz29n7x-cargo-package-maybe-rayon-0.1.1.drv
  /nix/store/31slw5ljqbv1j521z9kkrzi8klfx19mj-cargo-src-indexmap-2.13.0.drv
  /nix/store/kwam0bki7l35zjxrgzn9z8p3sqdfz589-cargo-package-indexmap-2.13.0.drv
  /nix/store/4pzgr2jj1gf18s7slg7xck6358bdacl3-cargo-src-js-sys-0.3.94.drv
  /nix/store/kwwb5xsa40kipcx0x2riifj7nn4bi1gg-cargo-package-js-sys-0.3.94.drv
  /nix/store/ky5a241c6a77mf890f5aa0wrpasrzgfy-cargo-package-foldhash-0.2.0.drv
  /nix/store/kz8azyfksf2b5i7m4yl32i27qmyv421v-cargo-package-objc2-core-foundation-0.3.2.drv
  /nix/store/digpdhkgz149jvd223c5qgir72r3qc3p-cargo-src-v_frame-0.3.9.drv
  /nix/store/l15sgwp8jipbai1z39wjq1xhb3jw8h83-cargo-package-v_frame-0.3.9.drv
  /nix/store/6f45dwp3vffgjwiycvzbr8gy4c6n4xqc-cargo-src-rand_distr-0.5.1.drv
  /nix/store/l91drf6lfkdd5kbcx88jrpl4a10lfnxp-cargo-package-rand_distr-0.5.1.drv
  /nix/store/lbfwnj6na91z1l4bm7zd6xvrmps3sidb-cargo-package-fnv-1.0.7.drv
  /nix/store/78k1qiiz7v3w49jrqwij77wm3bvlmfh7-cargo-src-iced_winit-0.14.0.drv
  /nix/store/lgwyg9iij4ppl75hd5ab7mpl9q44ywgm-cargo-package-iced_winit-0.14.0.drv
  /nix/store/m5h3wg0rd55wirvn521z7vhwms6y9sqk-cargo-src-iced_graphics-0.14.0.drv
  /nix/store/lhdbm603sp6889hkfnvxqaalnk2mjrsw-cargo-package-iced_graphics-0.14.0.drv
  /nix/store/lkircklfdz6mj4qhf8y2x7zy8fvkcs0r-cargo-package-flate2-1.1.9.drv
  /nix/store/lkvk080wglvnqx314l7a9sal1qz48f7v-cargo-package-colorchoice-1.0.5.drv
  /nix/store/k2acmsfy04jz96y4wglbw2da3nzrhwys-cargo-src-glam-0.18.0.drv
  /nix/store/lkxllr7dcj5d020x6x8fybfv0r987da2-cargo-package-glam-0.18.0.drv
  /nix/store/lmw8wfy9079a9gn30sixibh57a2s1giq-cargo-package-anstyle-wincon-3.0.11.drv
  /nix/store/kgnxd19a3iywa1jcgg7sfsngib5lkihi-cargo-src-wayland-client-0.31.14.drv
  /nix/store/lrpydl4j2gjk0kr9accwp10p6pc6bnh9-cargo-package-wayland-client-0.31.14.drv
  /nix/store/lv53jg5cf511fxx090xjm1jna26lbi44-cargo-package-signal-hook-registry-1.4.8.drv
  /nix/store/9v129xzg0z10gyhi1p1h5why17z4k2zc-cargo-src-objc2-cloud-kit-0.2.2.drv
  /nix/store/lx9vr66pc25pyp5j8k0zmhrx89a19jfh-cargo-package-objc2-cloud-kit-0.2.2.drv
  /nix/store/ly910cgmh2xragkhkd89bxxrvxpghi9r-cargo-package-futures-channel-0.3.32.drv
  /nix/store/m105z3nmkfc1ffnv51g7nyg7w8hbfmfj-cargo-package-glam-0.25.0.drv
  /nix/store/kg7k5c60vh1xhiaacrravhf60i7y9l9f-cargo-src-windows-strings-0.1.0.drv
  /nix/store/m3f3amb0phc4d6vvf69l7csp71lxvkxr-cargo-package-windows-strings-0.1.0.drv
  /nix/store/j9mxnj456q4ypr29aacbhn2h2qkyjk46-cargo-src-core-graphics-0.23.2.drv
  /nix/store/m6pfm0zphafysq9aw39y9xwr8hwx8by7-cargo-package-core-graphics-0.23.2.drv
  /nix/store/m703chw2ayhfs820fsv523vnmilffsxi-cargo-package-thiserror-1.0.69.drv
  /nix/store/m958vfff0b77ki8in0khwyf38yswim0d-cargo-package-zmij-1.0.21.drv
  /nix/store/mbp0am9jk310ra6qj9lrm82ql1jcimc2-cargo-package-windows-threading-0.2.1.drv
  /nix/store/md9mlml0znbai4vfpgkps1cbqscz77f1-cargo-package-stable_deref_trait-1.2.1.drv
  /nix/store/gbyhvzhhl2jw0xkzm6346f8mr5gnwh4a-cargo-src-built-0.8.0.drv
  /nix/store/mg70yhd3h18h3ygp6vc1p3yi1l7jxynj-cargo-package-built-0.8.0.drv
  /nix/store/xy9z0zf95vv04df4xs3q1b1rzspgydvd-cargo-src-pin-project-internal-1.1.11.drv
  /nix/store/mi85nfpnailk3r52lk95pfspz2hv11gy-cargo-package-pin-project-internal-1.1.11.drv
  /nix/store/mlhq1lfz72n69k3fc10c8kg2gx6fprzf-cargo-package-prettyplease-0.2.37.drv
  /nix/store/v0kqylmlx9kw8bzr9jvm65f99sfyd3gr-cargo-src-winit-0.30.13.drv
  /nix/store/mmapbkifkj0669r464shsj0fxsiglah5-cargo-package-winit-0.30.13.drv
  /nix/store/7whmavd9j7ylpskbyxny11i6562cjp2y-cargo-src-wayland-sys-0.31.11.drv
  /nix/store/mmj0x5xbafary60lz8117agy7s2ic9dh-cargo-package-wayland-sys-0.31.11.drv
  /nix/store/mp429fp4khfrnd2vyn3lbdvnijk806px-cargo-package-utf8parse-0.2.2.drv
  /nix/store/cgi60j5ssgm92d2npdzb125vi02a995d-cargo-src-bitstream-io-4.9.0.drv
  /nix/store/mp7n7ch7wg0b1h834slqm9xl35zkmfgn-cargo-package-bitstream-io-4.9.0.drv
  /nix/store/mpg6nl6nchl937l36aabgjd12yimc2jh-cargo-package-getrandom-0.4.2.drv
  /nix/store/kyydqby7f4q1lscmij6gx9qn4n10h2g3-cargo-src-objc-sys-0.3.5.drv
  /nix/store/mpw3866j9bh34iqmas999l1bsvd3gag3-cargo-package-objc-sys-0.3.5.drv
  /nix/store/1fgd8ncan7x8380ydi5wkinv7a1b3lx9-cargo-src-x11rb-0.13.2.drv
  /nix/store/mv6icn90m4g94cwphjkl7qscaf3sp9i4-cargo-package-x11rb-0.13.2.drv
  /nix/store/n6qk7k90fkm286l7m92azfsds4fvi1x4-cargo-src-wasm-bindgen-macro-support-0.2.117.drv
  /nix/store/mwqhf0398bzyx3yi8j1lnb88k45y3yw8-cargo-package-wasm-bindgen-macro-support-0.2.117.drv
  /nix/store/p3406gbdp4az53iy1m6bv5s0a0ix2igv-cargo-src-ab_glyph-0.2.32.drv
  /nix/store/mxbbxm7fr8h0l30qkzfwbv8913fsrywy-cargo-package-ab_glyph-0.2.32.drv
  /nix/store/rxzakbsyhivbnbxl0kly8q2cn8gfa39q-cargo-src-hexf-parse-0.2.1.drv
  /nix/store/myszk19l4wg0iwnii09f94prrwrjz35d-cargo-package-hexf-parse-0.2.1.drv
  /nix/store/n0vwasdd2s1bprhdrpkv8i7knhh5ajn1-cargo-package-tempfile-3.27.0.drv
  /nix/store/ki1n8k7bf634yz88cxbjz03fcddr3yry-cargo-src-softbuffer-0.4.8.drv
  /nix/store/n3pg2xlyfh2vmmb194kvhzzk0zcl40ax-cargo-package-softbuffer-0.4.8.drv
  /nix/store/lvr7xmqnx4mpw5hfkra93zmkijylrhla-cargo-src-noop_proc_macro-0.3.0.drv
  /nix/store/n7fvyxfhvw9dgablr24n3j65dwhlww3f-cargo-package-noop_proc_macro-0.3.0.drv
  /nix/store/n8gbra1m9lj9r4j6z7scnsxg0dv68xkm-cargo-package-rustversion-1.0.22.drv
  /nix/store/n9ncgklm1nsmkbv0frlxif9vcwp1irdx-cargo-package-parking-2.2.1.drv
  /nix/store/nafig9gfc4h7n2r1hbf343ivfrw5pixi-cargo-package-windows-implement-0.60.2.drv
  /nix/store/4da6i3rf07mg4ngdwd7pj1xpbwsndd4a-cargo-src-typenum-1.19.0.drv
  /nix/store/nai0zlb0nlxidlqplxpxzbki298ypjal-cargo-package-typenum-1.19.0.drv
  /nix/store/nazpzjgng60rdz16iqfn9mld124kgz79-cargo-package-leb128fmt-0.1.0.drv
  /nix/store/nf41yj4xg0341qiv458wxfdh6fw51svv-cargo-package-mio-1.2.0.drv
  /nix/store/ppvp7frgfriwqamarq4lfd4v28xc9m9q-cargo-src-wayland-scanner-0.31.10.drv
  /nix/store/nffp2vxng1hhbmq0jk64981pwdknvs2p-cargo-package-wayland-scanner-0.31.10.drv
  /nix/store/nfhn2bknnkrppzzqk4rlxx6r4bwdgjav-cargo-package-tracing-attributes-0.1.31.drv
  /nix/store/ngam90p3cmq9h12c0k93ndlg7fjyzga2-cargo-package-pin-utils-0.1.0.drv
  /nix/store/bwg5r4g69i3qifcypbdzlli1w8cbs7yc-cargo-src-glow-0.16.0.drv
  /nix/store/nhlyqw5mxx39v2gdjbkh0w0xwcgrd139-cargo-package-glow-0.16.0.drv
  /nix/store/ni4sfaag6jxagp09svw686d1n1z6l8mq-cargo-package-crunchy-0.2.4.drv
  /nix/store/wc7f4dx9v18val9ghvq0y25y2ba4f12a-cargo-src-async-channel-2.5.0.drv
  /nix/store/nipb2xr2c51644xrgbkw5cvnv2hlmdbx-cargo-package-async-channel-2.5.0.drv
  /nix/store/niw63p26b1p50jz7lc50gldpcysw6833-cargo-package-windows_x86_64_msvc-0.52.6.drv
  /nix/store/nl8qhgxm0bir8n4fzh73iyd27ycsnlml-cargo-package-core-graphics-types-0.1.3.drv
  /nix/store/lm9wba3llcbx9kffw4cspcv0czrrns9k-cargo-src-objc2-core-data-0.2.2.drv
  /nix/store/nq2874c4ym6hm3nnrfp63d4and4i9sjw-cargo-package-objc2-core-data-0.2.2.drv
  /nix/store/nr17ladf9zshgrn8m0r2lyqraphrh6gn-cargo-package-equator-0.4.2.drv
  /nix/store/nr5islz2dnbr35dmd7bq54qdf1iphrf2-cargo-package-core-foundation-sys-0.8.7.drv
  /nix/store/nvk3i68hyn9rnvwh47ch7slrlspqacjr-cargo-package-windows_i686_gnullvm-0.52.6.drv
  /nix/store/nwx34jdca4vdaqc9dr6aa7afxlx2y0xf-cargo-package-concurrent-queue-2.5.0.drv
  /nix/store/nxzghj5ixp10f81g8p6mymyrhh8ib4jx-cargo-package-arrayref-0.3.9.drv
  /nix/store/p18xcx23sgb5qns2dfi3h6vn1bxpv2g9-cargo-package-windows-targets-0.52.6.drv
  /nix/store/p4wbcb4s0xi93i96j4bs2zjpnngh2qpp-cargo-package-windows-strings-0.5.1.drv
  /nix/store/hjzgjr4hjs5j6d248mnq6dcyqj917f2b-cargo-src-glam-0.16.0.drv
  /nix/store/p7j1v8x8yq2bhnjl5hqk21xv5xxjrrx8-cargo-package-glam-0.16.0.drv
  /nix/store/pflzc6c8r6s72x27k4aqqvwygrm50g31-cargo-package-zerocopy-0.8.48.drv
  /nix/store/xvbyvc82p3m5g2ybprsn8m9rq0icjbs0-cargo-src-glam-0.23.0.drv
  /nix/store/pl514cf525jamhyxc0hgsd5dgci8cqky-cargo-package-glam-0.23.0.drv
  /nix/store/p65fgnahr19p5ss6pw0xp1xmhphbnlmj-cargo-src-glam-0.31.1.drv
  /nix/store/pm1dv3cw2qddirwl3s3x5anmy6c75778-cargo-package-glam-0.31.1.drv
  /nix/store/pni0m014c6037yyzx1bgkmzhyrxnb8i2-cargo-package-core-foundation-0.9.4.drv
  /nix/store/gdyikqj7i5672q0wfygvcljl4av8nifr-cargo-src-clap_derive-4.6.0.drv
  /nix/store/ppp2ggrc0ds5k5xiv1a4v3rdk2qvhxd4-cargo-package-clap_derive-4.6.0.drv
  /nix/store/pq6awc17qnz3ri5065vpf02x6y6q9kll-cargo-package-wasi-0.11.1+wasi-snapshot-preview1.drv
  /nix/store/pr4dccnp502wyq0560lm543bv63lb3ql-cargo-package-anstream-1.0.0.drv
  /nix/store/a3jjvpmlhxl81ncbv87rlkb4dg2h6jhp-cargo-src-libpulse-sys-1.23.0.drv
  /nix/store/pwk35rba4jvnks9riyazjwdw91wk4dlq-cargo-package-libpulse-sys-1.23.0.drv
  /nix/store/rrckjksmkllzc0cggnwp0xx0rrknr4ry-cargo-src-xml-rs-0.8.28.drv
  /nix/store/pzcsldicba15bmbknc7h09asyz95j02q-cargo-package-xml-rs-0.8.28.drv
  /nix/store/93a18i2bw60ri6kmws58swn6yycr4bxg-cargo-src-rustdct-0.7.1.drv
  /nix/store/q0h98gcnaif9k0s8aaklq28spnx96b1i-cargo-package-rustdct-0.7.1.drv
  /nix/store/v0yq4vfbws3mbx28219mavjbyfbz7w5h-cargo-src-objc2-cloud-kit-0.3.2.drv
  /nix/store/q3b4g6b7d990644rly48szx86w87wn9w-cargo-package-objc2-cloud-kit-0.3.2.drv
  /nix/store/q442qd32rgbyxyc9pj6wnckhd3v92hkg-cargo-package-jni-0.22.4.drv
  /nix/store/kwln4bik39z1lgn0r0clxf84fjrqnpn3-cargo-src-async-broadcast-0.7.2.drv
  /nix/store/q4k76dzi9jfsq5ygvvx4x7lj6hj41lif-cargo-package-async-broadcast-0.7.2.drv
  /nix/store/1l6hmw3fl12jd2cj3zw17bmsl4n0v9vb-cargo-src-async-lock-3.4.2.drv
  /nix/store/q5596bp5qv7xzvk2zi4i2fzplkv5hmk0-cargo-package-async-lock-3.4.2.drv
  /nix/store/n9kdnz9k9ca9iydq0wwbac8qi0bfjpwg-cargo-src-ctor-lite-0.1.2.drv
  /nix/store/q59bd0r13rgbl82qzvhf3mk1jkkh5fi3-cargo-package-ctor-lite-0.1.2.drv
  /nix/store/jigrjhpyqrjqpq3nv18qbaaxahgp9xjn-cargo-src-glutin_wgl_sys-0.6.1.drv
  /nix/store/q6m12lkxxz5r8naa7wg1cxyglnlpm60h-cargo-package-glutin_wgl_sys-0.6.1.drv
  /nix/store/2jpc7kvgrz17silk7j9a4q9r2jqhrzsq-cargo-src-zvariant-5.10.0.drv
  /nix/store/q7qjzybpirciw7vgm3c080a4w28h8hrx-cargo-package-zvariant-5.10.0.drv
  /nix/store/7bac5ivh13j5d02dyvcvcc11jj54n3nr-cargo-src-weezl-0.1.12.drv
  /nix/store/q94c2axcihmgmycmass2qa60974gm7q7-cargo-package-weezl-0.1.12.drv
  /nix/store/qacmlcy58rz0iswxri1si70kspz657fp-cargo-package-bytes-1.11.1.drv
  /nix/store/dj14r6h8ydylxw3nwa09h0475517f7f3-cargo-src-wasm-bindgen-shared-0.2.117.drv
  /nix/store/qgydsaqi26jarnvmyp9mjdfw522ipgax-cargo-package-wasm-bindgen-shared-0.2.117.drv
  /nix/store/qh00blmsviklqfm4vyl66lb7hdhb65hg-cargo-package-semver-1.0.27.drv
  /nix/store/4b5j4lr1lg2hidqqbimcs17fp8idb39x-cargo-src-foreign-types-0.5.0.drv
  /nix/store/qiji33lfq9ir64fcgscwdhf7lhsf5irb-cargo-package-foreign-types-0.5.0.drv
  /nix/store/c2fkndxhil75jsi5wdmjl7ig1nccwiic-cargo-src-arg_enum_proc_macro-0.3.4.drv
  /nix/store/qjhbl6r9j8916rsrxlsknp9mzwh13864-cargo-package-arg_enum_proc_macro-0.3.4.drv
  /nix/store/5dlcby8qc855s6vxfcw4b69p09vddjkr-cargo-src-iced_renderer-0.14.0.drv
  /nix/store/qmkf6g8vyywj35zvxvig63vhv4l1wnjw-cargo-package-iced_renderer-0.14.0.drv
  /nix/store/wic0sd6zbmgwxsqhnfjsyqbv6fpkpf9y-cargo-src-gpu-alloc-0.6.0.drv
  /nix/store/qq8l17vc9xnrlvfspd2lq1lkr1gnpwsk-cargo-package-gpu-alloc-0.6.0.drv
  /nix/store/479cg7scqrcshcsmjzjiwdzvvl71zhp1-cargo-src-objc2-core-data-0.3.2.drv
  /nix/store/qrd2vdpzk3fhmx8yfbjandvdc0nc2q4x-cargo-package-objc2-core-data-0.3.2.drv
  /nix/store/svaab0q3vdr9i7hkllzjw6pka8p56hpx-cargo-src-litrs-1.0.0.drv
  /nix/store/qvihlb7m6qg21zajbzi1721v1218ar84-cargo-package-litrs-1.0.0.drv
  /nix/store/qwm4jnkrhbkbvp2srq901j2rcg3rd5pk-cargo-package-synstructure-0.13.2.drv
  /nix/store/n991z7qmdkmrv3nbhya3qracxmx4jnm6-cargo-src-glam-0.19.0.drv
  /nix/store/qx20z2mf20zx758yk0sawx02nv99b9qz-cargo-package-glam-0.19.0.drv
  /nix/store/2wxzdp3hrp5xj806gv3bd000w0l1b9h9-cargo-src-mutate_once-0.1.2.drv
  /nix/store/qx267j5a57i24vlvz4ayb31i52w73b9i-cargo-package-mutate_once-0.1.2.drv
  /nix/store/qxcbdd1r37sakkzk337f4jhqklygd8mj-cargo-package-bumpalo-3.20.2.drv
  /nix/store/r0id53mpnhr08iry7b3ps1d0qrmzi09c-cargo-package-wasm-encoder-0.244.0.drv
  /nix/store/r32vwymfh9kjp5qc6rjl77v81zbrlzhj-cargo-package-error-code-3.3.2.drv
  /nix/store/78mj81l3w6nv1zmnin9biihnwrr7710k-cargo-src-block2-0.6.2.drv
  /nix/store/r34sab9y9lqdmlvrc5273pdy0c8i2fjh-cargo-package-block2-0.6.2.drv
  /nix/store/r5n4l3rybj2rwwgz14xqmpsj38as5w3w-cargo-package-owned_ttf_parser-0.25.1.drv
  /nix/store/r6kwg1y8gyckyx69k4hw8i39d4v4g3db-cargo-package-linux-raw-sys-0.12.1.drv
  /nix/store/4fdvbz79zf40qsmfl5va0hibiyn63hvb-cargo-src-fontconfig-parser-0.5.8.drv
  /nix/store/r9kvsqj2v44hylbppjflpw9ihdxwypg1-cargo-package-fontconfig-parser-0.5.8.drv
  /nix/store/ragxvnpbnbypqg1qqm01sfrzc91636aq-cargo-package-android_system_properties-0.1.5.drv
  /nix/store/m5aj2k96q0r7gp26kcblrpiqzwyahag2-cargo-src-zune-inflate-0.2.54.drv
  /nix/store/rcfvxwxp0rr7ymz29f8f7ak6w7imggc4-cargo-package-zune-inflate-0.2.54.drv
  /nix/store/rf35cd5i88ywx7gq2da509sp3bmy5znh-cargo-package-wayland-protocols-wlr-0.3.12.drv
  /nix/store/rglq843yixi66qg4kzdk58wp4zxvhrdq-cargo-package-arbitrary-1.4.2.drv
  /nix/store/2cn2ykk19awbi8ir8dl9r3ysiqwrnwmp-cargo-src-smithay-client-toolkit-0.19.2.drv
  /nix/store/rnp6b4fcq0d8swprpy3fx7fwg98kg9rz-cargo-package-smithay-client-toolkit-0.19.2.drv
  /nix/store/5d043dz0bx1q7n3rhdvzrlkvvrskl5va-cargo-src-zune-core-0.5.1.drv
  /nix/store/rr2wa6jx08zmi2rpq4xql1xks3pf69zq-cargo-package-zune-core-0.5.1.drv
  /nix/store/jvc5jfj5qh43l2pk2hywpak8kz0xq1wa-cargo-src-glam-0.22.0.drv
  /nix/store/rrq2z89i8dgksvvgv8hbs4n88amipxbb-cargo-package-glam-0.22.0.drv
  /nix/store/rsy8vzkc6fcl9zfhjvf0qik51ikf0rn5-cargo-package-regex-syntax-0.8.10.drv
  /nix/store/n91qi444xqdgsmzj1xp7mqf1syy8wyx2-cargo-src-android-properties-0.2.2.drv
  /nix/store/rw46x796aycnl3v77m0kbsph4h7s4gz1-cargo-package-android-properties-0.2.2.drv
  /nix/store/kz6k6yhcrz2dr09sg4d9v56r6zalmrz5-cargo-src-windows-core-0.58.0.drv
  /nix/store/rxnparvaymcxp3d02w4n6y5qngwcsrzf-cargo-package-windows-core-0.58.0.drv
  /nix/store/ryc7s6fbxd3wcqn9jicndfj3m533cxqj-cargo-package-gethostname-1.1.0.drv
  /nix/store/ryjqcvb5cwd1xg767dgx1lfvizyp72mw-cargo-package-tracing-0.1.44.drv
  /nix/store/hpqmrynjih46b4fmiyzqv4pqnl9kvs4l-cargo-src-wayland-protocols-0.32.12.drv
  /nix/store/s6555synkj2dxczrxh2x6hnl84swhwmq-cargo-package-wayland-protocols-0.32.12.drv
  /nix/store/s7dw7g2h8138dyi48f0lwsnpss5i5fa6-cargo-package-windows-interface-0.59.3.drv
  /nix/store/s977bwrzwcrx9bv9vfma8qzgdvll4vlr-cargo-package-equivalent-1.0.2.drv
  /nix/store/lc7xbd3f7jls90lyvggnx239fgx2mqsk-cargo-src-khronos_api-3.1.0.drv
  /nix/store/s9ikd2zbcr7kriy8g7m1jifq7z5wzd0v-cargo-package-khronos_api-3.1.0.drv
  /nix/store/5k2w3x111ws257a15sfa5ivl0n1lxsri-cargo-src-ttf-parser-0.25.1.drv
  /nix/store/sb4c7mfs4iqayka0lbplacssc02bl34v-cargo-package-ttf-parser-0.25.1.drv
  /nix/store/4p1rpj5il3p7lhqnjw1p9bp197lwdgaz-cargo-src-hybrid-array-0.4.10.drv
  /nix/store/sbawls6qml63wqry3lgk5nlssyyaax4s-cargo-package-hybrid-array-0.4.10.drv
  /nix/store/sbg9zhwf8zdzv0gisv41ngr80ksacn25-cargo-package-find-msvc-tools-0.1.9.drv
  /nix/store/gbgjh1nbdrqphln4p584lq5lmyl7gyy7-cargo-src-smol_str-0.2.2.drv
  /nix/store/sbmwr7pdraqnph6rwrcyvmchilpcshc4-cargo-package-smol_str-0.2.2.drv
  /nix/store/sd1jll8f6wr9l3aadr41h2jlbvmsclw0-cargo-package-rand_core-0.9.5.drv
  /nix/store/x7yg2sdw8jiyx94grhgy8i0gvw3b5bk5-cargo-src-clipboard_macos-0.1.1.drv
  /nix/store/sknnsshmd05m6qc5yfs5xj2ln2abzbdy-cargo-package-clipboard_macos-0.1.1.drv
  /nix/store/f6f8s892fc1mlgxv2h7fa5ykgrj2p084-cargo-src-glam-0.17.3.drv
  /nix/store/snw93196zxi6ifji713rd3bhdhh6wp83-cargo-package-glam-0.17.3.drv
  /nix/store/alrdzk5am92agx2j1mbk9gik6zbgf0bi-cargo-src-presser-0.3.1.drv
  /nix/store/srgx7yvy3s2pgw2cay98106lqi6fzplf-cargo-package-presser-0.3.1.drv
  /nix/store/sv8dif3j15haawxk039p3prsnaf3srqm-cargo-package-rayon-1.11.0.drv
  /nix/store/v1wj4x1r7yx6r2mkmi9fkajy9n042d7l-cargo-package-windows-0.62.2.drv
  /nix/store/v2pxcmcpqr9czra64ffgqjjwff23z3cd-cargo-package-core-foundation-0.10.1.drv
  /nix/store/fqc07yj52njvi41hhzqqlyfh3jmf8yy6-cargo-src-iced_tiny_skia-0.14.0.drv
  /nix/store/v50iknl6vmf97v3y7vns83khzgg7gmml-cargo-package-iced_tiny_skia-0.14.0.drv
  /nix/store/v669wbq5jv5r7c9crbl0hvsq07j2xgna-cargo-package-serde_core-1.0.228.drv
  /nix/store/dygl7bhaw77rnva1x61fngiwyg2yaj0w-cargo-src-objc2-core-image-0.2.2.drv
  /nix/store/v82m4n155pvl1wmsykcylapj6yhsfjap-cargo-package-objc2-core-image-0.2.2.drv
  /nix/store/v91462zyy9rrm4m1202075g6dhhzq64j-cargo-package-lazy_static-1.5.0.drv
  /nix/store/qjg3fxy6mvnvhlj50xqqp1gfvahsd7cd-cargo-src-toml_edit-0.25.10+spec-1.1.0.drv
  /nix/store/vasp7snjiw2jzrgfhspmaf1bxp89k0dn-cargo-package-toml_edit-0.25.10+spec-1.1.0.drv
  /nix/store/vf7yqvb06csm1ff0vn52sh5ykcbi7y7a-cargo-package-calloop-wayland-source-0.3.0.drv
  /nix/store/nb1sgbq7yy9qcivjvgjfrcb22z9grdc5-cargo-src-raw-window-handle-0.6.2.drv
  /nix/store/vmw1mbrywbwz5cpmvmfas8yn0zm13x19-cargo-package-raw-window-handle-0.6.2.drv
  /nix/store/3bir4l7nrd8r4ld5h9r49nq9rdnz74hh-cargo-src-spirv-0.3.0+sdk-1.3.268.0.drv
  /nix/store/vmy5vcg56nf4n17xwg198fdwmf91ll8i-cargo-package-spirv-0.3.0+sdk-1.3.268.0.drv
  /nix/store/vq20z2gmf4n2i7mhw2r8x0bf6wn5wypi-cargo-package-arrayvec-0.7.6.drv
  /nix/store/vq3lbyrsr0kq4z3sj4bws1d1vha7lbjq-cargo-package-simdutf8-0.1.5.drv
  /nix/store/vr4rdbq8d4m9qa5l5hy48j66l16i163a-cargo-package-walkdir-2.5.0.drv
  /nix/store/hmq0qqg2n1h5kc7xjqmc2g6p7g4vdxfd-cargo-src-ndk-0.9.0.drv
  /nix/store/vr5f4fqnnlcpha7rcqihqpc0sxkr6gsv-cargo-package-ndk-0.9.0.drv
  /nix/store/5b3a43920vfi60cdqr59jkkr7fqrkg0n-cargo-src-rawpointer-0.2.1.drv
  /nix/store/vrqzq6qghqk0n36hjidjvcn384l4qz6a-cargo-package-rawpointer-0.2.1.drv
  /nix/store/vy4s287qwdjxx3kpzalkw8pgn6rl88qf-cargo-package-crossbeam-deque-0.8.6.drv
  /nix/store/vz02npi6qf4dzaxss7njmqz3ing6pj2l-cargo-package-tokio-stream-0.1.18.drv
  /nix/store/vzmbjaissdf3w041r56cf7m2jjf1sdhl-cargo-package-heck-0.5.0.drv
  /nix/store/y5nik0jhljvykw5kpzwjn4pmz5n0jyq0-cargo-src-objc2-metal-0.2.2.drv
  /nix/store/w0z0q55qx4cvi3snr9hpbz3n9qkzypw1-cargo-package-objc2-metal-0.2.2.drv
  /nix/store/jmg8067dh80cv801s1j2lrrhyzaxsp46-cargo-src-iced_program-0.14.0.drv
  /nix/store/w3f4wrip2hwiynn2p2gk91gzy2f828zv-cargo-package-iced_program-0.14.0.drv
  /nix/store/chkm2kraqii1g2viv37blvqx7px31gb6-cargo-src-dpi-0.1.2.drv
  /nix/store/w80y04xv05164q7rb503l3kmlndk5c1c-cargo-package-dpi-0.1.2.drv
  /nix/store/lhd2r8lnyj135x3y9dj5rsv1a1rg9jx4-cargo-src-jiff-0.2.23.drv
  /nix/store/w8sj2nsn0rbvlzw6h85qjz9l99sm4pkb-cargo-package-jiff-0.2.23.drv
  /nix/store/s25zivq2hb3d2iiwayxp82kiiwcwhh4p-cargo-src-iced_futures-0.14.0.drv
  /nix/store/wakggk5074h3ig5ylrzjkrxh0l835h27-cargo-package-iced_futures-0.14.0.drv
  /nix/store/c4l9agjm7q0f7xwb733qwj7n6cna2ll3-cargo-src-zbus-5.14.0.drv
  /nix/store/wakq60gnkk41vdkfm459qxc0r4gvb8mr-cargo-package-zbus-5.14.0.drv
  /nix/store/aclp9cd4226k5dp3gj0vzz4ginh8c644-cargo-src-cipher-0.5.1.drv
  /nix/store/wb80ajsjc5n0yn24psv6bpfvj3zcyzzk-cargo-package-cipher-0.5.1.drv
  /nix/store/f1bd18lpk8q5a1s23145kwm55dq17i8r-cargo-src-dispatch2-0.3.1.drv
  /nix/store/wcczl8zkrh1rdgh6f08rrfmzxi9rmvys-cargo-package-dispatch2-0.3.1.drv
  /nix/store/ay19p4d8vnxm5igv4cfwhj54b8vr08zd-cargo-src-fdeflate-0.3.7.drv
  /nix/store/wcnvq9lp95wkpbhwp2albm4ly556gzng-cargo-package-fdeflate-0.3.7.drv
  /nix/store/agyfg6yimn5mryvi4m7f7i7rdzrv2cf9-cargo-src-gpu-descriptor-types-0.2.0.drv
  /nix/store/wk794rjcrr4l47dk09xspn8x3z2nrkfh-cargo-package-gpu-descriptor-types-0.2.0.drv
  /nix/store/d26k5jvcjsp47g8h00c1x8ga759rm3jk-cargo-src-quick-error-2.0.1.drv
  /nix/store/wq3h4gka3v7lnd65yb0m30az0i54sdpd-cargo-package-quick-error-2.0.1.drv
  /nix/store/csbjr4g0k6wb36wnrb7n5wj0nvpjranh-cargo-src-swash-0.2.7.drv
  /nix/store/wr2r43fx9ncpnp34zrip2w6807ixpva3-cargo-package-swash-0.2.7.drv
  /nix/store/wsd3b3n6zik037a5fhkk8vgxdhgbq9cr-cargo-package-crc32fast-1.5.0.drv
  /nix/store/6ky5smcjscm6f38z82f7kncj24p5sxcx-cargo-src-glam-0.15.2.drv
  /nix/store/wvg1c4wvnmsckvfmk0a7gi4fk72r7gf5-cargo-package-glam-0.15.2.drv
  /nix/store/wydhfxhg8p4fdx8rl6iamvv345zv7p8y-cargo-src-cosmic-text-0.15.0.drv
  /nix/store/ww08mn2l9j9dknc5y66pj21f1fiz0b1d-cargo-package-cosmic-text-0.15.0.drv
  /nix/store/d7mypg3arqv5lczjj9wbbsl4vxhds8wy-cargo-src-sys-locale-0.3.2.drv
  /nix/store/ww6dz095pp4dj11c9w92411da8ifam4l-cargo-package-sys-locale-0.3.2.drv
  /nix/store/n84zwq6m6603aaf2vpyiq5kgidij14l7-cargo-src-interpolate_name-0.2.4.drv
  /nix/store/wylgf9pxcjmmgzrvsmfqzs5ljgzy0nyk-cargo-package-interpolate_name-0.2.4.drv
  /nix/store/qsjnid5qfhkx43d2fnvn9qpc0aa7pkay-cargo-src-strength_reduce-0.2.4.drv
  /nix/store/wzsnv0568lq6fbphxxasv98gmp19x05j-cargo-package-strength_reduce-0.2.4.drv
  /nix/store/52lidk2wcs6v34w0v4amkhfzbxp4dm9l-cargo-src-wgpu-hal-27.0.4.drv
  /nix/store/x4igxcwyx2wyyjidy68spr7fcnijf94y-cargo-package-wgpu-hal-27.0.4.drv
  /nix/store/xdvqr1h1l0y2bnxcsicvjy0hyi8id63c-cargo-src-wayland-cursor-0.31.14.drv
  /nix/store/x71jxm2ss2rvqc0skwgz8s39l896afpb-cargo-package-wayland-cursor-0.31.14.drv
  /nix/store/x71k7s7jxh3j2dznvigc1c1fh2faz787-cargo-package-futures-util-0.3.32.drv
  /nix/store/x8bgqzwaxb540wphkvrf3g1fix9064s9-cargo-package-toml_parser-1.1.2+spec-1.1.0.drv
  /nix/store/30v047lkrzbvhh8yrmhavcjhc34sym9b-cargo-src-wgpu-27.0.1.drv
  /nix/store/x9jjfyij3x5z19nwlg0p60pnk8h0m3ka-cargo-package-wgpu-27.0.1.drv
  /nix/store/jmrbmway3ba0lmhcs1zrfa2sxzzvj5f3-cargo-src-quick-xml-0.39.2.drv
  /nix/store/xaa4idbffvzngh81lg63nn2cwd9l61p4-cargo-package-quick-xml-0.39.2.drv
  /nix/store/6w7am83byi2hxqcshvsr1cinipjnfm9j-cargo-src-pastey-0.1.1.drv
  /nix/store/xagvpim7k9pz4mgcy4vmyml5y07bxcj0-cargo-package-pastey-0.1.1.drv
  /nix/store/xbbyyb6gdn0kgngv7wps32ylab75x72i-cargo-package-clap_builder-4.6.0.drv
  /nix/store/xbckb11ppk909zg7gcb84aj43wwb2gjr-cargo-package-linux-raw-sys-0.4.15.drv
  /nix/store/jpmc00xh16x5ms6cbjczy78nv5vv73cn-cargo-src-qoi-0.4.1.drv
  /nix/store/xj2ryhw2bakj7sqhk19fcpckppp1jpg1-cargo-package-qoi-0.4.1.drv
  /nix/store/xj57qhizjiw3kmlm82c8wjsi9033z0v9-cargo-package-windows-numerics-0.3.1.drv
  /nix/store/n1pkxc6w384c621kyjzciglgli5hd1z0-cargo-src-num-rational-0.4.2.drv
  /nix/store/xjvqgyan1yc92alvc842vl3f80a2y5qg-cargo-package-num-rational-0.4.2.drv
  /nix/store/8m67hjs8cd2c1b2d1nf43j8nz3pdz2hp-cargo-src-malloc_buf-0.0.6.drv
  /nix/store/xkpgm7gfhqlvh7cd3m395g9x054f8kg3-cargo-package-malloc_buf-0.0.6.drv
  /nix/store/iazf2rn3jh1j7khnljg8albqzns9kgjl-cargo-src-dbus-tokio-0.7.6.drv
  /nix/store/xlmiy1snip0zhjnwhzizyi6gvs989qgn-cargo-package-dbus-tokio-0.7.6.drv
  /nix/store/xndk7xqy932yrs72rvfpvw6br59jsmlz-cargo-package-windows-collections-0.3.2.drv
  /nix/store/zpk8jldh9r92zll1j27fkz1dg380150s-cargo-src-async-recursion-1.1.1.drv
  /nix/store/xrxw0ysragsll23048jh5b2a3ygw62zq-cargo-package-async-recursion-1.1.1.drv
  /nix/store/70lzqayrxz5x58dmygpnwrii76gl40ak-cargo-src-windows-targets-0.42.2.drv
  /nix/store/y0w25cyr3j2d7wqyn9jd8hvablrb5kzk-cargo-package-windows-targets-0.42.2.drv
  /nix/store/wrygsyp5yd2grn3sapqd0pbj0lih505q-cargo-src-window_clipboard-0.5.1.drv
  /nix/store/y1yi5fffac4y78nacyv1brydjxky3wqi-cargo-package-window_clipboard-0.5.1.drv
  /nix/store/ldd7qyf306jn4pqa4ylwfwf1fgyfa045-cargo-src-uuid-1.23.0.drv
  /nix/store/y3sd24i52i3gj4jf0axksz22kfzhxhgz-cargo-package-uuid-1.23.0.drv
  /nix/store/y6figfdp0q2l0rrx3b2w6dl1my82f5mi-cargo-package-futures-sink-0.3.32.drv
  /nix/store/dfvy1qzd2fqsvaqsjvrizrap5ciycz1v-cargo-src-dlib-0.5.3.drv
  /nix/store/y8m3xdvslfhy8acrs1v5i47s9qypdxbr-cargo-package-dlib-0.5.3.drv
  /nix/store/yaz2lx6pq27xzkv3gyn7fp4lv4cvhjik-cargo-package-strsim-0.11.1.drv
  /nix/store/yb80x2cirhjf06h2fpkf8pq1jxy659sp-cargo-package-wit-bindgen-rust-macro-0.51.0.drv
  /nix/store/fh7rvxw578dpi9kv2sm0p8ynj0yipkv4-cargo-src-wasm-bindgen-futures-0.4.67.drv
  /nix/store/yb8s2z7k2a89q5v5nm1v5skmzq4ijgn1-cargo-package-wasm-bindgen-futures-0.4.67.drv
  /nix/store/3bydpymp9lh31m75bk4wnwa26b3fyg0w-cargo-src-clipboard_wayland-0.2.2.drv
  /nix/store/yfyd5r4zcchgwj2ixdh0f6q6r417jcr3-cargo-package-clipboard_wayland-0.2.2.drv
  /nix/store/92x6hiww7sfmdl19v99g1wsm4bdxb3r2-cargo-src-cesu8-1.1.0.drv
  /nix/store/ygqjm02slmbq02mvx6zblgxk6pmgx5b6-cargo-package-cesu8-1.1.0.drv
  /nix/store/3639ycd1cvsvkpcm5mrxszjfxixvm3ai-cargo-src-objc2-foundation-0.2.2.drv
  /nix/store/yh16qxqk4vyh1lfz66palzr6j7adxkqg-cargo-package-objc2-foundation-0.2.2.drv
  /nix/store/yiccryrp60qba0hiriramchcf1v4i4k0-cargo-package-errno-0.3.14.drv
  /nix/store/yicvwa49cpd97pz5sghvv7687k572d87-cargo-package-pkg-config-0.3.32.drv
  /nix/store/lgk26i2a20qlbf3v5fzlyl3mq1ih3svr-cargo-src-wasip2-1.0.2+wasi-0.2.9.drv
  /nix/store/yiq6nnhin03zs45p0y08gn5dmh2anh3x-cargo-package-wasip2-1.0.2+wasi-0.2.9.drv
  /nix/store/icyy9i9ykk5s1pl7gqzcjlzwv4jrzd06-cargo-src-bytemuck-1.25.0.drv
  /nix/store/yn4vpy7vy1gin855mhqng2bfxdqb17ll-cargo-package-bytemuck-1.25.0.drv
  /nix/store/yni88zcw618yvjympasgsn62kzrijzbs-cargo-package-simd-adler32-0.3.9.drv
  /nix/store/bls647zn9sk3f4vcf1fn84jqrrcrcy81-cargo-src-num-complex-0.4.6.drv
  /nix/store/ynqyrsyn63kdf1jhrx3c5g8h3pgss8jd-cargo-package-num-complex-0.4.6.drv
  /nix/store/mmpyzxzkdmxbvg0nqwxl9lc6a7w8a7nm-cargo-src-rangemap-1.7.1.drv
  /nix/store/ypr1byyjc9la5lmax68qhjix9813nnhk-cargo-package-rangemap-1.7.1.drv
  /nix/store/qx25qkkiix7dfgf22jx5k58ddck92y1a-cargo-src-khronos-egl-6.0.0.drv
  /nix/store/yscsaxx0c68byv8q6fsp79h6hdqc30kf-cargo-package-khronos-egl-6.0.0.drv
  /nix/store/z0rcpsdxp3pvq8wy4gpjvvz94bc3fihz-cargo-package-plain-0.2.3.drv
  /nix/store/50dcm7rkvaqab4y38f30105jqmxal6n3-cargo-src-bitflags-2.11.0.drv
  /nix/store/z5sz4jndyhqzf02lxmixln0vbap6sdg7-cargo-package-bitflags-2.11.0.drv
  /nix/store/l6n8im5ciry9mmyk8yfs5lxcg5py61z7-cargo-src-primal-check-0.3.4.drv
  /nix/store/z6f449cd9dsdw1vxm87bb9705ar48a81-cargo-package-primal-check-0.3.4.drv
  /nix/store/s4vkyn9k33llqd2jgh1qjhxbki7ysi29-cargo-src-foreign-types-macros-0.2.3.drv
  /nix/store/z6q8lmfm2ni2bkg4h7ckxkgag79zfibs-cargo-package-foreign-types-macros-0.2.3.drv
  /nix/store/cgxny1i7c17q9zby6c13j6rc6j82vw2c-cargo-src-objc2-contacts-0.2.2.drv
  /nix/store/z7fbyn5g9zpbk1aq596v06gyhgwzxfjn-cargo-package-objc2-contacts-0.2.2.drv
  /nix/store/6w96f1hl2f7rv6zz8sxli8anl2idv3cx-cargo-src-objc2-quartz-core-0.3.2.drv
  /nix/store/z95p9pvil3z6ywbw7nhw1yaswj2jymnr-cargo-package-objc2-quartz-core-0.3.2.drv
  /nix/store/b4gc6d3j8s13va2sxzk9nfnhrpn1k6mc-cargo-src-smithay-client-toolkit-0.20.0.drv
  /nix/store/zcbg6lfx98v0b30mci84d9j9sk4llr8a-cargo-package-smithay-client-toolkit-0.20.0.drv
  /nix/store/yx3gkm2qhlw3y4dwh5naf19hlg4fhh8z-cargo-src-gl_generator-0.14.0.drv
  /nix/store/zcqwlj6ia81szd0y14yvjmar1jrhqi1v-cargo-package-gl_generator-0.14.0.drv
  /nix/store/a3nsym7sm2acbcs2zscy6yj0axanf91z-cargo-src-approx-0.5.1.drv
  /nix/store/zd85v0w2pwgkjsy0qsyqq108c7dsdvai-cargo-package-approx-0.5.1.drv
  /nix/store/zf2fw7pn6zfd4aydls4yldymc3da4qpy-cargo-package-windows-future-0.3.2.drv
  /nix/store/zf2yygh8xi6lqypw99wkqa2x7b9sh0hw-cargo-package-zvariant_derive-5.10.0.drv
  /nix/store/38n9nxcd5iib7gvnxv4c27mvmwijrnvk-cargo-src-self_cell-1.2.2.drv
  /nix/store/zh77dzzxxff90gn90z4qnm2fshjxh196-cargo-package-self_cell-1.2.2.drv
  /nix/store/ziwld9qnazppf9ni9fk6ks3j2b0m0m4i-cargo-package-aho-corasick-1.1.4.drv
  /nix/store/zkjvg68337dshz3k7b1wji4ckfb617kr-cargo-package-wide-0.7.33.drv
  /nix/store/zkn9qzyxvs84b1536bxis6qs4wy2s7ak-cargo-package-bit-vec-0.8.0.drv
  /nix/store/znijjcvv15wpf82j4isb00kvdads80fn-cargo-package-thiserror-2.0.18.drv
  /nix/store/3mxrdi6257al7sbf96iw041m752hky6v-cargo-src-cc-1.2.58.drv
  /nix/store/zpava3xdhkz1dr5gxafibqf1czih6hm3-cargo-package-cc-1.2.58.drv
  /nix/store/ljmysgzv6d96p1zqrrk3ny3linl3hdx1-cargo-src-android-build-0.1.3.drv
  /nix/store/zr1gp8d489k0hskx9lh6xj42gh7gwbam-cargo-package-android-build-0.1.3.drv
  /nix/store/afpcn6a5pb3jkr64l3wy2zpagq31mlxy-cargo-src-glam-0.24.2.drv
  /nix/store/zvvplkjhs2ps03jjlin60y85vnng206l-cargo-package-glam-0.24.2.drv
  /nix/store/j56vaz8lg6nj772m1mlh6sf3nbj0pkas-cargo-src-gpu-descriptor-0.3.2.drv
  /nix/store/zx5iasad7h3wk768xp7cdzcrz8c11h6l-cargo-package-gpu-descriptor-0.3.2.drv
  /nix/store/5r0j3h79j5fwjrsd0m7zv196pfz2y3yv-vendor-registry.drv
  /nix/store/dkvs0xg0ilhg2733k3qjbwi9qfvalf49-vendor-cargo-deps.drv
  /nix/store/dv2kvqih1g2051afjp7a2wx6jyyzm69i-removeReferencesToVendoredSourcesHook.drv
  /nix/store/n6h3ppffmv5z1hf1q6pjzrsffjb8zryy-replaceCargoLockHook.drv
  /nix/store/nbgwr6i411kzgyv0262jnbz9ivzarhkm-configureCargoVendoredDepsHook.drv
  /nix/store/nc6sscra9q69yk4s06asm47my2071vfx-installCargoArtifactsHook.drv
  /nix/store/p4hki5hp9z2w1mnri8yvy9zrgg5m6ji0-removeReferencesToRustToolchainHook.drv
  /nix/store/pnbaz04523l1b7hwih443473q3qqwbl6-inheritCargoArtifactsHook.drv
  /nix/store/lksl21sznal8r5yqzssysq8sp6p26371-dummyBuild.rs.drv
  /nix/store/y7z3ab12zk3yksq22l3qykjqvaapx62n-Cargo.toml.drv
  /nix/store/zryynrlhz5wr5ilvgb4j46w1paz5wl42-dummy.rs.drv
  /nix/store/9skp7fxgy8hnzpsc0wq0m87axiy6myvh-source.drv
  /nix/store/z0x50i0klzii9i4gq9zm573s8zf34ff9-configureCargoCommonVarsHook.drv
  /nix/store/xlxm7m153bdb785sbg20h1fv40f4h4mb-librepods-deps-0.1.0.drv
  /nix/store/1p7vya7ai6jb2llasnq71jn7shgc1xc9-librepods-0.1.0.drv
  /nix/store/1yj9h1j4cy6ivngxyzka60da114zv0z4-font-manager-0.9.4.drv
  /nix/store/3w73q09p3wj36s8p9vsnv9i9p3irhmva-nvtop-3.3.2.drv
  /nix/store/8c38b2lysv1l0si5pyrwm0zj65xn1gi6-nvidia-settings-595.91.07.drv
  /nix/store/v7isxy4q5ixxlpfi2x2kpkb2jkvb7pc3-obs-studio-plugins.drv
  /nix/store/a2aww2sadglzw85dpd0lcfkmqrs0zfvw-wrapped-obs-studio-32.2.1.drv
  /nix/store/bkrxvd5nfm177v7xqn6ajry9xmf30rgp-nixos-version.drv
  /nix/store/bq7ab3ap5k6jzrycslj1df2r0qyx0c5b-postgresql-and-plugins-17.11.drv
  /nix/store/ca9kfyhzdnc4hxac7cmspsfxm95pk1n0-X11-fonts.drv
  /nix/store/9pr55xl7s98w2vs5njhb9pq02px1kxha-steam-1.0.0.87-fhsenv-profile.drv
  /nix/store/6xchhs59l4w0bd2w7pxjn88f1wccz1j9-steam-1.0.0.87-fhsenv-rootfs.drv
  /nix/store/4j1maffncvn5dl64hmqdh9m72akjzh66-steam-wrapped.drv
  /nix/store/vip6h1qax2jp9k1w49knzbs3rrxnl2y0-steam-1.0.0.87-init.drv
  /nix/store/glgj1r5ya32fbz0dpwa15p7xn32hv2lc-steam-1.0.0.87-bwrap.drv
  /nix/store/d59pppnzb70dvwqqkmw2rd41cw8rrs7i-steam-1.0.0.87.drv
  /nix/store/2ybx0lwmhcpbgfamasph9f4xniwnyghz-nixos-manual.desktop.drv
  /nix/store/blnqsk7xnc5m7p4pggzrm5g0829n92bw-nixos-help.drv
  /nix/store/dimj2d1603yjmamcipl1lhrcsyg3754h-nixos-help.drv
  /nix/store/2qpa0ixhg68hfkc911ip5g2p5vvy5ln4-appimage-run.desktop.drv
  /nix/store/bgbh13xvxl0psprg5f65cbvxrvrll1sj-appimage-run-init.drv
  /nix/store/h5vvxm1ws7qh1b9q6rvcrmzjz1n2h6dy-appimage-run-bwrap.drv
  /nix/store/dxjsln3403r13g42vzxv94x8gnhm7zap-appimage-run.drv
  /nix/store/g89inx0clz48j83b9vb23zzvsb2x0wl9-krita-6.0.2.1.drv
  /nix/store/g9khqw4hlpmv9giqccx95da38qya0hgv-prismlauncher-11.0.3.drv
  /nix/store/ghfambb90vz407sa916984pp72cav58r-gamescope.drv
  /nix/store/gmxc97circqkrdl26f84ksy6q11i58ya-nixos-build-vms.drv
  /nix/store/b89cw3pvj4wnnjw778ynmxyy948ahkmp-source.drv
  /nix/store/wj3b3na6l04n03h3i6kx0bzcg8y4xd90-python3-3.14.7-env.drv
  /nix/store/lbg98xn5fdi4b98qwvafsmjg02fh2y6k-pythoncheck.sh.drv
  /nix/store/xaxx0ff8h5bc8yizvnwz7hvp1x4w39fy-pythoncheck.sh.drv
  /nix/store/1s46wrapdjnjkwpj9vynzyi1ljh1ndwd-fetch-cargo-vendor-util.drv
  /nix/store/mcf07bqji52czgbap3nrll43k9k91ndd-python3-3.14.7-env.drv
  /nix/store/hzrbfaxwf5mwii7g25ls264r844rr65z-pythoncheck.sh.drv
  /nix/store/n7pwp7mcmjhqxbsqv3izagy10kkhjnc7-pythoncheck.sh.drv
  /nix/store/i20y78kcc6vcrvh4mmy759j9c1srjp5k-replace-workspace-values.drv
  /nix/store/rb5bhfxsw649walyqis28z04kjljd356-buttui-a498bc38d581613ef07df74c255ba12f256c014f-vendor-staging.drv
  /nix/store/pi9zhaj7dxbx3ayibr2xqx38qvkr3xvm-buttui-a498bc38d581613ef07df74c255ba12f256c014f-vendor.drv
  /nix/store/ianizbw28s6g57n20h6xnb8s0kgz526h-buttui-a498bc38d581613ef07df74c255ba12f256c014f.drv
  /nix/store/6g87rpvxl0qk5ihj9gm17jz1xgbl2b4m-clap_lex-0.7.7.drv
  /nix/store/g700azqvrsgl842iq8sg85yrwsx27hgq-crate-clap_builder-4.5.57.tar.gz.drv
  /nix/store/hfzk59i9xk70myan52mm3zmhb286lh34-clap_builder-4.5.57.drv
  /nix/store/jnvcx5731xxj6mdbiaxj1fp2gnq37cvj-crate-clap-4.5.57.tar.gz.drv
  /nix/store/iicndwbrj6xvxh6k6nfwdacxq9caaml8-clap-4.5.57.drv
  /nix/store/wfw40vk6n8i0h2jmkrhi3p1sddqyxpa8-crate-signal-hook-0.4.3.tar.gz.drv
  /nix/store/x15cssxnw06gzkx3160zfbdb28f10z33-signal-hook-0.4.3.drv
  /nix/store/z2qxpdhb4fr9al1r3yhwdd6nhjd2agh2-users-0.11.0.drv
  /nix/store/ymbr9pr14z3cw53c5mlh2hy670vg2l8f-cargo-vendor-dir.drv
  /nix/store/88xydmxapqnz11znzg8bji7a6nzlqsz4-libsnow-helper-0.0.1.drv
  /nix/store/qiw7jsni83n638ascn8hh3237skx1cs6-crate-downcast-rs-2.0.2.tar.gz.drv
  /nix/store/1h09k5mc1bs17b9c5yyfcnanv87c8i7a-downcast-rs-2.0.2.drv
  /nix/store/6kp1rnqnmxdv1np0z8pgmcqk3i6g73kd-crate-ownedbytes-0.9.0.tar.gz.drv
  /nix/store/255dr25l30ya9zqr859ai2rcarllcrb7-ownedbytes-0.9.0.drv
  /nix/store/3wpbikm9a5gf7spd9p587qxjafqq11yb-toml_parser-1.0.6+spec-1.1.0.drv
  /nix/store/r5y46s4lspv99gnp339ah0a9dm6sgdyc-crate-tantivy-query-grammar-0.25.0.tar.gz.drv
  /nix/store/45jlyppsyrfnpvs4lki94jfxm7jvisxy-tantivy-query-grammar-0.25.0.drv
  /nix/store/9cvnfsxnmaqmh31zwwcfp38c8c61ngh3-crate-fs4-0.13.1.tar.gz.drv
  /nix/store/5cl2bpa0q4m1jbb874p7cvbrjlv2s265-fs4-0.13.1.drv
  /nix/store/ywfp3rlha498v6wn3b6x1w7v26ycy00m-crate-bon-macros-3.8.2.tar.gz.drv
  /nix/store/695ypipg5pxxlqlw0vvh6d021hrnpirh-bon-macros-3.8.2.drv
  /nix/store/69s65xdxd5nadvnsq2l70rq8m4pcfpkd-supports-color-2.1.0.drv
  /nix/store/qkm6br643b573br9ff9k7nx6zzn4daim-crate-rowan-0.15.17.tar.gz.drv
  /nix/store/6mlpspgdljc6mr7wqlzq59l0l0a5dwns-rowan-0.15.17.drv
  /nix/store/7b243lyxdf2i1macpcjg5dzx5n0vgmyp-text-size-1.1.1.drv
  /nix/store/yknhi8m3c6n858n660gp070vrrxbk5dj-crate-tantivy-bitpacker-0.9.0.tar.gz.drv
  /nix/store/7cs37fvi9hrbzpjdayqzjmrp80428w7s-tantivy-bitpacker-0.9.0.drv
  /nix/store/7fa534ac46maf404bd88wc4df3c2pj9j-tempfile-3.24.0.drv
  /nix/store/5idbwbpjpq9g93zbs86jiyz74l28q94s-crate-tantivy-sstable-0.6.0.tar.gz.drv
  /nix/store/7ppzb3wji9z1vivf0a0b38fwbi2bhsvw-tantivy-sstable-0.6.0.drv
  /nix/store/qgyksy135fg1jhdjxzymdk6k83mi62v8-crate-tantivy-stacker-0.6.0.tar.gz.drv
  /nix/store/adnj3cyx0p3g5dj2hnq32d40nnl7ifdy-tantivy-stacker-0.6.0.drv
  /nix/store/m8z3r1lbhf82c6qy2a26daajlzw60yqi-crate-nixpkgs-fmt-1.3.0.tar.gz.drv
  /nix/store/ar1k96xbfnk7s3m9jlkgzdp5yjmfsp6f-nixpkgs-fmt-1.3.0.drv
  /nix/store/klh0hhc2066479v9xszqqm4kmf4qchls-crate-nix-editor-0.3.0.tar.gz.drv
  /nix/store/bz7x2k7vi5l01p6s1k0y4pbwcl83hmvr-nix-editor-0.3.0.drv
  /nix/store/cbszv567s7rcv2bw921cj5g0la77rqsa-oneshot-0.1.13.drv
  /nix/store/1lzdb4vizdagwlfqpfdrnhsj2395c8m6-crate-bon-3.8.2.tar.gz.drv
  /nix/store/d88g6wcg2x3wm71whfbzz3hrwizq72yr-bon-3.8.2.drv
  /nix/store/flj5p0hcd13ypvwf91432bcriynfzx60-reqwest-0.13.2.drv
  /nix/store/rlnhhpyr97baamqk49g25p4g1574687y-crate-quick-xml-0.39.0.tar.gz.drv
  /nix/store/gybv0li2kjmfidwnsvgpwcf6w9s4vx2d-quick-xml-0.39.0.drv
  /nix/store/55lq9n8gc49hjpxd5lvg3dhyjzmnm1lb-crate-rnix-0.10.2.tar.gz.drv
  /nix/store/h0gyrb3mi8j65jn0fwxcjp30ppdi17gy-rnix-0.10.2.drv
  /nix/store/h241wg8lc62k1z8kwl3zk6kxsd969wq7-owo-colors-3.5.0.drv
  /nix/store/h5p4r30ynqvy5snzk1r010ky1gyfjnvw-pretty_env_logger-0.5.0.drv
  /nix/store/gz8h8qwjpyryayxxqss6z1rgkrrxc0az-crate-rusqlite-0.38.0.tar.gz.drv
  /nix/store/i5qng1526159mkcshsd5v93lzcbs71jy-rusqlite-0.38.0.drv
  /nix/store/nb68i0v1pkldnjkfgwdgxavx35fsk0vn-crate-rsqlite-vfs-0.1.0.tar.gz.drv
  /nix/store/i80df6khinni6sc9gppsw7ad26hzpi0c-rsqlite-vfs-0.1.0.drv
  /nix/store/qcmlvpf2r2imiip37dfijgvyax40y5kj-crate-hashlink-0.11.0.tar.gz.drv
  /nix/store/ijy81i7qpcs12dqqs43id1yjl5694d8i-hashlink-0.11.0.drv
  /nix/store/pq5hq05yfbf20zpgfidzmy80iwc629a7-crate-aws-lc-sys-0.37.0.tar.gz.drv
  /nix/store/k0h6fk1cwhmzqh9a777c61ki3yhskp9f-aws-lc-sys-0.37.0.drv
  /nix/store/k5l5jsdg9ixcgl1ibk5sbyxnchn6m9d5-countme-3.0.1.drv
  /nix/store/f517swn5zmwsgh6gld1scm8yihjzhv6b-crate-rowan-0.12.6.tar.gz.drv
  /nix/store/kd747biw4ydwdm2xbglaw47nqmblxyh0-rowan-0.12.6.drv
  /nix/store/kwd3644hn1m3j1q6hxbrvmipbsxn7x0r-smol_str-0.1.24.drv
  /nix/store/lfxvlzqx3m2i0adnk5p9p6cz23qk33sv-crate-bitpacking-0.9.3.tar.gz.drv
  /nix/store/lcfglmsc7harr7r455z9cw932g1iwgq4-bitpacking-0.9.3.drv
  /nix/store/a4ds3bdrgm6rbmyyb289zbwxxz39xcgs-crate-tantivy-tokenizer-api-0.6.0.tar.gz.drv
  /nix/store/lp8rl1kghj0dsafbi0w618d83qzv6s4h-tantivy-tokenizer-api-0.6.0.drv
  /nix/store/m9dm302lbn738xdw20bp26zw3m5bbmr8-toml-0.9.11+spec-1.1.0.drv
  /nix/store/c36ww0c9y41sj82m3v2a66c7jngpjp9g-crate-libsqlite3-sys-0.36.0.tar.gz.drv
  /nix/store/mwgfxzhqnqd8c53s286wbk6j4d27y73c-libsqlite3-sys-0.36.0.drv
  /nix/store/j1zg3j8l5z9zszr1rl6lhkdkgyxjyxxw-crate-cbitset-0.2.0.tar.gz.drv
  /nix/store/nmmzpdr1gmrwfvdx7xawpm4bqgbjjn06-cbitset-0.2.0.drv
  /nix/store/vh64ijkqad81x4w0hbrfs7w17rhnhwzv-crate-aws-lc-rs-1.15.4.tar.gz.drv
  /nix/store/nwxbzsf5qd78qxl0l4b1sx6v7x2cprm0-aws-lc-rs-1.15.4.drv
  /nix/store/bj56l5jrm60xg9k9gvlj2ma1qmr4xid7-crate-tantivy-common-0.10.0.tar.gz.drv
  /nix/store/r2gvs4fb2d0rjamd3mf9l7clyb5047fx-tantivy-common-0.10.0.drv
  /nix/store/dx19wxfq8pjhjqdhga12v2h2ihy9xxrs-crate-tantivy-0.25.0.tar.gz.drv
  /nix/store/scxy1wcdd571xkp7zbz72laan4w2c4zb-tantivy-0.25.0.drv
  /nix/store/vr0mks2axqlskdgv6rly5iq3y7zcxr4z-security-framework-3.5.1.drv
  /nix/store/w7nw8rlhcq7ynzww7qphvaxkpc6ppg9c-webpki-root-certs-1.0.6.drv
  /nix/store/gvc4mi4svpknmansz8yb6svfalxvfmfw-replace-workspace-values.drv
  /nix/store/r4p6zvckca6lqqf0qsipdlmx4sghyli4-libsnow-add39e0.drv
  /nix/store/wpz3w7g39yimgpir2pva6d3mqqxl4xym-libsnow-0.0.2-alpha.1.drv
  /nix/store/cn4356xakplfs2ns18865vkh44ih26b3-crate-sqlite-wasm-rs-0.5.2.tar.gz.drv
  /nix/store/y2apag7a7ydnrwlrwl5qg36650wpn0zg-sqlite-wasm-rs-0.5.2.drv
  /nix/store/wn9690pyw8n68j8c7alvwicsba1by78g-crate-tantivy-columnar-0.6.0.tar.gz.drv
  /nix/store/ydmggz1hq79wdv9y6wwdqlkpqg8np8yh-tantivy-columnar-0.6.0.drv
  /nix/store/9525sfk00qlgjp2lfyx39nxvm7q6821g-cargo-vendor-dir.drv
  /nix/store/jfdjrv8wbag8skg47pvyxc4q4lp6dv2a-snow-0.2.0.drv
  /nix/store/4w23hkr8q881njnsc755cil33824zyyc-perl-5.42.3-env.drv
  /nix/store/jh5ndglgqwfai8sm3kyyf3xxxw3pqb1l-nixos-generate-config.drv
  /nix/store/qn6l8xwf0hv02nl4f87n050f8wc8yaci-rarlinux-x64-723.tar.gz.drv
  /nix/store/kh4512g0lay0j17b7k8z03ca1kgw84nq-rar-7.23.drv
  /nix/store/204yn7f9y7n8ifhrgjvfzd0haljj93wh-extract-binary-wrapper-cmd.drv
  /nix/store/27jh9wd2n7s4hbqbwc0qwqqpahf3q0jh-thunderbird.desktop.drv
  /nix/store/bkgrlzbsgx14dn74xcav02j3j80fd0v9-policies.json.drv
  /nix/store/lzrb0yvx80cfxrbg3s2g23gj2y7vywmx-thunderbird-154.0.drv
  /nix/store/nssnv0rkwvgnwra7f1q7bx3jbvnzsndr-nixos-enter.drv
  /nix/store/rbhzfap5jrd92gcmbci7dmsp3h5iy3zn-xwayland-24.1.13.drv
  /nix/store/sgxyzf1m6sfwvkapx1msad1dpsi6pvs6-steam-gamescope.drv
  /nix/store/szf3grim5i3ddldfd2svk5cr03n3zsb9-ld-library-path.drv
  /nix/store/w847f6hfgawdji26dbb9819g5rr904av-nixos-install.drv
  /nix/store/i9nsqn791g3wcgv6sfq6qdyni7r76lcp-zen.desktop.drv
  /nix/store/cyk2c43ycfhc11kp3nsy85z84shmz6pg-firefox-policies.json.drv
  /nix/store/im5xv4jzaycvjx5ppxv8g96217nxv2hy-zen.linux-x86_64.tar.xz.drv
  /nix/store/jjpbh9l07jh0747ldymk231f82v63npz-zen-browser-unwrapped-1.21.15b.drv
  /nix/store/ypq0akzkib58s619zhky94gzm1c4njg2-zen-browser-1.21.15b.drv
  /nix/store/1lnnc812kj5q8n0zlf2rhsj0m9yqjkk8-discord-stage-modules.drv
  /nix/store/4330j2mghf9a7fz651apac9slgaj96kd-full.distro.drv
  /nix/store/3a6aq9z1873yra2z4s4hbr9qys16240s-full.distro.drv
  /nix/store/4nprxck3ab44d7zkbcvjlwkkgvd6ya1z-full.distro.drv
  /nix/store/7xpib3bsxb8ryshndslck225x75mvm59-full.distro.drv
  /nix/store/cc8jchji62r5cxzm42mx8md0zs61a69f-full.distro.drv
  /nix/store/fiqkpbv9p4qzx6j9gnlfwykp71z7yv6j-full.distro.drv
  /nix/store/hxp5awc5dhw7wg5q4c6p4mm9cnd52dmf-full.distro.drv
  /nix/store/kcqd9jkpa47nk9xbyzcs7b0jbvmvxgd0-disable-breaking-updates.py.drv
  /nix/store/mnidasx2694xj8jlsq16fvgbmkz2dwqs-full.distro.drv
  /nix/store/rbi7d4n8n2znhdknvd2p4p4wgns4x1j2-full.distro.drv
  /nix/store/rr42wdhdxy3mm9zn4b70y92ydgasvg5h-discord.desktop.drv
  /nix/store/sfxj3cmfb0zr8ws52x5sc50wyvaxys6j-full.distro.drv
  /nix/store/sxnjq2zimghvq039vlxfy94wddgdh5k4-full.distro.drv
  /nix/store/v1ny184s17cjj86b24d4w01xygrx1xha-full.distro.drv
  /nix/store/yzfqkg12kxhx4ymyir7wcdn0704k33mm-full.distro.drv
  /nix/store/j6rb4qrm82sqr0dhhwz1xysr6q9n36wa-discord-unwrapped-1.0.154.drv
  /nix/store/aalmdb914y6pdqhrz2sry6ma7gi9m89k-discord-1.0.154-init.drv
  /nix/store/jmc4mwggsrddav81n4v3vcka550s56wh-discord-1.0.154-fhsenv-profile.drv
  /nix/store/w2k9imyd12iyzrkyj100smbyf8n80m2p-ldconfig.drv
  /nix/store/srb23nf4bg7y2p47x3h4am37k499bzs0-discord-1.0.154-fhsenv-rootfs.drv
  /nix/store/wxi2nsmhwlhdmpmjmcwygykw4qfy4sm6-discord-1.0.154-bwrap.drv
  /nix/store/z50hpgj9xdzcl3z7x7hl6rvnyx1wnv20-discord-1.0.154.drv
  /nix/store/zy4fbqbkpiyfxk37r7k3w0bs447shl95-fallback-cursor-theme.drv
  /nix/store/r26mzifikcbm0c2d9n8rs4hc1ianqkhz-system-path.drv
  /nix/store/6lgywmysbjd1zmvl0chs8is574vi0awj-dbus-1.drv
  /nix/store/81a1g21xxrkzhccxk7744phaf6d5a80m-X-Restart-Triggers-dbus-broker.drv
  /nix/store/1chbgpav203ak15iy491fwyhcrbc77d0-unit-dbus-broker.service.drv
  /nix/store/1dnz89zcb84awzljaav92z8n114zbvid-initrd-shadow.drv
  /nix/store/whbz3268b3wjaccnwzky44as6sjbkyvr-NetworkManager.conf.drv
  /nix/store/g5fbj28h2k1vnhc3xfb48y94xkij8gv1-X-Restart-Triggers-NetworkManager.drv
  /nix/store/1g02if766rc7nc6pjfmw0312lb64vggp-unit-NetworkManager.service.drv
  /nix/store/1ji3pck2knnq085qr1yx42mq11scfngd-unit-plymouth-halt.service.drv
  /nix/store/1jn11ndys90dbjzaxfr35rd4qr663p0q-unit-sshd-.service.drv
  /nix/store/46qlb56782v86ziy7kx6bpj6hmkfninc-libxml2+py-2.15.3.drv
  /nix/store/8n4qkjpl3slhy38yd4fkrh6p43zf0vwv-pythonGen.drv
  /nix/store/4gicrang7irmp6pi7vk8lggdvzy9wm08-dummy-xdg-mime-dirs1.drv
  /nix/store/62h77g2nh7hs5av2y7aj0xdyq1jara5n-plasma-manager-commands.desktop.drv
  /nix/store/a3ly6srlia5h0k5yx4sz4rqm7ypcyz0v-settings.desktop.drv
  /nix/store/gilw2j6f4ykipmmwlvzi4ah9bkqswfcw-ulauncher-toggle.desktop.drv
  /nix/store/h9wjm6a1fm2phx6ycwh6ww9rnj4rfj52-dummy-xdg-mime-dirs2.drv
  /nix/store/l8wg8pnby5xgb2b75pv0wpwljacjcs8v-dummy-fc-dir1.drv
  /nix/store/n8w4acmdivvi1wmz7mcajm72ccx46ilp-hm-session-vars.sh.drv
  /nix/store/q5qxih30w7s350mlnmxcypg3hsjkxwh3-home-configuration-reference-manpage.drv
  /nix/store/9hngpv544fg5crh3r2hm9m9r0a9h9wh1-home-manager-path.drv
  /nix/store/1lz53d31spc8hbr4pzvcbj15irwj0yzz-hm_hmfontconfigfonts.xml.drv
  /nix/store/3yzn0nj7czqdknhky8cwlp4xxsd9ag1h-unit-script-nixos-rebuild-sycoca-start.drv
  /nix/store/1xkzdrms7qjvi875gi2m75wxxlq9ngzd-unit-nixos-rebuild-sycoca.service.drv
  /nix/store/1ymm8bv5k11sb9qas694vbxgv3nnmahp-unit-nvidia-control-devices.service.drv
  /nix/store/251rdplvhdhkwnq5gfmi2zs8p4jgszyg-unit-rtkit-daemon.service.drv
  /nix/store/c3sk0jgchv415w3aa74ghwxh6vn8c79j-logrotate.conf.drv
  /nix/store/2f1hmaxw817s89375ddi3g83zznrkl7q-unit-logrotate.service.drv
  /nix/store/dzsnzga5jmyss4cnkfkk1x5kzhddflb0-X-Restart-Triggers-polkit.drv
  /nix/store/dwfyxqlc4dypnw9wzij5j3x7zdgyl5bj-etc-polkit-1-rules.d-10-nixos.rules.drv
  /nix/store/jfdcvhiqamfprsy5g3jnw246cgala0a4-X-Reload-Triggers-polkit.drv
  /nix/store/2j0i1pzx11jh1fm5wrqxdqg5ik3j8kgj-unit-polkit.service.drv
  /nix/store/2l0nvx6lfs1nkd29aw64sgzx672kb6zx-unit-systemd-oomd.service.drv
  /nix/store/2na1fk1ax0fr75zfxnh9rdgq85m6msmb-unit-cups.socket.drv
  /nix/store/36685lgs09kczigx6wg7lli40m89dfjz-unit-systemd-hostnamed.service.drv
  /nix/store/77ybc7qw4nx0z2w9bhyxnda43p131q6l-X-Restart-Triggers-systemd-binfmt.drv
  /nix/store/3iqf3zkwimh9br3d7kflwxr892xywv79-unit-systemd-binfmt.service.drv
  /nix/store/n4qj8zjgy9bw6k4iqkdvsdbiffj1cjml-unit-script-nix-gc-start.drv
  /nix/store/3pjw5r74gkqjjdgcmn74bbf6m7xri16s-unit-nix-gc.service.drv
  /nix/store/3y2zpjhxsvaa3apraa8v1s79di863iw7-unit-systemd-makefs-.service.drv
  /nix/store/4c2xpgwhwglm1rh2r5l1dnq2y2zyxv2g-unit-remote-fs.target.drv
  /nix/store/4h8s6kms2ficnzlbmaz9j2dnjycznxrs-unit-console-getty.service-disabled.drv
  /nix/store/2vsa6y3mg9ykzjpyi2bki87frsf8h66k-unit-script-resolvconf-start.drv
  /nix/store/k7s2baymcbwgl7azwxqs5rr8m46shzvi-etc-resolvconf.conf.drv
  /nix/store/blvnngcl19bnrqpbjvdy9l3rxfh0dlaa-X-Restart-Triggers-resolvconf.drv
  /nix/store/4mcfqcdfawp8xq1ccv4v91l59ni0r5jj-unit-resolvconf.service.drv
  /nix/store/wzgx3mcfqsdfq0hvnhd168i4f82z5xhs-security-wrapper-utempter-x86_64-unknown-linux-musl.drv
  /nix/store/i49p0sqfpxbrvladi1lznipl7szkgjnw-unit-script-suid-sgid-wrappers-start.drv
  /nix/store/577h01b3m3bmqqfpap2x8sjmaz5a9rcj-unit-suid-sgid-wrappers.service.drv
  /nix/store/581r9mj3w8n3097f4lzimkf881hcp665-unit-systemd-importd.service.drv
  /nix/store/clr114ygmy3ckaj4d8yk8v9im786wy18-unit-script-xrdp-pre-start.drv
  /nix/store/cr2k341hnvfix6qc4gm4464nrl8fp0kn-xrdp.conf.drv
  /nix/store/5qjji9yy4x9kkg3ji1xxyi2q0pgdb1bz-unit-xrdp.service.drv
  /nix/store/6bz1rx9djxanf4clrg0ri3ldk7bs9v6k-unit-avahi-daemon.socket.drv
  /nix/store/6m054p7q0chc11wcazsy4z2rf0hwlv9v-unit-systemd-user-sessions.service.drv
  /nix/store/9gi1aij4s11cwdv6l1wx5lfi9qxgnxxz-X-Restart-Triggers-cups-browsed.drv
  /nix/store/6mf5dlbq6p8gxy76s8vrk1rglr9hl6rm-unit-cups-browsed.service.drv
  /nix/store/y34aw9x95qhdfjcbjq8x8182l4a22ml8-unit-script-postgresql-setup-start.drv
  /nix/store/6mqxc54svgnv69h4av6r2mpbs36q4w8x-unit-postgresql-setup.service.drv
  /nix/store/6s0bclk9lx7j1dbnd5dazrc7hi7nq9iq-unit-modprobe-.service.drv
  /nix/store/6srjqgwg1xpmzv8ra2bgdc57q7v2rlgs-unit-user.slice.drv
  /nix/store/713af981zlgw2aq6palbxirkr4x0yff4-unit-nscd.service.drv
  /nix/store/7dhg1526hwkqkbx46y04p9fkndj3zj8c-unit-lastlog2-import.service.drv
  /nix/store/7i9q0s6xm5php3c42d8ji79ipagk7inw-unit-serial-getty-.service.drv
  /nix/store/7miqxhnlri1j95kwwrm3z4jgvd3zsx5r-unit-flatpak-managed-install.service.drv
  /nix/store/wsvslw26dgsmkzy8f81flp0n8956wf2y-unit-script-prepare-kexec-start.drv
  /nix/store/83y3hb2nf8fqqmd398j3i65izy6d2g2z-unit-prepare-kexec.service.drv
  /nix/store/6iljq7jns1b6kpfp16ihqs5j3jxa2a16-unit-script-post-boot-pre-stop.drv
  /nix/store/fl2a8j25khr2pyljymg1fwzgiqlbq9z2-unit-script-post-boot-start.drv
  /nix/store/84c0j4cbnsghr63kbyk4j1w4cblic008-unit-post-boot.service.drv
  /nix/store/8545hlmyhvwhi4zys7jsabwjqs5vn31r-unit-container-getty-.service.drv
  /nix/store/87r0iyxyz9dqx96l1l13ajlsv2d5rcym-unit-sysinit-reactivation.target.drv
  /nix/store/88ksba3cslychc0rnqghbasyna86a757-unit-systemd-ask-password-plymouth.service.drv
  /nix/store/8v52sbhk7fair4fwxgnhhpq7n7qib54w-unit-keys.target.drv
  /nix/store/6wdmi23wj1xydlspwlmf3hlf4m1v4mr7-firewall-start.drv
  /nix/store/c49dr61ydkjqxkxl7036yz925l19djsc-firewall-stop.drv
  /nix/store/jk1x7knvr7v4mpdybx9rr8s2kpnqx61h-firewall-reload.drv
  /nix/store/947shzpc6vfdrvszynq2vr4gvyww8s98-unit-firewall.service.drv
  /nix/store/vh3558xly6r02l5s6lgx6sws5lr1g3n2-etc-systemd-journald.conf.drv
  /nix/store/s94l6rnj2sx4s7bb1gg273cjakdj4av4-X-Restart-Triggers-systemd-journald-.drv
  /nix/store/94jsrj9ic5s6c7xggn1kvclsmqlbi93y-unit-systemd-journald-.service.drv
  /nix/store/9apjy7gyf1bvwf9pfnbcbs028z2gahnf-unit-systemd-fsck-.service.drv
  /nix/store/9blivb6217z13z0hy6b3vb0zd10cwwr7-unit-sshd-vsock-.service.drv
  /nix/store/9hk0rf3n8f85ggx4jj6yllm8sdpwasz9-unit-network.target.drv
  /nix/store/r6rndzz1lg37ycalyybfm3fnfdm1i1hy-unit-script-network-local-commands-start.drv
  /nix/store/9syayrnxjplbkjq64zz6w5f5dxl57m4q-unit-network-local-commands.service.drv
  /nix/store/9xfszhpq11y25d8bymgpjm9fz44nsxi2-unit-syncthing.service.drv
  /nix/store/dsd6v5yqpzxwv51crlv55w1vy3dlc61x-unit-script-sleep-actions-start.drv
  /nix/store/yx57piqmz1hzm3y2a6vkngcgkar9l9yw-unit-script-sleep-actions-pre-stop.drv
  /nix/store/a36qyy93fhav8ay6lxzfdjypskgnf6ki-unit-sleep-actions.service.drv
  /nix/store/a373ca00j2hray3b634b7n3nd93ira5x-unit-run-wrappers.mount.drv
  /nix/store/a9qzvp7r1hbrmha7kbzdgbfwxgs97w09-unit-rescue.service.drv
  /nix/store/ak3gxcgjslsiashf3c6fjf0l7cqla3kq-unit-local-fs.target.drv
  /nix/store/lmmcp9g336m6xxx8533k2h0xvrk5h6ih-unit-script-teamviewerd-pre-start.drv
  /nix/store/al1yy9fmpldrfikrk3p74ih7ycxzs93y-unit-teamviewerd.service.drv
  /nix/store/c4bc0qikqpaf3w2brgsgskd6i61caws1-X-Restart-Triggers-systemd-udevd.drv
  /nix/store/ar9nazksk25266avkm0061zphinki6gz-unit-systemd-udevd.service.drv
  /nix/store/qwh1hh4h9wf169dvd67wxsy80v04kp5m-sshd.conf-settings.drv
  /nix/store/s70h6pcb6qk236pia32yr6mzsdshgicg-sshd.conf-final.drv
  /nix/store/dcmbgbaqhvi6q3lw8ydgrc7r8gbhbg6h-X-Restart-Triggers-sshd.drv
  /nix/store/c7s291h1lqm3hjc9i1vvm5mjgs7nfnk2-unit-sshd.service.drv
  /nix/store/ca2nsvbvw8qwwis2kyyhn7l6r47gkd99-unit-getty-.service.drv
  /nix/store/cy0gyr9rglb60msq08gwwwj5696m2wpn-unit-networking-scripted.target.drv
  /nix/store/cz7jp4v8yl2b1v69sjz3rln494j8jgqp-unit-ModemManager.service.drv
  /nix/store/czr2j4w7d2s01yyykrpjcl6crci36ngh-unit-systemd-pstore.service.drv
  /nix/store/d3b4jf72ay690465k7xm7l6bykv6vfvg-unit-plymouth-poweroff.service.drv
  /nix/store/ks5wi70ffcf9x6rimfgcv9wwy4c1w7zg-X-Restart-Triggers-systemd-journald.drv
  /nix/store/dfm837crksm8xk16a5cp030d921dnn43-unit-systemd-journald.service.drv
  /nix/store/dqzqvhbvvc0b072zl2npy2wykqzar7cw-unit-bluetooth.service.drv
  /nix/store/9xk6z4p89cbci4xd5c169qazavydd69r-pg_ident.conf.drv
  /nix/store/d2p490rrwwls8w487x9n733g3nlfshv7-pg_hba.conf.drv
  /nix/store/diak2955lsv46fb66fypzhdmkfcw7c8k-postgresql.conf.drv
  /nix/store/hycqmn7zcym2p4jpc9wlrdfl4qc0iq79-unit-script-postgresql-pre-start.drv
  /nix/store/dyvxdr8hl460dplfkb9kcs2m5a5cn5v0-unit-postgresql.service.drv
  /nix/store/f8bffzlcws91aj1az2j0v2ckpm9h9d60-unit-fwupd-refresh.timer.drv
  /nix/store/f8pcgji0m6rq010pip7z8zkx81gqmgwg-unit-plymouth-reboot.service.drv
  /nix/store/fich5jf0vlb5vrk740fckdgh7c4yg8sr-unit-plymouth-quit.service.drv
  /nix/store/fkkkyb111hixg714y1yldq177v9angyp-unit-systemd-logind.service.drv
  /nix/store/fw68rdyf9nvyrwqk77r1gabg9c6kaj2i-unit-acpid.service.drv
  /nix/store/gk6viqnjxscvqgq119c3f9hp8642xn85-unit-plymouth-halt.service.drv
  /nix/store/gpfxmvymkfsdsc65571ygpl0pva3arhw-unit-user-runtime-dir-.service.drv
  /nix/store/h0w6vdjfhzkz7d1g546bsnh183chpa5q-unit-systemd-random-seed.service.drv
  /nix/store/h4i3g6c4vma6b4012dc6znzi47rd421x-unit-systemd-journald-audit.socket.drv
  /nix/store/38qq68a1jlqjdjbhyab7bxd0gj5a8apq-unit-script-linger-users-start.drv
  /nix/store/h4zh9x6i7zp03as8s8ckl2zmm3mf8jqc-unit-linger-users.service.drv
  /nix/store/gs84mrwy3s2d7vy0x4l7b57xf7agbxn1-etc-wpa_supplicant-nixos.conf.drv
  /nix/store/zgkg3z3bvw70xwh90syprgrk8whhws4d-X-Restart-Triggers-wpa_supplicant.drv
  /nix/store/h6a0v01g7dx5js9mhzx5s2rdnwqi8wz0-unit-wpa_supplicant.service.drv
  /nix/store/r3wy0bv65638mrdpzl1714d4wc5w861r-etc-os-release.drv
  /nix/store/brxx73d69lwqc7kwxqghisypy5nk9870-shutdown-ramfs-contents.json.drv
  /nix/store/hhxhnzhrbr0sd86xwxhpl2jpzka2zq1c-unit-generate-shutdown-ramfs.service.drv
  /nix/store/dfbd9h567iqkhq4qxnwfhgjsl68pvc4l-unit-script-sshd-keygen-start.drv
  /nix/store/i1kq57nqdpzc6cc2xq471xjwj4wylrf3-unit-sshd-keygen.service.drv
  /nix/store/kcs8266xl1ddvr87mchpvxs3jkrpbfam-etc-sysctl.d-60-nixos.conf.drv
  /nix/store/k7bs80mincnffmpv9j6zzs5k71mf5906-X-Restart-Triggers-systemd-sysctl.drv
  /nix/store/i5zbj1iz5877b54rh1aqzw4ycaykc6br-unit-systemd-sysctl.service.drv
  /nix/store/ib9c2gjgfr30g8b5d4dnbiq520hv7mb6-unit-dbus.service.drv
  /nix/store/ibxz0zxf6r09hp5gk10kx4y01r49xd5x-unit-user-.service.drv
  /nix/store/icbsi10igkwbvmc8rv2rd34jxd0b805w-unit-polkit-agent-helper-.service.drv
  /nix/store/6si53m83n0dsg97q48bh2lp5mrb02176-unit-script-fwupd-efi-start.drv
  /nix/store/jkf1i4zvfnpriav08rllssp5g98jwgzi-unit-fwupd-efi.service.drv
  /nix/store/k1jhvsidx6rklq3df65fsjd8xh8ng0x5-unit-systemd-timedated.service.drv
  /nix/store/k379y58sd5h4f07j30vhj1lll1iyj6kw-unit-cups.service.drv
  /nix/store/cv233l241bvbj5nmaxlxqvkqkjjgssff-nixos.conf.drv
  /nix/store/x0ybigjm1f1hxdb3vl7mpxfcpfbmxf1r-X-Restart-Triggers-systemd-modules-load.drv
  /nix/store/ka3qqc7fpyb1xsrrc1ygnyczw9fy2gyg-unit-systemd-modules-load.service.drv
  /nix/store/kdf5n3k02j8niqpm97162ri0qbbplmwd-unit-pipewire.socket-disabled.drv
  /nix/store/kfwlcfjf36v5s571zf9i69px3vzwdhg9-unit-plymouth-quit-wait.service.drv
  /nix/store/khwm56kv12ca4bpkpasywj1m26jy3166-unit-polkit-agent-helper.socket.drv
  /nix/store/ki6458v20lv26pgrbb4a7xg8b9nxphlh-unit-run-initramfs.mount.drv
  /nix/store/klga22zr78fnm237gg25sj4snl879rg2-etc-geoclue-geoclue.conf.drv
  /nix/store/glmfr1ap2nwrryc4bzi2vkmrid4wa0vy-X-Restart-Triggers-geoclue.drv
  /nix/store/kwk24qx8ysmk7b4rjvhsjr4kllh2n2c4-unit-geoclue.service.drv
  /nix/store/lbfkdhbxgbngaj70cp5cxn6rzb07i0iv-unit-nix-optimise.service.drv
  /nix/store/lgd4lk5p42lkdwmcfnnvz2392sfznqcl-unit-systemd-ask-password-plymouth.path.drv
  /nix/store/lsjw6n44d6pbcwn3ai15vdhn5hj7530k-unit-systemd-journal-flush.service.drv
  /nix/store/m9j21aiwy5wprvmrscf0l85fhz6f72qm-unit-accounts-daemon.service.drv
  /nix/store/mfp8myaals53izjv88kx90nbrwmc4zf5-unit-multi-user.target.drv
  /nix/store/mhl94vddgzpqciwxbs7yf8hdb7dx101f-unit-xrdp-sesman.service.drv
  /nix/store/mpw6v6s5adpl1a8an0qa5jlf9v3sg0nn-unit-nix-gc.timer.drv
  /nix/store/nad2ylmi756h1yjacxlb3ays0lfp4r4a-unit-systemd-remount-fs.service.drv
  /nix/store/pa465v9m7zchyz8jdf7fy8ja2hdcrnqg-unit-systemd-nspawn-.service.drv
  /nix/store/pd2w4xypw4nzxwyayx7an3v8h21szizi-unit-systemd-backlight-.service.drv
  /nix/store/pkm5wryvc64v24pgrlpqp56lf369p1vb-unit-nix-daemon.socket.drv
  /nix/store/pq8jrigaax8c06ymmimsambi4m08sxyi-unit-system.slice.drv
  /nix/store/psx5gnxipvly6h43400l73dkj6srnz8h-unit-systemd-update-utmp.service.drv
  /nix/store/pyb0b4wpb9hj32iyqa1lkv1sgpyic4l8-unit-fs.target.drv
  /nix/store/qd0xxg21rs3r3mgszl7s6sfmvi02jzba-unit-docker-prune.service.drv
  /nix/store/qrgd00d80q3nj3zil596yi7wivyxycms-unit-pipewire.service-disabled.drv
  /nix/store/qsixgbmn6y2v6qv0bshgc4j45sr4qv9q-unit-drkonqi-coredump-processor-.service.drv
  /nix/store/qwnh0y6ij9mmzqp2cn7ddsl5db7gjqcm-unit-sshd-vsock.socket.drv
  /nix/store/qx3dzypzkz0vhhp6qjdwnk3czz35wqv7-unit-usbmuxd.service.drv
  /nix/store/sv6v6dj7n1b6sj03n70ana1zy8vi0g4y-nameservers.drv
  /nix/store/7l8rqrk0q3vk84c00iapa6ainjcdps0s-02overridedns.drv
  /nix/store/phliqm16g6dyq887xzdnf843ijgvv72w-X-Restart-Triggers-NetworkManager-dispatcher.drv
  /nix/store/rhcp3d0knfwmq1733iq0aqrga5nh1xiz-unit-NetworkManager-dispatcher.service.drv
  /nix/store/rn2cb13s8fdbzqfqkbwzccpygxz4khrj-unit-plymouth-read-write.service.drv
  /nix/store/rp75ncj29pdrrzx4qv4nldkcrvj7grq9-unit-tailscaled.service.drv
  /nix/store/s0vfa4k9i0s4i56wssys261asssssr20-unit-fwupd-refresh.service.drv
  /nix/store/4p36nb8mryndvqzfam8qickbszpizn3c-vconsole.conf.drv
  /nix/store/q5wm59i0sd5j2kq5lbhz7fhy4y7pz93y-console-env.drv
  /nix/store/wby22xsid01qpwaknw9mpng2hmrl5ps8-X-Restart-Triggers-reload-systemd-vconsole-setup.drv
  /nix/store/sf85dihbpgb4qxi865g20zqhf7ryg37f-unit-reload-systemd-vconsole-setup.service.drv
  /nix/store/vbfqng6047fkf35bcnbcykigpy6br5vw-unit-logrotate.timer.drv
  /nix/store/vg2yig5d22w9p35np0jzfwi07zxp2knq-unit-fstrim.timer.drv
  /nix/store/vkdzyf74qj6xk0lrx7zf5kdbw11p29fn-unit-docker.socket.drv
  /nix/store/vsfarmnmzp4y8w88myn9qcx6pir5k2ap-unit-systemd-mkswap-.service.drv
  /nix/store/w2qja2icd7r98y9akmhf2z4hffnag83c-unit-systemd-boot-random-seed.service.drv
  /nix/store/w3a2f9v05q7fha1746n1zsgw5raa6c5r-unit-systemd-localed.service.drv
  /nix/store/75asl7k1j0i5kf2jc9dichqxqvdrrpp2-unit-script-display-manager-pre-start.drv
  /nix/store/ckn7vjqhj7g3vn4h0520fgybbcr3yr4p-unit-script-display-manager-start.drv
  /nix/store/wa6krl2njnprjnq7hcmdxy4hxch1h0fx-unit-display-manager.service.drv
  /nix/store/vfm8zb2nkg7rzigaan6s7ayh1i3i45d6-unit-script-mkswap-swapfile-start.drv
  /nix/store/wy46riycs459xh2fmnv1hncq5fsk63fj-unit-mkswap-swapfile.service.drv
  /nix/store/x0rvdlll5jbp4l3d523sjn6brzd071x3-unit-plymouth-start.service.drv
  /nix/store/x53ljfyfm3sj1ic9bp4cc3v5w09aj072-unit-postgresql.target.drv
  /nix/store/chfxpbk41jaj1p23w27g7sl8zicxk1rc-cacert-blocklist.txt.drv
  /nix/store/mjv25sy4hly93mcfjy76lw8npj5wgrnn-cacert-extra-certificates-bundle.crt.drv
  /nix/store/5gkxs51yzjdkd8x302d6gil7pbp5mdi7-nss-cacert-3.126.drv
  /nix/store/hgk26pjjwbldd1cv4b1fkw21wy49bqvs-nix.conf.drv
  /nix/store/q7574xcb19b3dc2hxc4b0qyyl0qjjjk1-X-Restart-Triggers-nix-daemon.drv
  /nix/store/xfds34r7knbx897i0227x8blcm27i02f-unit-nix-daemon.service.drv
  /nix/store/xh5z2g9k1alq9j6nn978184383bhaf80-unit-wireplumber.service-disabled.drv
  /nix/store/2jcqm5x3w890im0z62piyzsq3c8ixcql-hm_environment.d10homemanager.conf.drv
  /nix/store/39ilj8jhvq9j0zjl2apagkqd9v155y4y-hm_autostartplasmamanagerautostart.desktop.drv
  /nix/store/4pbiy90gyn94hk4bkc75rpkigf0vbxir-hm_plasmamanagerrun_all.sh.drv
  /nix/store/7q1kd6n70q1n19w6iagwgp54wxa5dvy0-hm_homeluana.localstate.keep.drv
  /nix/store/ascsr2gq8ggmza8a9wpblaqfd96jq547-hm_plasmamanagerscripts1_script_apply_themes.sh.drv
  /nix/store/ksvvaksdxvr20yb6lz0vydc1crqgjphk-tray.target.drv
  /nix/store/v1zmpfxvkd4b84g8qijpnbmdc0zzcxv2-hm_hmfontconfigdefaultfonts.xml.drv
  /nix/store/wbfhkrfavn3nngl2y600qr39pg9yz7y6-hm_autostartulauncher.desktop.drv
  /nix/store/y8hg77fxl332pa8h47q7k2jnmivpd1jk-hm_homeluana.cache.keep.drv
  /nix/store/75v7ljkmnwkbxgix59iib8h2p7wgv703-home-manager-files.drv
  /nix/store/8yyaaa92kln31brg3p2f77345l57z110-hm-modules-messages.drv
  /nix/store/52by8bbrjgczi1zrs06n9si2dlvx26jm-check-link-targets.sh.drv
  /nix/store/cbly95swl93qxj0rb7799fpvfksrri14-link.drv
  /nix/store/i1qcfr0zba6f29b9gxka9bgs37jd5djd-write_config.drv
  /nix/store/z57dwnrad6cw4qklkd4ajhjmzgj8fv3v-data.json.drv
  /nix/store/f605jkwnb1k9pqsgwpk4cpzmwkryisn6-plasma-config.drv
  /nix/store/fagw15j57i67la813il3klgcbbf6lvz1-cleanup.drv
  /nix/store/vi07p601r17wdfcqsc3nszvnanv37ah7-activation-script.drv
  /nix/store/cx3f3xl818llqdscl8cz760afz5q7bna-home-manager-generation.drv
  /nix/store/h393y56zypq2zfahqv0iyga4f5x3siad-hm-setup-env.drv
  /nix/store/xw02mvk1w34g9r7mlk2m76wvykb94war-unit-home-manager-luana.service.drv
  /nix/store/y6g1mzwyzbwqxz300j1rzf6qghjh8gc0-unit-systemd-timesyncd.service.drv
  /nix/store/yflwwa9bs07yy3gbya4pq0q8k0czr8mq-unit-kmod-static-nodes.service.drv
  /nix/store/yj3rvlxkjpsb5cq02k6x6dv9ba00a6wf-unit-pipewire-pulse.socket-disabled.drv
  /nix/store/yq1fr93zxygny4j8nll3zs2y082vhs4w-unit-logrotate-checkconf.service.drv
  /nix/store/z309a53cahzgzjfsg71xbi1g4qxn30c1-unit-emergency.service.drv
  /nix/store/hkc59hwrw2rhy58nqcb2zmskmjm2av4c-avahi-daemon.conf.drv
  /nix/store/zkz02kvxzq5mmdzsm83104fazmqnryiq-unit-avahi-daemon.service.drv
  /nix/store/zq8rf7ifadbv91awyg5rxz97rlix27kw-unit--.slice.drv
  /nix/store/zqayg9x5af1y08ag2yglcchrmfsn9vqc-unit-getty.target.drv
  /nix/store/20327ss88xnkx54fh42k1hj0dzbg719c-system-units.drv
  /nix/store/26rwy0vxcb6fbfbs9yivg20sg38nfldy-unit-pipewire-pulse.socket.drv
  /nix/store/2mc795kbfzx6jbjg2dy1w7fjbam1py8s-font-dirs.drv
  /nix/store/2w5ws5bckg2ym24r08mr1d7c335x8xwx-perl-5.42.3-env.drv
  /nix/store/2xfw3a28a2ja0qdcxjv65v80ifkbgfad-unit-systemd-tmpfiles-setup-sysroot.service.drv
  /nix/store/9y8nilrxp31rdwc6zx0p3yjcz28cg16m-adi1090x-plymouth-themes-1.0.drv
  /nix/store/rrf37j3qxh9qyss06jmzaczdkmyxb63j-plymouth-themes.drv
  /nix/store/2xladqi6ly2283rbsl84p8hbp9svni65-plymouth-initrd-plugins.drv
  /nix/store/2zzwnikwdwncg69g1jsk6n6jyrm542r8-plymouth-initrd-themes.drv
  /nix/store/31mz8wzckf98b7ljyzq7f9d3wwyw0giz-unit-script-plymouth-start-pre-start.drv
  /nix/store/3jqlazn7scwhbirq0mr7asda9h49lx4x-lessconfig.drv
  /nix/store/78kfzh53hximsd47b00v44g5a6yys6qv-steam.desktop.drv
  /nix/store/8a86m8gfr9h5hzzb99abhjpgzqn6fbhc-desktops.drv
  /nix/store/drf9hsqn87f2kdi02lqw8rbgvsq6ylab-cuda-merged-12.9.drv
  /nix/store/abz6qizykqmdwwfibs5g9aizrg0vs9my-set-environment.drv
  /nix/store/373zvd7fg9937nfzvzmm4b46j3scgkfq-etc-profile.drv
  /nix/store/3945ibsn59krbr64r23px6rpsfbvimc6-root-authorized_keys.drv
  /nix/store/72xm3gcwdjcmr6sdczjs9spx09h7fp2y-fc-53-no-bitmaps.conf.drv
  /nix/store/7jngzl7pc1i0wrf5h4zp1lbrxs9q9m4j-fc-52-nixos-default-fonts.conf.drv
  /nix/store/kcsjv5cjnyk7ld8cyxxavl7ng02maqm6-exec.drv
  /nix/store/aqgpvb4ckm7dpshwxqnn22wwjzz2snsq-fc-cache.drv
  /nix/store/bmpviqbassbdvddc194pj6707whampw3-fc-00-nixos-cache.conf.drv
  /nix/store/qixlxkpxfq7zj21fb37dmk55d1mmvyxd-fc-53-nixos-reject-type1.conf.drv
  /nix/store/x8c4ij7x06d9wrzq3jffyys8qr0y3wlp-fc-10-nixos-rendering.conf.drv
  /nix/store/xi2dw0razgzmpjhgpizaryr28337qm7r-fc-53-user-aliases.conf.drv
  /nix/store/3994ikpnha1x6qcbxh8nb3ysmghx5vr5-fontconfig-conf.drv
  /nix/store/3ddp0j35az8vwbk9lzpim5ndaw6a2w2i-etc-host.conf.drv
  /nix/store/3f95pgxs0nsxsq6h8djqgjin50kwzqvb-initrd-shells.drv
  /nix/store/3i8g35rhh704w6rzm8xx8vk9psxa8y2l-hwdb.bin.drv
  /nix/store/3mncsh02hnn5dl4266zgmxhws80lm9ib-etc-hostname.drv
  /nix/store/42r3knph5nzz05l789ss9zvzpcigcicb-useradd.drv
  /nix/store/4lh70nfv7qqf2qgjqnxm91nxbrrvmhqp-unit-systemd-tmpfiles-setup.service.drv
  /nix/store/x6xhz5jyd9z8cvryw018k66wjcm7i1m9-limits.conf.drv
  /nix/store/4lj72h6nq0crrg1p504z9dzcrz5vmmns-pam.d.drv
  /nix/store/4r8c6rq9z1b2fa0gbybnal8wb094xq6h-linux-7.2-modules.drv
  /nix/store/4v44zai2dzfqvkanvs57g95mjfy7k3sf-perl-5.42.3-env.drv
  /nix/store/587w1nmwbsqwd2k521x625yvx2vjxhfs-etc-bash_logout.drv
  /nix/store/d6hdfcnkqal1v9v9mw8qpg4ym0982231-firmware.drv
  /nix/store/5gxifivhwjynzlqwxkzn4f87wv9p22fd-etc-modprobe.d-firmware.conf.drv
  /nix/store/5rp362dbq1a921fsxy7lvmmlvldlkd00-xkb-validated.drv
  /nix/store/5sbindr98y09z8zcx7gs7rhbmcjjfq54-xserver.conf.drv
  /nix/store/5vp3ky7kjxqb5iz7xmc2cf12g9d136af-unit-speech-dispatcher.socket.drv
  /nix/store/5vpkj9aqmrb1ain9q9bslwp52simbh7v-etc-systemd-system-preset-00-nixos.preset.drv
  /nix/store/5wqaw277jlwagd6ir2j8p8y1jb6bra13-udisks2.conf.drv
  /nix/store/p3s4gk9c6wl7mjv9x3hf3ajfa24yxwqz-users-groups.json.drv
  /nix/store/5z77kzdbj1d8cs34b8xa742h0dqnhpn9-dry-activate.drv
  /nix/store/66xacw1jzf6nawvv9m2lxcl0c38zjj9z-localhost-hosts.drv
  /nix/store/6i1nfwqyr8g1r0ni46h0y96qqa1ap1c9-unit-dbus.service.drv
  /nix/store/6w1hy4yncj3n9863mmbslalmrzsagrax-unit-plymouth-poweroff.service.drv
  /nix/store/6yg0a70whjnj2z0jinw9129qpynnnnd7-unit-dbus.socket.drv
  /nix/store/745asizzd3rk53d0zkbw6az2xk9qhkga-issue.drv
  /nix/store/75vdjkscsv1mw935rxq14xjrwdbx0s2k-python3-3.14.7-env.drv
  /nix/store/76n7h7sjdrii0k56gidymv8wha620sk9-user-generators.drv
  /nix/store/79li5w76x7d9dvlx7jbkv3k2rc3swkf8-initrd-unit-env.drv
  /nix/store/ij2q12m4j3vmpfcknwfx7fgdg7nld04i-Xresources-Xft.drv
  /nix/store/7dyq8w5rw4mrjrjdhxlwz2y691dkm1z1-xsession-wrapper.drv
  /nix/store/89g7gcvb4lvh70q9xmgb1kkrr3sdng4y-pipewire-extra-config.drv
  /nix/store/91gw0xwmy3ljld32bxlnfs6yhq79r9vb-etc-zshrc.drv
  /nix/store/9bvdpi3agj2w2d765vq8wajwb75bl4yb-etc-nscd.conf.drv
  /nix/store/9gchp3g68rljiqz7qcsp8vzifcbpq0as-luana-authorized_keys.drv
  /nix/store/9xj4n2vi0ayx06kzz1jy2s3pqyi3d6b0-etc-netgroup.drv
  /nix/store/a18hvjsd8jxfa7lsv8ld039b69wapgc3-login.defs.drv
  /nix/store/a2ksg0y0dm2dl8l11kvzjqagypgsdb14-etc-shells.drv
  /nix/store/aa3idgzhp5lmrg1b90m0izx3kkqr2qmn-etc-zinputrc.drv
  /nix/store/aa5z1sq5786n93m0bqja2v9lghnabhwv-etc-pam-environment.drv
  /nix/store/qnkdxkj2z9c7iifsc988h6xwwjgjbdgh-pipewire-lv2-plugins.drv
  /nix/store/wlk3kcaahs4qrql655h4jr97lybfd9gs-pipewire-ladspa-plugins.drv
  /nix/store/av2b2rqq4zm5a4m833a4xlf778bwj8kg-unit-filter-chain.service.drv
  /nix/store/b0kc19m9lfsfwqc25n7hv308m9k74krp-etc-lsb-release.drv
  /nix/store/b0rqfal02wdy4xiqy949dmi5sfvnshq5-unit-geoclue-agent.service.drv
  /nix/store/b3bzcvz5klvp11izzdhnqbns8b5gx1dz-etc-systemd-system.conf.drv
  /nix/store/bbkn2f9dj46z414c9dvk51aj2z82dggv-initrd-fonts.conf.drv
  /nix/store/qk0m2gp8rl86jphl2i5q473pdkaj63ws-nuke-refs.drv
  /nix/store/c3d7mcv9j5bm22pp5nal8a2d87hyryrn-linux-7.2-modules-shrunk.drv
  /nix/store/vb60458rl0dmszkv7vyrh817x0j6swxh-initrd-bin-env.drv
  /nix/store/d43pssw3hm50x1fmfsaiafykp7g6zkgv-initrd-udev-rules.drv
  /nix/store/d78j2cgw24df1j4b32lba0cpjrwn5vbb-gen-hostid.drv
  /nix/store/fqlqfyr9nnyyfh6g57khhl8ac0j1a7xs-initrd-release.drv
  /nix/store/bmh9c9priwqd50snfi246zvfb04cv7aa-unit-modprobe-.service.drv
  /nix/store/c11w128f0d1azm621ghxz8vqa6dm89mv-unit-panic-on-fail.service.drv
  /nix/store/crani7kf3hs7vij79xvnv6qbg6palhrk-unit-initrd-switch-root.service.drv
  /nix/store/dh7a366ymw7nr8r0733n3wnj050al3yg-unit-plymouth-reboot.service.drv
  /nix/store/f0lq426zhxcq54r8i2svdwnkpx07h6pg-unit-plymouth-start.service.drv
  /nix/store/fs92dff85qn6lb68vqscqs67bqxcsyxy-unit-plymouth-read-write.service.drv
  /nix/store/k15wiic5hq1wqkxfck582vvbx5pa8m7c-unit-plymouth-quit-wait.service.drv
  /nix/store/kfqmndfymhwxg3kk4vihwa78b92a05kq-unit-sockets.target.drv
  /nix/store/rxnq4kb6fzapmnpshz8f7ma22d3v4lna-initrd-fstab.drv
  /nix/store/l3gndc0ngmq89nqnr6q0dgqqgn3j3dhn-unit-initrd-parse-etc.service.drv
  /nix/store/mjbg4wy4pl2bvlvbgq2b0l3biyqzfcma-unit-sysroot-run.mount.drv
  /nix/store/p1lj7n1002d7yiyx2s241bfggk48bpsp-unit-plymouth-switch-root-initramfs.service.drv
  /nix/store/qcj0fg00la2gw5c3x62lnxqizink87ds-unit-rescue.service.drv
  /nix/store/qikfiwf1jawy89rz7mvnw1d8sqv12df7-unit-initrd.target.drv
  /nix/store/r0faijmmk871vpwf1msh67wjqcz6rzak-unit-plymouth-switch-root.service.drv
  /nix/store/s1pvp54s18ibayj6bsxpfj5526lsabl6-unit-emergency.service.drv
  /nix/store/qfyqcyfz674zd22f0wpnrd5i0bzzabs5-unit-script-initrd-find-nixos-closure-start.drv
  /nix/store/z9brhd2q4apf8lflzrc33w96sim3w16r-unit-initrd-find-nixos-closure.service.drv
  /nix/store/ga5alk9jmcgd579vyrzq2lw7g39sx8w9-initrd-units.drv
  /nix/store/hksh3bv3jg49biajgkc9p4l1id6ljdqb-initrd-passwd.drv
  /nix/store/idw7lkpnpx304lx18sw1qc12s2jaqiii-plymouthd.conf.drv
  /nix/store/j3w16wb8mw3rpss9psdz16wq4w9gm812-initrd-nixos.conf.drv
  /nix/store/jmvs2qf0vhyszwxkdrcr3km5phma8bl3-initrd-nixos.conf.drv
  /nix/store/lrbwzhxcs1hczs3vhh7fiwx4i7k41hls-initrd-group.drv
  /nix/store/m75w94dd41sjwczxj99j67yhhhi4cgz4-etc-modprobe.d-nixos.conf.drv
  /nix/store/sdrvx2wzh70ca241lc49ax2vrw9p0c5v-initrd-hostname.drv
  /nix/store/xccyakj087f0zjv8im5lrsqgaa4n3nd0-dbus-1.drv
  /nix/store/ygmx58snkh2wfzqq4b5gsb6d8plv3x4g-initrd-system.conf.drv
  /nix/store/lzfw0shiaz6vay8sz256kxmcz6a2sf30-initrd-linux-7.2.drv
  /nix/store/b8vq5a6h8vcl92ga3l9pg4j74q9hf946-boot.json.drv
  /nix/store/b9l9ax71jy4j5lmqppizsw0hl27r3kv6-sudoers-in.drv
  /nix/store/b9wf8wynbck404q95nwggfvjknwppqk8-unit-obex.service.drv
  /nix/store/bgw2dhhnlm9v3zhmr8nv7iarnq1q4awf-input.conf.drv
  /nix/store/bmzi3v31icl4nmr1yqsqd1v0mvq8l039-etc-bashrc.drv
  /nix/store/bwpq67rjlw4vl9jkjm9szn8prn2q9qr5-etc-alsa-conf.d-49-pipewire-modules.conf.drv
  /nix/store/f1vx0q42wpgvwgw7w5lsf5lyg2yfpvzx-unit-pipewire.socket.drv
  /nix/store/gw86mrvjrdv09zpr1jgzvhpgm5v2xjsn-unit-pipewire-pulse.service.drv
  /nix/store/jgfgipsg03rkcklwgfyjnr0y3bis0fz7-unit-dbus-broker.service.drv
  /nix/store/k8gzvk0na3xsh4kysamx7naw8nh091rj-unit-dbus.socket.drv
  /nix/store/kjsgx5rr8f8pr8n4jhkfdy26x1a5mkm3-unit-gcr-ssh-agent.service.drv
  /nix/store/rbd9kyadafxaj94yv0aljrjf8x60wwaz-unit-nixos-fake-graphical-session.target.drv
  /nix/store/rbwhgrw2dwiy8l76lijxd3nrgpib20n7-unit-systemd-tmpfiles-clean.timer.drv
  /nix/store/rhgg5rv1j9k1acpl6md1d8ak3va6xdhg-unit-gcr-ssh-agent.socket.drv
  /nix/store/mx7rqd16fja5j6wy2a9yg7r7nj0ccbqw-unit-script-nixos-activation-start.drv
  /nix/store/vln92miyrqx23ggk96y9ifn3sb87gjly-unit-nixos-activation.service.drv
  /nix/store/wj65yyzmp1z2z488vcrbdjf6cp8nh6gh-unit-pipewire.service.drv
  /nix/store/i45km44hyi4izdha4013wrzslw56a9d3-wireplumber-lv2-plugins.drv
  /nix/store/z8vbxkskpdvcaz6br26vddmc2l9ysv6r-unit-wireplumber.service.drv
  /nix/store/byzd2vhx6cdim45g5rmarj192b5a0py2-user-units.drv
  /nix/store/c3cfvq7ywiw3z25kf09mvb1qwfcb3f47-etc-nix-registry.json.drv
  /nix/store/cl100b73bpbaq05n3r8sapqrwnpic6pg-fontconfig-etc.drv
  /nix/store/gyj2ns6kjqzj7qg7sbbg7byka7bjlhia-check-sshd-config.drv
  /nix/store/hbhhnz3v7q6lw7kngp926nkfm6la5wkm-ensure-all-wrappers-paths-exist.drv
  /nix/store/cxjvhi0yxwdhb24vlbdv6c0mamq3c69h-etc-systemd-coredump.conf.drv
  /nix/store/d48xqkna40pf6xi4mri2hq2rxrlpwxf6-system-generators.drv
  /nix/store/dss0p7ymsg9bkrvgk2g2dd9wc85iqsw2-etc-systemd-user-preset-00-nixos.preset.drv
  /nix/store/f53jc3k5fkm5nhdwfl2jxnd6ay1mlqdl-polkitd.conf.drv
  /nix/store/gh6mp1h7a1ddg7h5kj5vp8pbx1flryxv-extra-hosts.drv
  /nix/store/y14q27n1rm2qpi5iis1vp979s8zpkyv0-string-hosts.drv
  /nix/store/fldil9aa4jhhm9jbh1cqsz4ja9n85spq-hosts.drv
  /nix/store/g30zznqhp275v39x5pxdqpczhk5ga4m9-etc-fuse.conf.drv
  /nix/store/g53ksspf9d85vy66zlmmb7wqzgms4v16-thunderbird-policies.json.drv
  /nix/store/hfijisczvagr9v54cnwr5h0q9xj3hszf-etc-nanorc.drv
  /nix/store/hh02d7vkv8s5gday4hpyh67dpclv84a3-etc-fstab.drv
  /nix/store/i7ild5lvql8wqj0yrjpxxb6h7dkn0yf8-etc-X11-xorg.conf.d-00-keyboard.conf.drv
  /nix/store/i8l4r4f8711dbnlhc99qqxm5qhm2jzxi-etc-zprofile.drv
  /nix/store/iknbchf6c73aylqds6lw7wiqkm2ypg2i-etc-nsswitch.conf.drv
  /nix/store/inbzqx6ah574l16vqr2p6f4y4h8sfa12-sudoers.drv
  /nix/store/j629a8vvy1bfaz6wbsx8d2q0lz73qmv9-fwupd.conf.drv
  /nix/store/kp8fax8kr45vn1q4nf1ag6w0fqy2vwhf-network.conf.drv
  /nix/store/kz3jswfsifqqf72g64y8a0nwi3h8q2fx-user-environment.drv
  /nix/store/l2jnfy59q688pb3p4aiyfjb065b19p46-etc-tmux.conf.drv
  /nix/store/lknrwmah9xc0rvab2iinr4km12yksxyq-etc-systemd-logind.conf.drv
  /nix/store/lpmbmr01sjq60zfmqwavxv56kzp5zpfb-etc-lvm-lvm.conf.drv
  /nix/store/vglsq77mxsbf729yys59fymq40g6hh2c-systemd.drv
  /nix/store/lq6c3sjsv2y29jp3mvwx7slyc1w5v7m5-50-coredump.conf.drv
  /nix/store/m1m7gj3hqxwm362xpbh2w88ap28sr92b-system-shutdown.drv
  /nix/store/my5dyixbd6pnzfb52s88s49dy6ipaz74-etc-ipsec.secrets.drv
  /nix/store/n2ky4pkvfc8qzwi4rs7ha7x6mbnjvpsg-pipewire-configs.drv
  /nix/store/qsf8xk8x6xz75h5n27najz46zzbxrcpi-etc-zshenv.drv
  /nix/store/r1nk5g60agsssxb0d32q5aqxkdwxjkyz-etc-systemd-user.conf.drv
  /nix/store/r3y1qlh13qv8wclcjs9amndg7krvxanq-main.conf.drv
  /nix/store/vm6dx26a9lxsi4sza7y27kablqp6vaf7-etc-environment.d-50-systemd-path.conf.drv
  /nix/store/w2vk2p892ksdbs15ihnbfmn16khgbj5z-etc-systemd-oomd.conf.drv
  /nix/store/wb32f7kvz5pfa6bjxa2qcdy5sy0hgmm5-etc-gai.conf.drv
  /nix/store/wg6ppcp8snhf852lf69f646z3bvh3r9x-etc-man_db.conf.drv
  /nix/store/wmfkik82zgrwwbav5hi3l6d0p4ag9ppi-etc-ssh-ssh_config.drv
  /nix/store/xxpp1znf04rin061zg1fx745palvp60k-etc-systemd-sleep.conf.drv
  /nix/store/f3jdmj9dqfa8dhq9b0fwjw7p2dnbkyx4-Xstop.drv
  /nix/store/gy54hayda5772np0dnw6lxywha4d9qwg-xserver-wrapper.drv
  /nix/store/vygw1np1ny9zzaqi044gik697025n4i6-Xsetup.drv
  /nix/store/y708ybpv3lfaf8ij40mj7z33xrpdg8ks-sddm.conf.drv
  /nix/store/y71g8in8cn2vvn5v4i31a0sjsifqcvbr-etc-UPower-UPower.conf.drv
  /nix/store/yj6hk30irdns5gj30m7c0y1qii58i0f4-etc-xdg-xdg-desktop-portal-portals.conf.drv
  /nix/store/z22kx077s8rj28pv93k2vnbjb4is9byy-locale.conf.drv
  /nix/store/z4wixpj78495398r28ynxri6kipqjpx7-etc-gitconfig.drv
  /nix/store/zpqfazrlqs9smiqzaaqyc0gcdwg57h3a-etc-ssh-ssh_known_hosts.drv
  /nix/store/mspbdrykbz9ppz0znwsz1ri1cfdp1fcx-etc.drv
  /nix/store/xb9pfgihcqbgbp8qpcx0p62qhnr2c8iq-activate.drv
  /nix/store/jjmm0pkmr3ia165d5rnzz9f4czzr13v0-limine-install.json.drv
  /nix/store/h6iikb1513xv06jarfzg8ip9ay3bj03i-limine-install.py.drv
  /nix/store/y1aphn5gv3x09wyp0xkinjbyqazllfzn-limine-install.sh.drv
  /nix/store/cnbn5f0sml4qy1y82p830znph60qkrz4-nixos-system-Luana-Legion-5-26.11.20260826.9fbb54b.drv
these 3178 paths will be fetched (9.1 GiB download, 25.3 GiB unpacked):
  /nix/store/vib3hsag5pik6rf0j4588dlay3y3l73m-16-no-update.patch
  /nix/store/91qcsjs5kkcwrvwfbhjh5pjkc23l0q58-55-nixos-aslr-entropy.conf
  /nix/store/7fprvvznwijlm16bna59jx6gp53f6aw6-IO-Tty-1.20.tar.gz
  /nix/store/7s0vhzddx32kh7bjnkiislj0f3hyhjki-IPC-Run-20231003.0.tar.gz
  /nix/store/yavw4an0xnv3l9qal1191yym1jcrfjcv-Readonly-2.05.tar.gz
  /nix/store/j4wcnhb8knpy7g9pfhcdhv3zmiisafw8-SDL2_image-2.8.12
  /nix/store/31820n440745n9lx1vnrvqcbnw3w6nib-SDL2_mixer-2.8.2
  /nix/store/4n0wgbr969jqvjd26knlrn0h5380vfp1-SDL2_ttf-2.24.0
  /nix/store/qm39dldnclw4csg7i2zc77zm06y6937j-ShellCheck-0.11.0
  /nix/store/0dxqk63r2zm5gzjq39lsnplg6ih78amm-Time-Duration-1.21.tar.gz
  /nix/store/rm5mscq98v08z5zz0mj8g04q037a9id7-VirtualBox-7.2.16.tar.bz2
  /nix/store/045pkc2ly3ki7g7z1qx0vam42bn1gv4v-a52dec-0.8.0
  /nix/store/izxs0835nl2qjd6kazrkwmrwa1r0arcy-aalib-1.4rc5
  /nix/store/6323k66pxf9df9qg1xpza8zgx1kh7ly2-abseil-cpp-20260107.1
  /nix/store/cnspfnwnymw2m4xav1yim5qq0ifgv4xh-abseil-cpp-20260107.1
  /nix/store/l6gapc4fk3sk0jw4nl0a2vv5kg524pyp-abseil-cpp-20260107.1
  /nix/store/ndpd5dd1gsza5mw34cy3024zfm28hds5-abseil-cpp-20260107.1-dev
  /nix/store/i6vf2hl85mzhaqbr3jivhj5ndapnpycl-acEvent.sh
  /nix/store/x4xyqsl4kxcmswwgmi40dfa6hziwp2a6-accounts-qt-1.17
  /nix/store/dh8ak3h384g6r1ngh53k43139lfz2r1c-accountsservice-26.27.3
  /nix/store/8jnb0l7s676sp8p1mh8n2188gk6vjgwp-acl-2.4.0
  /nix/store/j21h758df64ccflslqhqpwd3rvmr9hl2-acl-2.4.0
  /nix/store/7vxjxywqigl9vsbb0x87wmsz4mjql3c8-acl-2.4.0-bin
  /nix/store/970d4zd12kim63gprlrnzmjcggl2dmg8-acl-2.4.0-dev
  /nix/store/a39jzx3hf92x930cmv8phzwhfb27mi48-acl-2.4.0-doc
  /nix/store/1z8mz5z3aql66yqb5x3n8amf2rmz9xnj-acl-2.4.0-man
  /nix/store/v49mjad32lrsghqryzbs3xl2p264dvrg-acpi-events
  /nix/store/3jvhyp35lzac78zrprn15mrvhi00r0ga-acpica-tools-20260408
  /nix/store/bc5bcyl6hfdkvmfvvwdmv4hmpa681hb4-acpid-2.0.34
  /nix/store/32bpy9v57sy21krs31i5p8f3h7n2zz7y-ada-4.0.0
  /nix/store/mq4zaqrsrvmd9nz00vd6ddpkm4v3y81b-add-driver-runpath-hook
  /nix/store/gn6xn3ja3dygsgpjz2ri989aan4z9chv-additional-cups-backends
  /nix/store/vq0h5xk0sx57s22djpsq25ny813w3sbi-adwaita-icon-theme-50.0
  /nix/store/c61422niqnjk1askbwdv63rwwrsc3w81-aha-0.5.1
  /nix/store/72my7kpg1pzsk6hgzzi3hxv3w7sxymqp-aho-corasick-1.1.4
  /nix/store/hd4gf7bkmzafmw3qc9h3wday8q4cvz34-akonadi-26.08.0
  /nix/store/vkr655l83gryfdf71c1lk90vcqjkk6vg-akonadi-calendar-26.08.0
  /nix/store/nfij30mnd4y8k5kf5ql21nn0kbf8z6vz-akonadi-contacts-26.08.0
  /nix/store/lxxwbwm38ni0hx1i4x75ks3jd8b4mdhg-akonadi-mime-26.08.0
  /nix/store/kg01xqfhzjz8c3r6bz53avacalq43mrr-akonadi-search-26.08.0
  /nix/store/30axpl69hm5309360ing7z76zsddwwyk-alloc-no-stdlib-2.0.4
  /nix/store/r5lfrd2pl56frf8ip9xl25r2lva3cmpk-alloc-stdlib-0.2.2
  /nix/store/6vqkgczanxhrc2jlz5xhz86k6xkl0bfq-allocator-api2-0.2.21
  /nix/store/25gm59jwi12mhrq784xbrajflc137cck-alsa-firmware-1.2.4-zstd
  /nix/store/1c5wks2pfnmgdq708gifls3yfpln5arz-alsa-lib-1.2.16.1
  /nix/store/gvgz0nm1mwj50k0xd2pr78bx9m5mjxvj-alsa-lib-1.2.16.1
  /nix/store/a0wjrqgl2ypixq3iy5l859ziws9n0idq-alsa-lib-1.2.16.1-dev
  /nix/store/l5f99hqb94hwcwnchj8s2m1l0grp44n5-alsa-plugins-1.2.12
  /nix/store/6d9lzx182pwzz18rfid2alqrhbvyvmag-alsa-topology-conf-1.2.5.1
  /nix/store/qf2spz54pgnxvfr4wmy98fja7y5idz2p-alsa-topology-conf-1.2.5.1
  /nix/store/fgndr1mi5l1x995p3cmlyb1i5j8fzd2s-alsa-ucm-conf-1.2.16.1
  /nix/store/z3iczgs3g1gc33lj6iv0v60h2c25bxyn-alsa-ucm-conf-1.2.16.1
  /nix/store/l34r8xc6mbhlz9g610amvf8wq0fl25ks-alvr-20.14.1
  /nix/store/fyd07vmdcf2wpyc09a0a5yqkyb1i31q9-amd-ucode-20260810
  /nix/store/mcbpd0lzv6gl5pan8njd72wzczi3v3r2-android-tools-37.0.0
  /nix/store/l0mnnfgp0fcyky2rrim7qhp37rkifqib-ansi_term-0.12.1
  /nix/store/adj0qnslr67378ph51dm5c79diry32i7-anstream-0.6.21
  /nix/store/2snycmrxpf51ijh3bqgk89j5c858cc13-anstyle-1.0.13
  /nix/store/nwz4vpj5prxhpdpz2xmw4lc086hbhfj3-anstyle-parse-0.2.7
  /nix/store/ql909ifm690fvsrln7zj8k8aawyvw6js-anstyle-query-1.1.5
  /nix/store/6j81d9kgk4yr0cq9p3j6qwlrknynr0dd-anstyle-wincon-3.0.11
  /nix/store/fa6qrrnjnqsn26ddp3mrg1ljswrbxkrs-antlr-runtime-cpp-4.13.2
  /nix/store/dzha5f0yv1nsb2rw800dy58brzxhihrb-anyhow-1.0.101
  /nix/store/zw627kzannvl2q79vrz12y2m8kqsd5aq-appimage-exec.sh
  /nix/store/lay9imjlw5y5amnyf1sbfjr121v9mhp8-appimage-run-fhsenv-profile
  /nix/store/6zj308qkvxn70whl2xgdsi66a1hfjf5y-appimage-run-fhsenv-rootfs
  /nix/store/i2azliw8fyn0dv751hkwcjp25w0k3raq-appstream-1.1.3
  /nix/store/r26br2h1zm2yn1k0d5jqwcs5jcnsv92y-appstream-qt-1.1.3
  /nix/store/vc6l3130zbdhgnb2kbkrps1n4ninbwbj-arc-swap-1.8.1
  /nix/store/5aqhdyi0mgxzgmma0yamzk4jsd6jafal-ark-26.08.0
  /nix/store/agkkra0r9bgqpp58vhpiq7m1f2fsm6hd-aspell-0.60.8.2
  /nix/store/m3i2rn65sxi09vgacnq3cx6r98f8xvnl-async-compression-0.4.39
  /nix/store/gcnqjshfgpk4bnxyxcx9w6qnra1a5p0d-async-trait-0.1.89
  /nix/store/iw5kcyxqr3c4w4m2d2yaqxkkis07awr3-at-spi2-core-2.60.6
  /nix/store/p0ijpx5x5kppx8jrpqzk5zk6ksfw55vl-at-spi2-core-2.60.6-dev
  /nix/store/rfsz734zgvi91sgp3iy3r971p5bjz024-atkmm-2.28.5
  /nix/store/09wmzj544my9iirwb6czhcddk3fbwx6x-atomic-waker-1.1.2
  /nix/store/irh06sw2pan90p8bil9p7dvll69y46hy-atomicparsley-20240608.083822.1ed9031
  /nix/store/amhnjmknlj7s5ai3df07myp93vcc3bb2-attica-5.116.0
  /nix/store/pcani83z62plqrh8g5ivnpi5jybn53z2-attica-6.29.0
  /nix/store/70r4y9l4jr8c85n3k3q9b52m4g5qm52m-attr-2.6.0
  /nix/store/bb2jb295969rw2xmijf6s578yb0pxypr-attr-2.6.0
  /nix/store/zsc8fb1lbab6dd2q2i7g7bspygl9lpjy-attr-2.6.0-bin
  /nix/store/qm85fkm1wf64p0ibl23dm169f0fz435c-attr-2.6.0-dev
  /nix/store/8akigbb0dj8miyw119ipbnvs6y2mrb9p-attr-2.6.0-doc
  /nix/store/z7xa3m3fwnpbnib4gavnmfiam25i5szx-attr-2.6.0-man
  /nix/store/4mgsc9zfz0a3dyamrmm2rs6b2ppanrrj-atty-0.2.14
  /nix/store/b3rn512kkr6p7z6pkvq322szwlh3yk5v-audit-4.2.1-lib
  /nix/store/f1i90m4xwg5yc3ca5ylp49ni51dx5g24-audit-4.2.1-lib
  /nix/store/6xq9jgq7cinc3dyrkq1zirm5v9nszj23-auditable-cargo-1.97.1
  /nix/store/l6mdh3h7szzfypln7k8vlgbrz9vwbqjd-aurorae-6.7.4
  /nix/store/08wc8x4jxsbc438nbxjwmrrlfqhxvm90-auto-add-driver-runpath-hook
  /nix/store/04ky6pvpb6vy1q5ifwca5zjb8d929y0v-auto-fix-elf-files
  /nix/store/sdy3gmhg59lq2s5y4sdg8m9n6x17hqij-auto-patchelf-0-unstable-2024-08-14
  /nix/store/99w7bcm4w7aa47yjnb1dbm1y6whpklbd-auto-patchelf-hook
  /nix/store/vs5dgplzmipp330gsvh3mn4bvss8iqy9-autocfg-1.5.0
  /nix/store/856vrw15mdjjpy2wgy3r3six4s1833jn-avahi-0.8
  /nix/store/8jq7b6qvy8a4wpdq9w3gm021b1bsvwvm-avahi-0.8
  /nix/store/icas0fh7nym76qvmy25qpgvbnw6dcxdp-avahi-0.8-dev
  /nix/store/v7vx6ymivbclbqpnzv0zdfrsj4i7580y-avahi-0.8-man
  /nix/store/gby78zjw3s852svr5r6dfrzhyf9caxwz-aws-c-auth-0.9.1
  /nix/store/vshg0hgayllcsji01mz6y34sh9y41rf9-aws-c-cal-0.9.2
  /nix/store/ng5p99a1sgkcwygsymwca9jcpa6pzv7b-aws-c-common-0.12.4
  /nix/store/fv2m3zdfsm1zal57n85379jnw0fkwxaz-aws-c-compression-0.3.1
  /nix/store/3pi43l7i9rjpywkh66b42pgpm5p86w4i-aws-c-event-stream-0.7.0
  /nix/store/5g4jp27yyfilz1awm2p88569fsf6q9zr-aws-c-http-0.11.0
  /nix/store/blka8fcvnrn1fy8yya80nz7ngl9n14as-aws-c-io-0.27.2
  /nix/store/cq0z09kfnxa7pmqc8wfbs9a1mmimzj25-aws-c-mqtt-0.13.3
  /nix/store/f6dly6qra953m1amh64af7rhkypb75hj-aws-c-s3-0.8.7
  /nix/store/rnhgn1nlm69b54w26p4in96r2xj69pck-aws-c-sdkutils-0.2.4
  /nix/store/r795vhwzk1v9ml7kaabr9x8cxf5z78jb-aws-checksums-0.2.7
  /nix/store/ba5r9ma0wdhi57z7scb0pq8a08bm66qn-aws-crt-cpp-0.34.3
  /nix/store/jdqq03hkr1a82hlx4xdnyazfh4v6fs1d-baloo-6.29.0
  /nix/store/xqb4xhx6zff43wpa15qinkbaallvclya-baloo-widgets-26.08.0
  /nix/store/yy8p0b8kkljlwjpdjwawb0c3xjqqlk2h-baobab-50.0
  /nix/store/7glm02cm9ik8p6yb3hqpzw3wcdll14l4-base64-0.22.1
  /nix/store/9ipfvwnqp1q8ijnmi5sxvlx9r8w34lw3-bash-5.3p15
  /nix/store/9p1466lp7qxgxga8c66kcvz3rsixzzf5-bash-5.3p15
  /nix/store/8z4ss3bnpvgg3rvkcyj4v4ss1p2cy8jg-bash-completion-2.18.0
  /nix/store/1nv6z876924g84jvmdq6p7fqhpi270hn-bash-interactive-5.3p15
  /nix/store/7a60q5dgnv6z96c279rc1nalyiw4mgqn-bash-interactive-5.3p15
  /nix/store/ipycwpgr9lqjvcsjvyi6a02l9520mrjz-bash-interactive-5.3p15
  /nix/store/8ygssg19xrsmkqinfchrjc2gzcglv8zd-bash-interactive-5.3p15-doc
  /nix/store/sc3vkdyr914xb1fwik5xbqsyc4rf2ba3-bash-interactive-5.3p15-info
  /nix/store/d3nf7v96himh0q02p1wi3ncz7gnxi3a5-bash-interactive-5.3p15-man
  /nix/store/mi8apjw9sfxy3qlk9ay67982k91z4621-bash-interactive-5.3p15-man
  /nix/store/qk1mqw6y530z97jxmrjw7342d59i5l5p-bc-1.08.2
  /nix/store/z46f4bd8l7x2gy8sddwiadppzwc1pb1x-bcache-tools-1.1
  /nix/store/9d10pbjn5hbddr4jgx15hm6va1xlvhjd-bcachefs-tools-1.39.2
  /nix/store/0aapb6vy86v1iwkqx9fpykmfjg5dri0m-bibata-cursors-2.0.7
  /nix/store/ff7xg8dfzzydkrfdxp7apx4yy8370agc-bin
  /nix/store/hz0qd0vjpgah0ma4vvl0dw1519qdk0r9-bind-9.20.26-host
  /nix/store/9gw5588qsr45kg2ssl81bywgpss712dn-bind-9.20.26-lib
  /nix/store/6ykf2v31w9mcafrfl503nvpcfh4b9n9x-bind-9.20.26-man
  /nix/store/5pa1282x1sasbwhmnah6bny1g9pc2lj1-binutils-2.46
  /nix/store/bjz3lzq7igazgakhm79k17bchlcjvrsk-binutils-2.46
  /nix/store/h713yn364zy9bi0xwvnfwcp74w08sn76-binutils-2.46-lib
  /nix/store/pv8r845032qgj90a6mbqap950s5hqdjk-binutils-2.46-lib
  /nix/store/caggcfx7inxf71x58qsgwyg026jiz8wd-binutils-wrapper-2.46
  /nix/store/fr5xj4dhdllyk9ds7rm786hrnj3aqw3b-binutils-wrapper-2.46
  /nix/store/rm982p6i9ry7rwq5jn638kdpv0a2331f-binutils-wrapper-2.46
  /nix/store/vs80ag6hsr58wv5fn3nlq8qi32x9hwfi-binutils-wrapper-2.46
  /nix/store/2z6z4c3izwbiflyglkl7gab6agypk7q8-bison-3.8.2
  /nix/store/gapbq2cy2ss71iavrk3zgv1kanrmg1j2-bitflags-1.3.2
  /nix/store/yl2mqahx3s9s0ynvl58ncw8z12j40kl4-bitflags-2.10.0
  /nix/store/4ha7dly7lnp8d0vnrzd54i2r9y99zsyd-bitwarden-desktop-2026.8.0
  /nix/store/ssn5wnn471prd1pwif059j03iw10n9j7-bluedevil-6.7.4
  /nix/store/hqnbmhr4h8p229bpgb1dw2wzqdlwqnf3-blueman-2.4.6
  /nix/store/0s4hmpxbh20c60p0bv3xf9n78mm7r92a-bluez-5.87
  /nix/store/vlakbh3si797k5mfpzdxl033aq2h3xck-bluez-5.87
  /nix/store/8pcf6v6y2q2xlgpwkyxc639qlq6n207q-bluez-5.87-dev
  /nix/store/mirdqc2f34g5f94cif1iv80w061nxlm3-bluez-qt-6.29.0
  /nix/store/fhmdw5g0b3d1ahcdi0vl5wxcf5f6ylf8-boehm-gc-8.2.12
  /nix/store/vc4vqypqzzzbnrkqyn71wgayl88mk062-boehm-gc-8.2.12
  /nix/store/va1zxylxvbvxwv4r4fjspjspi8cl4jfy-boost-1.88.0
  /nix/store/spqm874kqcb92abrmnqppx61q6n3b5if-boost-1.89.0
  /nix/store/qdqp7ys68hcxjxivf5zcb08jx2db4n4x-boost-1.89.0-dev
  /nix/store/arh4l08ska9cj0kwn43d85g7flnmhjrx-breeze-6.7.4
  /nix/store/36bkqdwrf9z5sdhwnbspr8qnw0hjk6mc-breeze-6.7.4-qt5
  /nix/store/kwv0s9s1dqwikrs4n7nki89llj64bxrl-breeze-gtk-6.7.4
  /nix/store/qwi9ig2bwrjmx3iadpxhpw9824vblkch-breeze-icons-5.116.0
  /nix/store/l3n2lsdxfhyrjgyyyl8mh7cf6ijg6w87-breeze-icons-6.29.0
  /nix/store/78grhzragl3wslxa4cmc49b4a4ww0hdb-breeze-icons-6.29.0-dev
  /nix/store/699w69i10c2nxgq2izxiz1m9l6lcihr6-brltty-6.9.1
  /nix/store/34vidkz6jm5pinhhyxi64pj82x70vida-brotli-1.2.0
  /nix/store/46hh240hlj9si28zra66dyc3nj85lynw-brotli-1.2.0-dev
  /nix/store/c56x66gbj3qwv3g7dhadcfiq408q2hay-brotli-1.2.0-lib
  /nix/store/vlpbx09yym3ay7mdjskd1mdwlmabfcrq-brotli-1.2.0-lib
  /nix/store/fr908v1sqlnxyzgnxbhbngwnn4nkqcs8-brotli-8.0.2
  /nix/store/4czy8q7bb0jrfcacm834scvxm35kk1bh-brotli-decompressor-5.0.0
  /nix/store/vlrk99zpb8dw546csb39p3033n6kc09h-brush-0.4.0
  /nix/store/x3ly6yh272d0k1ljgfnzwyazvhxcb2yh-bstr-1.12.1
  /nix/store/yljbd9wmqsdg89pprp6r7ml0c5a109f7-btrfs-progs-7.1
  /nix/store/v24sx9l1jmvvia3z8iznrd7jwhvc8kcf-bubblewrap-0.11.2
  /nix/store/k80zcb1f043dcsp2bpfhlz0536cs4sn3-bumpalo-3.19.1
  /nix/store/cj57rfh9r6f4453lwxpy530cpwkvijsm-bundler-2.7.2
  /nix/store/n43nd2kfhbx4w8as8krj1hgj0k6rndh3-busybox-1.37.0
  /nix/store/3l66wb6x9722bb77ryl4xfhss7wcj3m5-byteorder-1.5.0
  /nix/store/hnc5lni967p6c4ffswcbn4b6wbs0ab6x-bytes-1.11.1
  /nix/store/rl4k556ipy2xp6ldp4yk1f7nikc6m2fx-bzip2-1.0.8
  /nix/store/xz5xsq0nihfs15fbknz5w0yblg04760q-bzip2-1.0.8
  /nix/store/2dgq76ska4b6fsiz1vgkvvpqilp9jfkd-bzip2-1.0.8-bin
  /nix/store/622jkvg8hgffly7dca6iif9drvimingx-bzip2-1.0.8-bin
  /nix/store/9vxrnnhc400s1rgq801wqfdxhzpcl1z1-bzip2-1.0.8-dev
  /nix/store/7xyhx36z23dlmh8m7xs52vp71rh31nd8-bzip2-1.0.8-man
  /nix/store/54rqnl07mbj27r1w2c3rqk3xy29i4180-c-ares-1.34.8
  /nix/store/lf1cnykz1gbdvlv7h2jpwnyy7gs8j5b6-c-ares-1.34.8
  /nix/store/v4s78kgw1fv4jj766wj2q9695msrnpx1-c-ares-1.34.8-dev
  /nix/store/i64nsp3pkzch9w1h5flpn6ldk5mpva6f-c-dvar-1.2.0
  /nix/store/3w08yr310i2556cai8pp4r53ccsxkvrr-c-ini-1.1.0
  /nix/store/m7y4m85n1j33043gy9n76a8vwk0a0v6n-c-rbtree-3.2.0
  /nix/store/cbf9mkvwys6kzsv5ikw226zpcva0c8rl-c-shquote-1.1.0
  /nix/store/hlpnbn0ywczxnwrglrf38rganwwmvbc3-c-utf8-1.1.0
  /nix/store/imkw2kilahmpk5c2n0img67wq8ij717v-cairo-1.18.4
  /nix/store/nb25nsqx9m0g5sla0bvxa7i0kdp2vmjl-cairo-1.18.4
  /nix/store/j8aysi64y93f62rxvf3x2i0h1l299h28-cairo-1.18.4-dev
  /nix/store/r8hmmg0157xafx6gmx0fbyxzfhalcvq2-cairomm-1.14.5
  /nix/store/d7g512zwwmcvz8d6br4k1dmqh0knnz3d-caja-1.28.0
  /nix/store/dv55qwamlq68hdiprg1v104ymwh1c27r-cargo-1.97.1
  /nix/store/6x9sy6vwxa4bv7km9xbxxxipkjzbmxn9-cargo-auditable-0.7.5
  /nix/store/kbpd1agaq8yc3pl9idp7a4d2ydgqi0p2-cargo-build-hook.sh
  /nix/store/xaxkgxwssss7fspxvbs08c63fz9a7gzg-cargo-check-hook.sh
  /nix/store/4gzmsr9npyb02f6wdygxyhgbiiqwy5m0-cargo-install-hook.sh
  /nix/store/wwwh00mza7lvmr9c1nd6nj5mfkjd804r-cargo-setup-hook.sh
  /nix/store/v579l5lawvy0892q179zg83236ixdgj6-cargo-src-adler2-2.0.1
  /nix/store/mv4lsr5wbahn1rg3sl99x0qq6kxdx3q7-cargo-src-ahash-0.8.12
  /nix/store/8480wdr37d7ngpzig1zcpah72nqpj4wa-cargo-src-aho-corasick-1.1.4
  /nix/store/8bpyli07zaqpd2wwga3mw4nyy7c0rs8x-cargo-src-aligned-vec-0.6.4
  /nix/store/la81gfx980497nv5g655931myrdp9c52-cargo-src-android_system_properties-0.1.5
  /nix/store/9v182nvgn3wmqizyahs76bymci5gyv3n-cargo-src-anstream-1.0.0
  /nix/store/w5qlbw15ggq5rwn71ncc8lvmi7imyxgw-cargo-src-anstyle-1.0.14
  /nix/store/r0n47c5f137jl50lvfizknm6h5gjs32z-cargo-src-anstyle-parse-1.0.0
  /nix/store/yc4z9smxhdn5l46xyw7hir16k60002xj-cargo-src-anstyle-query-1.1.5
  /nix/store/5d36pg0xmq4m8abfy2minhw4b651kkr8-cargo-src-anstyle-wincon-3.0.11
  /nix/store/xdyh9fb4p8q8zzdw5abz1inm9c0zrzrk-cargo-src-anyhow-1.0.102
  /nix/store/z9dx3lixxh8l6rxf3ddvx50v4dh4igqs-cargo-src-arbitrary-1.4.2
  /nix/store/iyi8r31wsqwhwz573ypwgi0zm89qa46x-cargo-src-arrayref-0.3.9
  /nix/store/jnfqgdbgblsdrbfjz7pgyvj64i1cbaxj-cargo-src-arrayvec-0.7.6
  /nix/store/gh3wz4r4nl8vhppxpkkp7hirlkr232qs-cargo-src-async-trait-0.1.89
  /nix/store/mnf8dcdhjr76prmfv20hvrq2hw1c3v8q-cargo-src-atomic-waker-1.1.2
  /nix/store/h6wkdw811pwz23pnn2n3p7brc3ss4a2w-cargo-src-autocfg-1.5.0
  /nix/store/w0m9m5jbc4sclhxz4jmj24ar5zfcc54p-cargo-src-bit-set-0.8.0
  /nix/store/h9arkpkdi19p1kdn7lbsdgxs5bifymny-cargo-src-bit-vec-0.8.0
  /nix/store/cqdpaa9h8l53hplgk9zn9kxak834zmml-cargo-src-bitflags-1.3.2
  /nix/store/jrxvxigihs76d4j29y7z5rvwy40i9ni4-cargo-src-bumpalo-3.20.2
  /nix/store/gbij6a2ii6hdynigxr9cq95nfk11f8qk-cargo-src-bytes-1.11.1
  /nix/store/djcrn2ldcgyrdf7nm6rlj8h1r4hqq6ks-cargo-src-cfg-if-1.0.4
  /nix/store/8hvsak4lg2fsk1d3vik9shm4aj0pw03k-cargo-src-cfg_aliases-0.2.1
  /nix/store/swj8bhafnn2gzj1abjmzz54ad5ynbwk6-cargo-src-clap_builder-4.6.0
  /nix/store/iw7v2gsrvrk07j72xp7ys7bpxzsrf52q-cargo-src-clap_lex-1.1.0
  /nix/store/6fc3llgyf4sl2gb1ggp43gr1rchrckh1-cargo-src-clipboard-win-5.4.1
  /nix/store/b0zxqfjdz25k6sf1szh1i09wqgkswr3m-cargo-src-codespan-reporting-0.12.0
  /nix/store/vbq47bg0cz04rrdbxd4d5sq1lrh4k5cf-cargo-src-colorchoice-1.0.5
  /nix/store/4pcdnr987klhl01iafcnbw5qslqngmgy-cargo-src-combine-4.6.7
  /nix/store/hmsf74dvmc852vp6l3x7z4bmmxy5l5gg-cargo-src-concurrent-queue-2.5.0
  /nix/store/vp0w7kp0vffwvs232va9dd36p1x4i3ds-cargo-src-core-foundation-0.10.1
  /nix/store/dz26f1s8qj2k5jm418l7mx1xml4hyf6r-cargo-src-core-foundation-0.9.4
  /nix/store/xxqiiigzkd8ax5xr1ny1afmj2mwc3nmm-cargo-src-core-foundation-sys-0.8.7
  /nix/store/l747g11fs8w4ldyy4mcqlzihd0yfd427-cargo-src-cpufeatures-0.2.17
  /nix/store/mxi17l8hj3zxnz2xwm1z6njhs4r41mg1-cargo-src-crc32fast-1.5.0
  /nix/store/d42id5rn6qfaz762grx48f3dmxm6lp9r-cargo-src-crossbeam-deque-0.8.6
  /nix/store/17jw44d0v1ivcacvdcsk88rl8vc8xq91-cargo-src-crossbeam-epoch-0.9.18
  /nix/store/hc5m27mkl8sahmxrgdvc84fiwxi3f2zh-cargo-src-crossbeam-utils-0.8.21
  /nix/store/lyy53bmn372zipicmm0yq716cklkc6xp-cargo-src-crunchy-0.2.4
  /nix/store/zxxv8fd6wy9mddkrmjwggn86swgrp4hq-cargo-src-crypto-common-0.2.1
  /nix/store/grjf28jlp241gi5m5nmqx5xic2j1lh1z-cargo-src-darling-0.20.11
  /nix/store/hyjl2pl3p98lywchj30kk800814fzwxw-cargo-src-darling_core-0.20.11
  /nix/store/2w0ny1gmb3karv6n10vfhk4kc86i13d3-cargo-src-darling_macro-0.20.11
  /nix/store/3sk812akyc3jzmnzwghx58arj683z6si-cargo-src-displaydoc-0.2.5
  /nix/store/zj00dkgvfyj9vyz05n01qsb1i4shfjh6-cargo-src-either-1.15.0
  /nix/store/gi3riy33kcgs6f3x0l06xwxk6k98igpl-cargo-src-env_filter-1.0.1
  /nix/store/hcs1xx4pb3al1psqp31zjpksg2965r1l-cargo-src-env_logger-0.11.10
  /nix/store/cy45gj504amww1ivmyshcg2pxfi93qfv-cargo-src-equator-0.4.2
  /nix/store/wjjgjyp3wwa5mg9kfvymxr9js2kjimnw-cargo-src-equator-macro-0.4.2
  /nix/store/n5chfcqwdpx73y71y92pzi4dgh6mrxw7-cargo-src-equivalent-1.0.2
  /nix/store/5kdrn0ifqf81npkz7mwccl1pkx03nc3i-cargo-src-errno-0.3.14
  /nix/store/5s4va35y3xbribn7gwl8xc18irr4jdda-cargo-src-error-code-3.3.2
  /nix/store/8bpp03ipc37nvbillmgslakcbndrz26n-cargo-src-event-listener-5.4.1
  /nix/store/dr9ihcq23r0a48ivlxkidlqn8hgp388c-cargo-src-fastrand-2.3.0
  /nix/store/bdxmswx1ajb698vcsjjx08bbis7s81ar-cargo-src-find-msvc-tools-0.1.9
  /nix/store/4njfja6h1rvzy0rflidp96fzira4v4vn-cargo-src-flate2-1.1.9
  /nix/store/2vzxc859r9czqp24fym87zslyry21jij-cargo-src-fnv-1.0.7
  /nix/store/qcs3w6p8pzsy6lsp0sx5iizv5jm570dm-cargo-src-foldhash-0.1.5
  /nix/store/zxwlw506al3c836002wq18nw28y66dn3-cargo-src-foldhash-0.2.0
  /nix/store/s6kl80sx90azm7a4zimkz1cq5m0kadkw-cargo-src-futures-0.3.32
  /nix/store/0nfkcaqcvkcd1ni09y0fsqpa8v2f4k33-cargo-src-futures-channel-0.3.32
  /nix/store/qqy8flkz2jixwlr1fp2wrzgw68b2bczb-cargo-src-futures-core-0.3.32
  /nix/store/58kajf1qszsvmr2k1krx5da1zcd3fhlb-cargo-src-futures-executor-0.3.32
  /nix/store/gks8zv9rsqkvj5isw1z4837q30bd45a8-cargo-src-futures-io-0.3.32
  /nix/store/5vhah6nj9b4zq7w7ld2h9jj8mrsbgyjz-cargo-src-futures-macro-0.3.32
  /nix/store/r6ym60ipvjhmr3crr15jk14a7534rm7c-cargo-src-futures-sink-0.3.32
  /nix/store/nwxwy5l4qccv97sfpsm54ydvyghz7vbp-cargo-src-futures-task-0.3.32
  /nix/store/gx4d5nx8g4895dg1hj8krvvw2ysj3sjl-cargo-src-futures-util-0.3.32
  /nix/store/jd2xilb68bvpdcy9b1spvggp5z84j9gg-cargo-src-gethostname-1.1.0
  /nix/store/3vcwp5h3639qdcnssbz91ypsrig9nqb1-cargo-src-getrandom-0.3.4
  /nix/store/x7r2wrkfy5vy2zlhqqr1ph6kzlpxkird-cargo-src-getrandom-0.4.2
  /nix/store/5ra0iajgpxj9z6aqyax10p3hq3j9sfqc-cargo-src-hashbrown-0.15.5
  /nix/store/8grqjqhirzf6y9c4lr84i9vh8k0cm43s-cargo-src-hashbrown-0.16.1
  /nix/store/j5v4g3dvhss5hah5wz5riyciv0grkgng-cargo-src-heck-0.5.0
  /nix/store/dg4cy79iwd7hqgmc0060p3h3qxva03f7-cargo-src-hermit-abi-0.5.2
  /nix/store/yqqn5l26sj8l62zxlj10kk6xx87fjw6j-cargo-src-hex-0.4.3
  /nix/store/pl87b882mmsrypiyx5rsfn5k52z60rb8-cargo-src-id-arena-2.3.0
  /nix/store/j128qfwmzzk31xwa4igpmj02ia9cdrjm-cargo-src-ident_case-1.0.1
  /nix/store/pfbz4cpi6nsska1l4b9wkw259fkhldd9-cargo-src-is_terminal_polyfill-1.70.2
  /nix/store/8n5h7q3rsnxhwwwh5l0d0ya929qf3j2b-cargo-src-itertools-0.14.0
  /nix/store/nxn9ja9wc8kh47cxmxy1i85hls3lxwj0-cargo-src-itoa-1.0.18
  /nix/store/81cj4wq7akd1kmsls8jbsll1cc45alqh-cargo-src-jni-0.22.4
  /nix/store/gqssmfvgqdczyb6kh59cny4afrsn753d-cargo-src-jni-macros-0.22.4
  /nix/store/h00jza1alyr9law6a653a9rz3id7al3n-cargo-src-jni-sys-0.4.1
  /nix/store/c6gfdvqifby86y7ihx6c4jlrrdxsqvd0-cargo-src-jni-sys-macros-0.4.1
  /nix/store/8mlx1y40nl2jvg3y1bsl3gzpmbsxsc69-cargo-src-jobserver-0.1.34
  /nix/store/z1w3rkxl898ki26dbafmxg29173968vl-cargo-src-lazy_static-1.5.0
  /nix/store/lys175pb88izk78i40vm0d8kfjxrss9n-cargo-src-leb128fmt-0.1.0
  /nix/store/sy3lg15fr159pfkpikyr4jmylizywawg-cargo-src-libm-0.2.16
  /nix/store/ffsgja6pkqrafdccr5ixcdwwb59c6bw9-cargo-src-linux-raw-sys-0.12.1
  /nix/store/81553n28hv3nqj9v1226qc16dvlqxh9y-cargo-src-linux-raw-sys-0.4.15
  /nix/store/g1vd9qqwxa1dl039qfpcr89lcv4hkssb-cargo-src-lock_api-0.4.14
  /nix/store/3lh7n62rmwrk8c2dyhpyf2i8f3lqslbk-cargo-src-log-0.4.29
  /nix/store/fx9szxihs5hbpv1czdw49bbf7k007pas-cargo-src-memchr-2.8.0
  /nix/store/vmdbzhk3rvy0mfcb86zvdahdjhizhv08-cargo-src-memmap2-0.9.10
  /nix/store/g54h7a01y6kaa4xk0dmnj2z6j00j1imh-cargo-src-memoffset-0.9.1
  /nix/store/lx5niywdn4x3hplfwgd9rddfbpw1mgfx-cargo-src-miniz_oxide-0.8.9
  /nix/store/nkc7dzqbvbaw4rc71wh97iwjzahymrmq-cargo-src-mio-1.2.0
  /nix/store/49387z3yzm84ldv8sjh4r73571xsd9fn-cargo-src-new_debug_unreachable-1.0.6
  /nix/store/xlfaiw47drzljp78r3wi53r36brs7jwd-cargo-src-nix-0.29.0
  /nix/store/6n39hmf71zvmpq0psjjm4cisdcqw43b7-cargo-src-num-integer-0.1.46
  /nix/store/n0qryplrp9ahl57s0w6a52qrzwijsppw-cargo-src-num-iter-0.1.45
  /nix/store/d0bmy92adsziz1ps8z4ffmbw3dl74w26-cargo-src-num-traits-0.2.19
  /nix/store/kv6knqnwjqamai1g37z647607qxjafw0-cargo-src-num_enum-0.7.6
  /nix/store/c36zgxrjin0kkj6rjcql7q72sp885hin-cargo-src-num_enum_derive-0.7.6
  /nix/store/v114dav71gbddq0s8ld716hfrmyragdl-cargo-src-objc2-core-foundation-0.3.2
  /nix/store/04vnr9ykmvqj7v44khiylwnr1dln2li3-cargo-src-once_cell-1.21.4
  /nix/store/jhvmnskg5208mm5ayypd6z6h1blq6irp-cargo-src-once_cell_polyfill-1.70.2
  /nix/store/dcidg1855ilgmqp3f9c230j02jsxq5ys-cargo-src-ordered-float-5.3.0
  /nix/store/k1kawwhh57rcj6d7jgdsqjdcqmy5l77r-cargo-src-parking-2.2.1
  /nix/store/k9v4brsfbwjvy0drjanc6iswd19izzz2-cargo-src-parking_lot-0.12.5
  /nix/store/qiawkf6s7lfqsbf8nc20x9hd2bvfbxwj-cargo-src-parking_lot_core-0.9.12
  /nix/store/d4qzig1vdfk97n67wxr2j4r86sj7igyz-cargo-src-paste-1.0.15
  /nix/store/b6kl4llpgfp01jml4lh0vz3pc223xzkz-cargo-src-percent-encoding-2.3.2
  /nix/store/69mirhjviw833v26cy1an5js7qrk0xxq-cargo-src-pin-project-lite-0.2.17
  /nix/store/kipx7mpfx9l1f5lvz24sf941aa0f1bkk-cargo-src-pin-utils-0.1.0
  /nix/store/fy1ysfmkh55dbkfn2qj8ysbg60mvaw73-cargo-src-pkg-config-0.3.32
  /nix/store/r4pdi3xs6133041jfw89y0kzcz8prh37-cargo-src-plain-0.2.3
  /nix/store/i8bzwc6y2rgl0zpvhpyg92hd9jjhpz72-cargo-src-portable-atomic-1.13.1
  /nix/store/g4cz22x8j7lxc5aq55rw6lig3dkn6c4l-cargo-src-ppv-lite86-0.2.21
  /nix/store/f264jwbknpnf1yvjcc69yw002qsabwlb-cargo-src-prettyplease-0.2.37
  /nix/store/6qk3isgj0wkqhh40m25awgkmdv6x6s07-cargo-src-proc-macro-crate-3.5.0
  /nix/store/3lm9ri9lk37f3yhmnybb31ikaj6imivh-cargo-src-proc-macro2-1.0.106
  /nix/store/r6p2bqslifcgwa46cs4igxmy15zm6znr-cargo-src-quote-1.0.45
  /nix/store/l0afbrh8slsil518qw8gzfcfppmada8q-cargo-src-r-efi-5.3.0
  /nix/store/jwj62k76zw6f6sh1mrr1hdwwhc34fqpm-cargo-src-r-efi-6.0.0
  /nix/store/lam759njqqznlvbf1d27hamjcmn1bqcg-cargo-src-rand-0.9.2
  /nix/store/5nny0s2br89wgm96l6qdjsicdsvny0wq-cargo-src-rand_chacha-0.9.0
  /nix/store/nhvf8q8dz78r747ih2bk96jh4miwhgf3-cargo-src-rand_core-0.9.5
  /nix/store/kcwd6ssrqkv5fpkmq8avmq93i0jd06s8-cargo-src-rayon-1.11.0
  /nix/store/idppik5ndas9bmxm38kd325dbhmbc5x6-cargo-src-rayon-core-1.13.0
  /nix/store/xbm8ykkh2hch53ifwgcxqzk120rxklsp-cargo-src-redox_syscall-0.5.18
  /nix/store/2ynd70sqs4r41hjvas6ykw5qb4lw702c-cargo-src-regex-1.12.3
  /nix/store/jgpcv9cjh281ajwiravc2s294zy21f02-cargo-src-regex-automata-0.4.14
  /nix/store/byb7xv9bvvbgwb71gzw2s4x7b9f7lx3a-cargo-src-regex-syntax-0.8.10
  /nix/store/hmzb36kh4548ghl0jlvm1ryixl856x4l-cargo-src-rustc-hash-2.1.2
  /nix/store/8w573k51jp86gbw98mm7w3ilf4lz03zk-cargo-src-rustc_version-0.4.1
  /nix/store/86anawi4j69j91s4shw6xvh46bh5khcm-cargo-src-rustix-0.38.44
  /nix/store/c8cvppdv2j7xrii12iq2di9rzjl6xypp-cargo-src-rustix-1.1.4
  /nix/store/azvdi1y6k4ccss7xx3nkhcn989m3khq7-cargo-src-rustversion-1.0.22
  /nix/store/pgwdsbhaj7snv41pxsabf0kmiwhi4182-cargo-src-safe_arch-0.7.4
  /nix/store/1rqkymizspz41l8254y670g7cscvzm3k-cargo-src-same-file-1.0.6
  /nix/store/hhn6afrn112jyhc940wagpmzyggfx5wb-cargo-src-scopeguard-1.2.0
  /nix/store/1zqn16jn3rrsjh9qzb86wb44m930hac3-cargo-src-semver-1.0.27
  /nix/store/8lmcx5f6k7kiw4mrdzxard4y89xwlnfp-cargo-src-serde-1.0.228
  /nix/store/shbyfm9xc7hxpfymgwx77kvyynsb5zr6-cargo-src-serde_core-1.0.228
  /nix/store/6jxz2n087xgk2mlrpcab20jdplr1632x-cargo-src-serde_derive-1.0.228
  /nix/store/fn116hs75a66c7chdipvahkq5fil8ddd-cargo-src-serde_json-1.0.149
  /nix/store/w3is36hy91vnm0f0r9in1fzgkky7vki5-cargo-src-serde_repr-0.1.20
  /nix/store/v3z3l5wdab1pl5na9n4sqdpih1x1g6p4-cargo-src-shlex-1.3.0
  /nix/store/ghdnxx5irgxn0j7wwybrx6na4a03rsw4-cargo-src-signal-hook-registry-1.4.8
  /nix/store/69hcciz5inll73p78s46l3aq61rcrilj-cargo-src-simd-adler32-0.3.9
  /nix/store/14qmgia2mn9164vd6nn3sj7n2cy9hkrx-cargo-src-simd_cesu8-1.1.1
  /nix/store/f7p4vyyf8cqgagnjg89adai71gprk9ay-cargo-src-simdutf8-0.1.5
  /nix/store/x5sigk0kzf34drlaqx1j3l3zqq6vncxr-cargo-src-slab-0.4.12
  /nix/store/y7xklc7rjlf4rvdl8pv81545n6mlh10y-cargo-src-smallvec-1.15.1
  /nix/store/nl6393h4avn67n0rpd0wwl5npjwaj6rc-cargo-src-socket2-0.6.3
  /nix/store/hw89abn7q4vhyg5651yk9npl1kbfji6k-cargo-src-stable_deref_trait-1.2.1
  /nix/store/ixrpnfa9plnbic64q5rnmap9rsv9478l-cargo-src-static_assertions-1.1.0
  /nix/store/c5fxr1hydkq978bay1bm5y6ia1638gy6-cargo-src-strsim-0.11.1
  /nix/store/rxqf4xv2hpynya19d42z9hrwk7afahzq-cargo-src-syn-2.0.117
  /nix/store/598cram4jxw3q087n9w82wymkxfknvlg-cargo-src-synstructure-0.13.2
  /nix/store/zbm227bs5gz49wsq6i5n5f6275aidkcp-cargo-src-tempfile-3.27.0
  /nix/store/d6hrf24z3ffr7rrb09aj8dlb8lw6a1qz-cargo-src-termcolor-1.4.1
  /nix/store/kc6rwp9kkw975jy1d21p18m7g59v1ifi-cargo-src-thiserror-1.0.69
  /nix/store/yhh0zbgwipjaj2ycj3l6zqs5m1qrpl2i-cargo-src-thiserror-2.0.18
  /nix/store/cj7gc8ghgbcsz1jyfc7zfnpkkn68h4fq-cargo-src-thiserror-impl-1.0.69
  /nix/store/640j6jzyxk3kghjgyaan62k2922102ds-cargo-src-thiserror-impl-2.0.18
  /nix/store/m9zwr2r471crb4523ycbf5kg5c1wha3p-cargo-src-tinyvec-1.11.0
  /nix/store/zfmhbswy6a1vwi3jmfv0bjhswhk3p123-cargo-src-tinyvec_macros-0.1.1
  /nix/store/cmvgrhj9gahyp4rb695m81xcxfd9all9-cargo-src-tokio-stream-0.1.18
  /nix/store/2v3ia6q7fa1h2dk9p1qx4p6cmgz5795l-cargo-src-toml_datetime-1.1.1+spec-1.1.0
  /nix/store/idnar5f5ig9jxw9115knqzchyn4qw13z-cargo-src-toml_parser-1.1.2+spec-1.1.0
  /nix/store/c31flw0vbg5bss6p4ynsrixnvznqfx8g-cargo-src-tracing-0.1.44
  /nix/store/rraj1c5nlsdjwhhm7drazmd5zy6fpwps-cargo-src-tracing-attributes-0.1.31
  /nix/store/j5sjcszkn9gfc86kck0x7ggjvdx3j92x-cargo-src-tracing-core-0.1.36
  /nix/store/allrgkdxym4wirq59wby4spkaxgajbxd-cargo-src-unicode-bidi-0.3.18
  /nix/store/kcllyvn45pjvkfc3sn23ynk7h57mg4ky-cargo-src-unicode-ident-1.0.24
  /nix/store/mkkba50bzp4vhk8128pmwfzm415scaad-cargo-src-unicode-linebreak-0.1.5
  /nix/store/hq0rskn5237cjdsyijvhp8p8l53wri8x-cargo-src-unicode-segmentation-1.13.2
  /nix/store/xj83z3qc60fdbyq45d31njq8c2sc8407-cargo-src-unicode-width-0.2.2
  /nix/store/kcdygmsyr35xbj6yz9mam7h3by34fmbg-cargo-src-unicode-xid-0.2.6
  /nix/store/33dfvgzgrm8shksrjb3rjdgr2xm5p6nj-cargo-src-utf8parse-0.2.2
  /nix/store/2pd3w60wbdvw3qls7wbdxhpbbn96m2q3-cargo-src-version_check-0.9.5
  /nix/store/x7mas9gzk6hkr72fvnja37hd0xb1xgw6-cargo-src-walkdir-2.5.0
  /nix/store/ffqbbq535ipbwg1vl0ayhdic79gxfw7h-cargo-src-wasi-0.11.1+wasi-snapshot-preview1
  /nix/store/qqf978zl9q84lz7cc0glpp9frnd7mi2w-cargo-src-wasip3-0.4.0+wasi-0.3.0-rc-2026-01-06
  /nix/store/wwil2jc1q2sx5pf6b056rxcpxrqxb4kw-cargo-src-wasm-encoder-0.244.0
  /nix/store/xrkrfj257prcqpygl0qk9mkv6hxa9j7p-cargo-src-wasm-metadata-0.244.0
  /nix/store/n7n5z2m2wvdbyg8dy5yik9l1v5pdswl7-cargo-src-wasmparser-0.244.0
  /nix/store/i991cabmmw1zsgs75plvxbm7b46dddc4-cargo-src-web-time-1.1.0
  /nix/store/9q4n01lxfkw3lx40m7im6hj2lhslnd97-cargo-src-wide-0.7.33
  /nix/store/drfhaf6zsgihz6v4w5f3agpwq50hr57r-cargo-src-winapi-0.3.9
  /nix/store/chq2d0szrxyvfizdlg88c5dbcgb8wr2m-cargo-src-winapi-i686-pc-windows-gnu-0.4.0
  /nix/store/ldjhh5zgx730wq6af1bcs0k68in1yda5-cargo-src-winapi-util-0.1.11
  /nix/store/xgjkrh2417mx018fywkclnvf2bb2ws6d-cargo-src-winapi-x86_64-pc-windows-gnu-0.4.0
  /nix/store/46pld6zskvdw99yiqp8zqpnlaz373037-cargo-src-windows-0.62.2
  /nix/store/ak0xsrjmhqf6h3p0n58rz9sjimfr3xv4-cargo-src-windows-collections-0.3.2
  /nix/store/61f0qfxk0xq72mmckhjir7s1h6vc2vzy-cargo-src-windows-core-0.62.2
  /nix/store/2r8gcjvqd7w1kvkg33d652hrgdknvq5b-cargo-src-windows-future-0.3.2
  /nix/store/6qrkzdnxl9c91vnfmjkxbpvr4shv2rva-cargo-src-windows-implement-0.60.2
  /nix/store/scmmrr3l6zw7qyn6clhvh50xx6996irr-cargo-src-windows-interface-0.59.3
  /nix/store/mxc148fyvgppdriy9f01hwn9nabb78yb-cargo-src-windows-link-0.2.1
  /nix/store/wybl7r36ibvlxlghrh03p86hi5cb9ax2-cargo-src-windows-numerics-0.3.1
  /nix/store/k5k17ilgwnzak47viziv3px55ll8rh61-cargo-src-windows-result-0.4.1
  /nix/store/p0a1dw9wzlvqjwjldkfck29hd6n84yp5-cargo-src-windows-strings-0.5.1
  /nix/store/mzv3bqz7z9gjdjy7gabgqnal0nfsjvbw-cargo-src-windows-sys-0.52.0
  /nix/store/csygk7q9cknsdhwpvr3vbi7i1m3dnkcb-cargo-src-windows-sys-0.59.0
  /nix/store/gy18krblkxrj4w0bdayc3hx9rm43iyzh-cargo-src-windows-sys-0.61.2
  /nix/store/f6w7pxfjjavms5v7gk41l9d4iby5qhdp-cargo-src-windows-targets-0.52.6
  /nix/store/205p1wn4vsr1akhhac0v04dj3iipjv2b-cargo-src-windows-threading-0.2.1
  /nix/store/41v0jlfb12kq15lmzvr8ql7dhqjgi2cy-cargo-src-windows_aarch64_gnullvm-0.52.6
  /nix/store/qvhfk26ajaj8im37mxn37sjgdqhbara2-cargo-src-windows_aarch64_msvc-0.52.6
  /nix/store/8759w0w79mphlvihsyxaph1f1k1sz3v3-cargo-src-windows_i686_gnu-0.52.6
  /nix/store/rf4y5khrcwy4dgy5hpayrxjzr98wv2s0-cargo-src-windows_i686_gnullvm-0.52.6
  /nix/store/i3c7ri1jr87kl5w5lcwhw3w6kddml8jc-cargo-src-windows_i686_msvc-0.52.6
  /nix/store/g414f7dw52ssnz5gn7rik0l7fibyd9gv-cargo-src-windows_x86_64_gnu-0.52.6
  /nix/store/q36sk8ypgii3nwfwhsydi7w6zifqbkyr-cargo-src-windows_x86_64_gnullvm-0.52.6
  /nix/store/kfr7l7ngj4hx4ryl3l98q3qvqrsnk8hs-cargo-src-windows_x86_64_msvc-0.52.6
  /nix/store/jpz83ysl1vv6v7v3fwgfg4zh6mxqwj66-cargo-src-wit-bindgen-0.51.0
  /nix/store/ki94jv55j2mwjfb425q9np66sv22cn4d-cargo-src-wit-bindgen-core-0.51.0
  /nix/store/s58xxvckjz56hpmjwy7alpfd0wr5ls4a-cargo-src-wit-bindgen-rust-0.51.0
  /nix/store/2zb6pxkwgy6hmwaplxjc70ilnjn1z79i-cargo-src-wit-bindgen-rust-macro-0.51.0
  /nix/store/4i537w3jyyjkmif3q8s83gwq72plksz3-cargo-src-wit-component-0.244.0
  /nix/store/vskx4dn7j2qg90y2nvxs4y6xy0a46x8c-cargo-src-wit-parser-0.244.0
  /nix/store/56nbx3rvil3vbviisldr0r4bnsv85xw6-cargo-src-zerocopy-0.8.48
  /nix/store/8y9fab5q162hzsryh3br7l67kchyk6lw-cargo-src-zerocopy-derive-0.8.48
  /nix/store/ab0gji0g0d1hz2jc642n463jy86y9p58-cargo-src-zmij-1.0.21
  /nix/store/c3b56yf66bs68048h3r17p7cskamqjhf-cc-1.2.55
  /nix/store/h8qr5293yvbaj6h3la9pmara24ryr7yi-cdparanoia-iii-10.2
  /nix/store/k6y5b1j2pjgixmxpxzs33w04qy6dsz5h-cdparanoia-iii-10.2
  /nix/store/20wkixfysffq6vwpxyx5dd8z6nvqhzgv-cef-binary-6533
  /nix/store/7lm8m7rbl51rksb1m8zqq7sfh8ihiisy-census-0.4.2
  /nix/store/rfjs1fcacfd1xysy7cmvxsrb9znz6iln-certdata.txt
  /nix/store/janqcjnqz9vl9nfbgsv2wd48bzfac04p-cesu8-1.1.0
  /nix/store/v7s7qb33ga0493kqgsg0g6djvxliz76h-cfg-if-0.1.10
  /nix/store/b2k10h9hc9xgrgdv9w67bif170h6qdbm-cfg-if-1.0.4
  /nix/store/ap96mjd3sccqv7hnfbiqrl6bkg7mhi83-cfg_aliases-0.2.1
  /nix/store/gff0w8fhlfxlqhq90dkxyq6smwpryj0k-cfitsio-4.7.0
  /nix/store/1wb8x8a1817ia29mm9fqnh526sdl020l-chromaprint-1.6.1
  /nix/store/fcgi3pa82viqpd9dxbzn1drx74ynv0cq-cjson-1.7.19
  /nix/store/w3phrgj35vkmixywx1dyhgkyg63jd3ml-cjson-1.7.19
  /nix/store/s8njynr97ikvlka2s2pk41b41wllv695-clap-2.34.0
  /nix/store/bq3pbwywj7fzjxnjy7gbpahcsa36m1qw-clap_derive-4.5.55
  /nix/store/gfb25a51ljv1s4zlkc4r8yx72pwjpsbs-clapper-enhancers-0.10.0
  /nix/store/d3lm7m34zqsp0mb5w7h34wv9xa5pipah-clapper-unwrapped-0.10.0
  /nix/store/xnzsf956mv3fv0hxs1hlyfxalnlsxw0d-clapper-unwrapped-0.10.0-lib
  /nix/store/l0jvnvs15ppm96mk6x5vcx3kgcqymy7h-clinfo-3.0.25.02.14
  /nix/store/bbla2lm6pwc6c8hiwlf216xmkrhwkfp8-clucene-core-2.3.3.4
  /nix/store/sx53fb4y78zq479vf51jgdh6r02bjwzv-cmake-0.1.57
  /nix/store/908kvhj55s5z7laavf4pddxrxl62rrgl-cmake-4.3.4
  /nix/store/64pnfr6h7ba144qnw8sdk05rhiq04qbl-cmark-0.31.2
  /nix/store/rw88v83wi5pn04s517s3m583jwwn9rai-coinmp-1.8.4
  /nix/store/ia1qfyqc8m6dyyh7g4k5yiahpc830c5s-colorchoice-1.0.4
  /nix/store/kyffcqnqxa0b07kap2j7bg61ybmc0cdb-combine-4.6.7
  /nix/store/by8kb1sx8f1qm0zppk5f8z92pxa2h4yq-comic-mono-font-2020-12-28
  /nix/store/f5nmhbn8y42xz06vfri2v3216x0l3cf3-comic-relief-1.1
  /nix/store/9l0zs56bpw6vqpyk2l6wyzqprfcp78wn-compression-codecs-0.4.36
  /nix/store/fnp6a17789prm4if5n4zl87xka862k96-compression-core-0.4.31
  /nix/store/2adjgb1kksmfjph5v9lr1774zpdlaly9-container-init
  /nix/store/b7p44qhlcqb00jb26ry4bdwl9agr61da-core-foundation-0.10.1
  /nix/store/shvrvj3ddfxqybc7qc3f59kahmwc8hdx-core-foundation-0.9.4
  /nix/store/n2mmval723pk12rdfgcd0p9zrkwwp3mv-core-foundation-sys-0.8.7
  /nix/store/1akcb3a4crccimwb23cjvbri785plsw1-coreutils-9.11
  /nix/store/3qgy8q2j64v2m9jy3a5jmssacbblhd4r-coreutils-9.11
  /nix/store/c03462if6limcsc230aywlv2qcxnw13c-coreutils-full-9.11
  /nix/store/f59g01z9knrhjzz3wna0wxb2mcan24yq-coreutils-full-9.11-info
  /nix/store/4bhfkh07c5p6hyn31kq3ppy71bgxjgqn-cpio-2.15
  /nix/store/laa2rxlj6rpd5nkhlpijp96pkcj192pa-cracklib-2.10.3
  /nix/store/m91iws2xw6gzjfwpr032820xs7gbkn9k-cracklib-2.10.3
  /nix/store/6knrbdfc3cnqcn855vyz4slwvia42x8s-crate-clap_lex-0.7.7.tar.gz
  /nix/store/5bn0f4v79j04931gghfjw42pmyiijnq2-crate-countme-3.0.1.tar.gz
  /nix/store/csz1djss1ijsd103dsmnyxxcxbkcali5-crate-hashbrown-0.9.1.tar.gz
  /nix/store/5l6l9qaid92gmz2s4xgrj5j19hpzp2pp-crate-oneshot-0.1.13.tar.gz
  /nix/store/vznnksyw3qw0jaf997vmdvk6z9da4609-crate-owo-colors-3.5.0.tar.gz
  /nix/store/jiqqjhqmak9kxsrn5y8ax26krw4wvi4y-crate-pretty_env_logger-0.5.0.tar.gz
  /nix/store/1gih5y1hh5mb9ajrfa38yzqgspsp4yx8-crate-reqwest-0.13.2.tar.gz
  /nix/store/jfh9wb439v1n0nrsrz5szb3nqvjsw3cn-crate-rnix-0.11.0.tar.gz
  /nix/store/x0yz6mrzyvqpc71yl4gl79yfg0fikahs-crate-security-framework-3.5.1.tar.gz
  /nix/store/71nj7g5gb0zh4b2nh4chjdph8vbvyv1c-crate-smol_str-0.1.24.tar.gz
  /nix/store/3zgsrnhlj23f5rvql69l86d0q6yqkq3c-crate-supports-color-2.1.0.tar.gz
  /nix/store/q6xrwzvirf89q3jz308nvafy3j768hdq-crate-tempfile-3.24.0.tar.gz
  /nix/store/j5vc2ha2shimmrj0qcg6s7b4fxx9ncnj-crate-text-size-1.1.1.tar.gz
  /nix/store/cgcza8hhi1vsr4nbrw277y26bsd0hgx6-crate-toml-0.9.11+spec-1.1.0.tar.gz
  /nix/store/js9b7rrj7rjx8fcq72sl17kj38h020gc-crate-toml_parser-1.0.6+spec-1.1.0.tar.gz
  /nix/store/vszqpdlhb9a5rzf8kxw6wf2wl867kz0z-crate-users-0.11.0.tar.gz
  /nix/store/p1d317399rah8b5xgkl0ixi9i1l01jkf-crate-webpki-root-certs-1.0.6.tar.gz
  /nix/store/d8062y0g2fj54gyzmrqc43zzl6rdnllq-crc32fast-1.5.0
  /nix/store/s495mq82knr9cc18wfh73vfr3my12ncn-crossbeam-channel-0.4.4
  /nix/store/95yza39f64ryy5frpqds52s5b0hc6iw6-crossbeam-channel-0.5.15
  /nix/store/qnjzl0gjs4wgl1fl8gqp3xwvjg3csag3-crossbeam-deque-0.8.6
  /nix/store/mw2fsrwx4v1m8hi1mf0fa9xlq3jq645f-crossbeam-epoch-0.9.18
  /nix/store/h6bvkqvsv7iirv0bhm8xh6cknc4w6dar-crossbeam-utils-0.7.2
  /nix/store/dq5m898j2sfkaw37nvlalxx305xqaz38-crossbeam-utils-0.8.21
  /nix/store/mdxnz7wk22ky8mj7504z26qk9pcvn8ff-crunchy-0.2.4
  /nix/store/1bl7cmm5p26pyr7r0h6zqigf3qyz4764-cryptsetup-2.8.7
  /nix/store/zxbpvhc7s8sw2xrcl5qqh8y0ibmj3667-cryptsetup-2.8.7
  /nix/store/h80dzawbb1dxya3vapqc1cwlg44jvlq1-cryptsetup-2.8.7-bin
  /nix/store/f4zwb5czn0h4xldqxv40wb8yli1n39pf-cryptsetup-2.8.7-man
  /nix/store/kfpn4jvkizwid30ni8lv1c5g00ganwry-csv-1.4.0
  /nix/store/8cz786qgkclc69bcpxhbmrbysdqjm0hi-csv-core-0.1.13
  /nix/store/ns769gwc5z8a1vlkiyz3s1c77g97yksc-cups-2.4.19
  /nix/store/fsfrc92iamihmgj1ar6zxd2inynp2l66-cups-2.4.19-dev
  /nix/store/vjaz8yglcqmbihslm7qj5gkrdz7cd3hi-cups-2.4.19-lib
  /nix/store/2wvg1npjz93sqr9lx2602bpvn9mqr7vr-cups-2.4.19-man
  /nix/store/y1hgycv6z5nda6h6lw3rhky46qpiwyrh-cups-browsed-2.1.1
  /nix/store/sspahfniywkrsp4iixafklhsvr3gwlxv-cups-filters-2.0.1
  /nix/store/5sfz91hngs7pjd90y2l8vnnhkzqn649h-cups-pk-helper-0.2.6
  /nix/store/0hfxjdadih2z9sd114mcvsnvs0kq4sa7-curl-8.21.0
  /nix/store/14sifyrqz2gnhv17pzjr9mjf9ipfi1wk-curl-8.21.0
  /nix/store/6n4pfiiiq28d4kv92h356b7lig5pp929-curl-8.21.0
  /nix/store/79q8jwvn8agi5vd2gjnv4km9m5mww1v9-curl-8.21.0
  /nix/store/l83kaazbdyrhlbsnpq1fkgh4z5r4jv3w-curl-8.21.0
  /nix/store/x4xicianwlchh2cadblv4pfz8syvl97b-curl-8.21.0
  /nix/store/969dkwnqy7cr2nyw1mzvbf890q68qjv6-curl-8.21.0-bin
  /nix/store/kj2g7wj7n7nyd6y6ralsrhwqni2r87w1-curl-8.21.0-bin
  /nix/store/n7rjvpbikqpg1ibj7qhvxw87f73r11j6-curl-8.21.0-bin
  /nix/store/nz8xz8ax99skck3bpvaqv4807d6s257h-curl-8.21.0-dev
  /nix/store/pnmnw633qab0glfm2nzks09fxl4dy2pn-curl-8.21.0-dev
  /nix/store/fpdj9gdzan78gzdjh42if6iifycdrz1p-curl-8.21.0-man
  /nix/store/hnddvhacaxmc5iw2qdl6alvvj1vi4ix9-curl-8.21.0-man
  /nix/store/w3dlylcx0xazp41dml02z4gfqlzp6zmi-curl-8.21.0-man
  /nix/store/3w6dyfaxs2ilxp08ymsw74191lfqfh2i-curl-impersonate-2.1.1
  /nix/store/6gaq90c4hbz63yjb82ay2zb48xhmkmid-cuts.tar.gz
  /nix/store/9rq51m19b4dniqafi80jvy0vj62wxija-cxx-rust-cssparser-1.0.0
  /nix/store/scjpx9gmjl0pzkgivgs7p3hdg5b9yw67-cyrus-sasl-2.1.28
  /nix/store/jw10w3frczd6a0i5amk4axdyrr858jvy-daemon.json
  /nix/store/x8jb567dcim8a6ddc07aaplia823cbgz-darling-0.23.0
  /nix/store/hpdqkb9kr16r173898j4834kvbih1y6r-darling_core-0.23.0
  /nix/store/lghirq823yz8cvxfvj6vx3q3cwpyih1h-darling_macro-0.23.0
  /nix/store/4rwh3g5vsgavgrd6p9658ylfzq3hqfab-dash-0.5.13.5
  /nix/store/r0ifrkvyqfq1rmngq1c546w4pz94rnkx-dav1d-1.5.3
  /nix/store/wry9fp6v17rykg7dyhafxw4a057938jp-dav1d-1.5.3
  /nix/store/0kk44nljnfawbp70f3yjz9pb6n5zvz60-db-4.8.30
  /nix/store/vkzbcqvnxj1inwrjymp3gd0bn61kb0wl-db-4.8.30
  /nix/store/nsz0fdxbfn2c3g4bkirc36wplq0ghrbn-db-5.3.28
  /nix/store/2swbxihjql78pnn5kfmhjq5dvp9m744b-dbus-1.16.2
  /nix/store/s30pndvs4kh1dk7jxxj4ljn27spyr8fv-dbus-1.16.2-dev
  /nix/store/99ljqzwdp8sjsvh2fma8xnp0nkmr7g62-dbus-1.16.2-doc
  /nix/store/mwxpnk8p8qmhwd2davz4h79y9l4gszi0-dbus-1.16.2-lib
  /nix/store/yn8y98bfwgr9jxcrl1x32h04mshpn9wc-dbus-1.16.2-lib
  /nix/store/xcvinycr8rjw6gla6wrskhj6f2dgyhz9-dbus-1.16.2-man
  /nix/store/jn6ykk9k52jxmjrg95vwaq7w5czi4bpg-dbus-broker-37
  /nix/store/50s2fq46als53w8j3644di0ww1559zs1-dbus-glib-0.114
  /nix/store/51646qsjdadnanppb4wdslm5g74dxpha-dbus-glib-0.114-dev
  /nix/store/vvp0i1h7pwrwm1im3pnmdpbziwng677i-dconf-0.49.0
  /nix/store/5j742jzcd15932qf7a42lp2d5bhl08zr-dconf-0.49.0-lib
  /nix/store/d1paxi4liflbk1k3wxk3671if6sdjcv2-dconf-0.49.0-lib
  /nix/store/j9z98x1afhmw9z7cqibc99bbvf18pqma-ddcutil-2.2.7
  /nix/store/9dq0cs57rhlmh85l0dmxw49cr939sa34-dee-1.2.7-unstable-2017-06-16
  /nix/store/0lhf2h2fnjqvpzmk92s5axr2ybvs981s-dejavu-fonts-2.37
  /nix/store/jx2p7qc10ld3b6xy595y889l4w9mlji6-dejavu-fonts-minimal-2.37
  /nix/store/zqhby0xidpi0xsafsbl4l7dc72imqqq6-dejavu-fonts-minimal-2.37
  /nix/store/md2jf8cc3raxvb1a1hifqsqvm0b1m6im-deno-2.9.4
  /nix/store/lzdw78m99zyiq8fa4zr9p95p31fxiw5q-deranged-0.5.5
  /nix/store/s1pzrk0qazkwys2a8r93jcyn36mimj7a-desktop-file-utils-0.28
  /nix/store/8axbqnlpykgcwsjgan4jqajfxj8jvb50-dev86-1.0.1-unstable-2026-05-15
  /nix/store/2kn8sdcgh0y98b7gbzgslxk8ni746hfm-dhcpcd-10.3.2
  /nix/store/3n9nxibf1ny4iavn1k7s04ybprvlnp69-dhcpcd-10.3.2
  /nix/store/8xm6r77f43vydhmnkwx2708wsrqll4gr-die-hook
  /nix/store/yic653pwfdn9a1sadxq51x8zad8ky2as-die-hook
  /nix/store/36g762m589df53k7xdndc2mijv1gh6s3-diffutils-3.12
  /nix/store/jwh5352fka574ivz0gcbh23fja8abcss-diffutils-3.12
  /nix/store/xw09m9cnc9ayb2j53y2rj8jhm1h7kkxa-diffutils-3.12
  /nix/store/i5707n1syb1xcrxxyzljc44w59fkw72d-diffutils-3.12-info
  /nix/store/qjykx14jbm8300y4fczmpp5j143gq08v-direnv-2.37.1
  /nix/store/gfswscw2l4224rarxi7lf1hrpq6rk1zs-discount-3.0.1.3
  /nix/store/2gaz9jwfi8rj8axmnrzyl6y0irrgy5zs-discover-6.7.4
  /nix/store/1r5m947mkvdmbrfgdqph57pd7bsh5kfj-displaydoc-0.2.5
  /nix/store/hvvy4c743zby7cndjcjc86lljpjfnkkk-distrobox-1.8.2.5
  /nix/store/kldmms2m8ld1wb3sv7qjh7vwsrad4vgw-djvulibre-3.5.30
  /nix/store/q776px8hk5mvy5rb6n98y7hq1p7ps6xj-djvulibre-3.5.30-lib
  /nix/store/vgp56311i9808r7iiy5jybx3mxq23pm3-dmidecode-3.7
  /nix/store/26m93d2bs16y6s3aby48w3iyi4wrs9gw-dns-root-data-2025-04-14
  /nix/store/gd7vch8127jvgvxgaks341jlla7xy5c2-dns-root-data-2025-04-14
  /nix/store/cgwmd5bjypw2m8acaq51a77683069b0f-dnsmasq-2.93
  /nix/store/nnqmbmijarjnbfk7w3vahz403xcrrf22-dnsmasq-2.93
  /nix/store/8r4w4jknlanffmyy0cyfx8pp6vc23sqh-docbook-xml-4.3
  /nix/store/f5xdvrbqsk8k4mrm6003w22h4f1fxkhr-docbook-xml-4.4
  /nix/store/dly3ibbv3l5400f5x5wf7kmkrxkn1m2q-docbook-xml-4.5
  /nix/store/7hmixws7547y8682vh6w97q0d922hh29-docbook-xsl-nons-1.79.2
  /nix/store/98a7wxbxfbym9gmd3nk3zc4jwz44pc61-docbook-xsl-nons-1.79.2
  /nix/store/618y5llbjab5ygicq03s9asjb3xkyqp8-docbook-xsl-ns-1.79.2
  /nix/store/96if2dvb42y5wpvcklygid7crayfvm1m-docker-29.7.2
  /nix/store/kdfdkmaadd2abkpps1b6g72fcihhl1zd-docker-buildx-0.35.0
  /nix/store/7y5p62mchnv28mxsfshc84viid2p2y0j-docker-compose-5.4.0
  /nix/store/ahk60fgl7rby7828x9ww7ly7gmspj39a-docker-containerd-29.7.2
  /nix/store/37kksqwjwbgkd6y0cda0vzpnwxqjcjmr-docker-runc-29.7.2
  /nix/store/783p9qxyq7cqnsxz1s5lg741ld7615d1-docker-tini-29.7.2
  /nix/store/h13z3ivp39z3zcybr7rlvl1l0d0xv5jz-dolphin-26.08.0
  /nix/store/z3asz7pflml63jild079dbv2kb66y2pn-dolphin-plugins-26.08.0
  /nix/store/ifnpj2j6pffqjrh9d6s7fn96add9cp29-dosfstools-4.2
  /nix/store/kmazzf6052fvha4rj38ga2b7cy5785gb-dosfstools-4.2-doc
  /nix/store/12kihknjbzpmwd2d40yl88azsvlirb51-dosfstools-4.2-man
  /nix/store/3g0idann1sx0lj5in2cgvzghiqwdsl3g-dotconf-1.4.1
  /nix/store/qfndbn58ffkpc6v1b01i1sndznjjn4yd-double-conversion-3.4.0
  /nix/store/kcscaj6b3z87c3hmx53mlcy961chjbkk-double-conversion-3.4.0-dev
  /nix/store/ghy6qxqih7bmdrjfbac45v7sisn96wzh-drkonqi-6.7.4
  /nix/store/583i4wwqxyly1813af11jyrxk9gcy1bn-duktape-2.7.0
  /nix/store/liwprwgb9larhgyj81lwmwh495zb125y-duktape-2.7.0
  /nix/store/vhjac6ryk7g1m6vddwl253nzh27fhk3q-dunce-1.0.5
  /nix/store/9qs824bb0n5mlk6kxd3cmbpzdjrniym2-e2fsprogs-1.47.4
  /nix/store/wjvj88kk8gv0742k1lwazpxr7lnzgi1a-e2fsprogs-1.47.4-bin
  /nix/store/0h21lj102x333qdd0vzfpcghq2dw4i0j-e2fsprogs-1.47.4-info
  /nix/store/qwzmfr59ndkkd21i5qhhyk69why4img9-e2fsprogs-1.47.4-man
  /nix/store/va1dwgk89m27ll0f9l9ckbjdf3z9plb8-ebook-tools-0.2.2
  /nix/store/52jf1mwz8si4za1dv3cv6hijsh8y035j-ed-1.22.5
  /nix/store/gwjlbxaq3ir1j14903v0hlv661mf1jzg-ed-1.22.5
  /nix/store/33ryss003yp7v79djyzvw9l9bx8q1lz4-editline-1.17.1-unstable-2025-05-24
  /nix/store/rz1g7ja1gib2fjq67i4c9hq1kwdfibba-editorconfig-core-c-0.12.11
  /nix/store/ss7vg1q8l3cr3ng5d3ak45idn30mqmvr-efibootmgr-18
  /nix/store/prn6yv2zdd1v1pgwzlly84j09ris10ws-efivar-39
  /nix/store/vx96v3s9wjkzxwjaka1b73ay6ygybpnx-egl-gbm-1.1.3
  /nix/store/6slvk1x4gashcfg4bgvcc7ywbwzf1isy-egl-wayland-1.1.21
  /nix/store/q9bsac1xi1q9fhqkg1pdlk80637v9fkw-egl-wayland-1.1.21-dev
  /nix/store/9z2y4k48f29qxrs61hnqbn179vrxxx86-egl-wayland2-1.0.1
  /nix/store/n7a38c1bv8r3f00ykbchj14vcsg0jc4f-egl-x11-1.0.5
  /nix/store/jaw4nr6lwfpv40140zk7prh9q8jap2gz-eglexternalplatform-1.2.1
  /nix/store/zfjk880wq0wvhsbmk0z0p606qf7wmwc1-eigen-5.0.1
  /nix/store/7gg2ikgih0pybh2h9wvzxvciv0mm72ah-either-1.15.0
  /nix/store/vq8ywa0vx3yf4qf877mv8ibxpxm6528j-electron-43.4.1
  /nix/store/qs60278m31is750ksjdy1n7s1ypscrsv-electron-unwrapped-43.4.1
  /nix/store/3cfcygkbamw4b9snazj1xl4x5snhf62c-elfutils-0.195
  /nix/store/qb48x5r0c913l2la5czl9j4nki2n9js8-elfutils-0.195
  /nix/store/049xfk945vn33hbfs098am7n7rgnr8ys-elfutils-0.195-bin
  /nix/store/lfhd1fbhj4m6f75y6adn86di8xwgn1ni-elisa-26.08.0
  /nix/store/9h9c115wzx6z9k2sd8zb88jzr5450aj4-ell-0.83
  /nix/store/vsghi3h39r28z2f2s4cz87f3il6lrdi3-ell-0.83
  /nix/store/913bq8nssidn37ck9130qpwc04f1pdxj-embree-4.4.1
  /nix/store/six1l5qjghxdznn5i2bn7a1i0d2vvfmz-empty-inhibitors
  /nix/store/c2fpyl6m45ykrsyjbrhil6n53lpv10gl-enchant-2.6.9
  /nix/store/k3mhb71cav3z6sqpl6rcd7zwrc6w389a-encoding_rs-0.8.35
  /nix/store/ca98wjqqvjvp5wk9x214dy017fk08ihp-enet-1.3.18
  /nix/store/78qrsq2x1nrc9yklp1bkqi3x3xkm0as7-engrampa-1.28.5
  /nix/store/rcwzkwb4hd0mirqg3vjp6w4ph604jlhv-env_logger-0.10.2
  /nix/store/dxy576m8y9jzdkjaz4ks9ks3wznz2m14-equivalent-1.0.2
  /nix/store/sv20m17z3pqjgdm4czb1i7a7gcaxiwvk-errno-0.3.14
  /nix/store/xkwmnf8hva8fhf0qqwfaiabzl3dmrfnm-espeak-ng-1.52.0.1-unstable-2025-09-09
  /nix/store/d8dzlcfskzpk8wxlypj8h1lj8mwisxdd-ethtool-7.1
  /nix/store/xfwnqdqj7s6zlg9mid53rrqx5hwick5q-ethtool-7.1
  /nix/store/klgzf4v1fg96zkf95i6l14r0im1ycrdz-evolution-data-server-3.60.2
  /nix/store/ra5hfij2c7gilwk9kvm777gl17rmxcgv-exempi-2.6.6
  /nix/store/863pcxhb3jxycvgp3c9gny14hv0kbbq2-exfat-1.4.0
  /nix/store/0wx016cjqv427j919yvg2d8hyf6r4hwm-exiv2-0.28.8
  /nix/store/fqbd058kdb05wgyh5hihvwpxn5giys8q-exiv2-0.28.8-dev
  /nix/store/14jrfblr5402fibxr6xipl4m79rjhhy4-exiv2-0.28.8-lib
  /nix/store/b1yfmdmxq6lza60mg44vvgpxxfm2yd5j-exo-4.20.0
  /nix/store/4r5gpq1kzi7smvrw8rxd6g3i1f0vialy-expand-response-params
  /nix/store/f618jfkkvw9hmjjck8yfvgkwmdxbxz2k-expand-response-params
  /nix/store/nbfwdpig13nr39k9a7bx0ayrfgzzm2ff-expand-response-params
  /nix/store/qr1vy6jpp19gzak69851yrpcchnp94i8-expand-response-params
  /nix/store/0rgbpqsbfsbr582wgblbyn8qhvdflk9y-expat-2.8.3
  /nix/store/2gkqj0v0msfcagwf5ix199rf1lnwf2a1-expat-2.8.3
  /nix/store/iss09vixlpbq7jwf2y5wkmxvcfydgm3v-expat-2.8.3-dev
  /nix/store/6mb85smxifrylkl6di3b6z1i591p0lxi-extra-cmake-modules-6.29.0
  /nix/store/qhi7wvkfj6k2p38ds1ahc2bldypj5fr0-f2fs-tools-1.16.0
  /nix/store/58i87j87kcyqawsrwajkxzsq31nqy0s9-f2fs-tools-1.16.0-lib
  /nix/store/5zirwwxdcbk6qbhygsxa7yaicwv9qgfq-faad2-2.11.2
  /nix/store/3qj454bpzfqpaxdpdhi455xj5qii54kb-fakeroot-1.38.1
  /nix/store/vd2v862h8n1bm108zw6bm8mmm7q8smi6-fallible-iterator-0.3.0
  /nix/store/y74dm2k9w1rrh8jnplvbl38rgmnpk8ws-fallible-streaming-iterator-0.1.9
  /nix/store/9d77k8vcwfmsjdhzajym71m31hlpkz2d-fastdivide-0.4.2
  /nix/store/p37887aykxw4ywgxpiszszdkjdp3hqq7-fastrand-2.3.0
  /nix/store/d63kyjdbkcksh7lbhi207his13v67wcy-fdk-aac-2.0.3
  /nix/store/ipaf63kyk755pzl5lql1fj2hn63dlrm5-fdk-aac-2.0.3
  /nix/store/lxzjb930jli7pg54kal1k46000nkq5kc-fdupes-2.4.0
  /nix/store/arpmkr55g39sxk2wn93vlp2k279kvymz-ffado-2.4.9
  /nix/store/h9z6a2aqk2cf3lhg88qnqhnx6dnqrb8y-ffado-2.4.9
  /nix/store/bky3bk5kq93dcdsx2mxlh6l4k8pnm78p-ffmpeg-6.0-data
  /nix/store/7n7baxs3mp2731z0hbkl3ik7l5w9n1n7-ffmpeg-6.0-lib
  /nix/store/dhbkzxcp7ar2nv2xmspdkf5k8gy9qbha-ffmpeg-7.1.5-data
  /nix/store/w4x3hv93k44v5jpb1z3lw0d1qdv6a3vd-ffmpeg-7.1.5-lib
  /nix/store/mwg91nlnbxib44dpb9g0d6c5yshz98kw-ffmpeg-8.1.2-data
  /nix/store/2ncw0fv4ly86igbxvdhj7q9ihrcczncf-ffmpeg-8.1.2-lib
  /nix/store/da5vcmxzp2g5hns8nnb5920fkpn34j1j-ffmpeg-9.0.1-data
  /nix/store/vw6jkg2ilvhhdab70a6hg0pmjw91sf8a-ffmpeg-9.0.1-lib
  /nix/store/9lg10slpk7zppcrqmjz814i5gzyblp2y-ffmpeg-headless-8.1.2-data
  /nix/store/wsx1drb9a2cx2slm9m66nag9v5scmibh-ffmpeg-headless-8.1.2-lib
  /nix/store/sgr8i7gg4b6sx1fvg944zw9c54pwnpxm-ffmpeg-headless-9.0.1-bin
  /nix/store/qkifsw1rh2wyakcx2jjxib1fiydb7h54-ffmpeg-headless-9.0.1-data
  /nix/store/wrarv3nl9xy9hd23q5zyxypx9nrhp3cp-ffmpeg-headless-9.0.1-data
  /nix/store/06m470d0fvnn5ivzwbgmi5rvss3fza40-ffmpeg-headless-9.0.1-lib
  /nix/store/gpckdx5xylh7jp7qv7kagrvi434mhll5-ffmpeg-headless-9.0.1-lib
  /nix/store/lgmpccx3j96alvii1gjqy0rmz134f5q3-ffmpegthumbs-26.08.0
  /nix/store/r2pk95h979dd2gw3csdkil9l8i0pkh4z-fftw-double-3.3.11
  /nix/store/x1p1jkvyp2mynysxr9b9gp9j15073xkg-fftw-double-3.3.11
  /nix/store/0afb6nd9r79k3dvmwb41lahcz6h2dn18-fftw-double-3.3.11-dev
  /nix/store/p38wal7kwil7apa3ng3gz0bqq87bc9p9-fftw-single-3.3.11
  /nix/store/pwlsnmpq707vb333lg0si8nd6pi6lam9-fftw-single-3.3.11
  /nix/store/vyzq5zmx0j7fdy3ylrg265ih9wmk3z0l-fhs-rootfs-bulder
  /nix/store/8rkr7ay1k9rr3zq06k72j2yfpkdls9bz-fhsenv-ensure-gsettings-schemas-directory
  /nix/store/fdkn5gf8aqczw20aq3gskda1vkvi8ca5-file-5.48
  /nix/store/n7qn73s2kmpgbpq3xwzkibrgfbs2nbfx-file-5.48
  /nix/store/xcab8m6wdrd30l10bw3hkz32yiibynzv-file-5.48
  /nix/store/ykrpgmrrdm7w22dykziy6l61ic6i1d3w-file-5.48
  /nix/store/v2z7kwphiqxdx91rhzbrxizz1gn3758a-file-5.48-dev
  /nix/store/zj4afabr5c57b7l71212zw4pc9jmf21x-file-5.48-man
  /nix/store/jhbgyj08l70yfnkjd2jl3q83p15fp0hx-find-msvc-tools-0.1.9
  /nix/store/dsipksxy4rsfl4pfvpdsa6fnkjfz3c31-find-xml-catalogs-hook
  /nix/store/mch471fpf32dfxqy5vhadkgafz5np0nb-find-xml-catalogs-hook
  /nix/store/i4kjidyvl8ciwbcwm75g75sriq3knav0-findutils-4.11.0
  /nix/store/qqzy9k6dsp6782khgmiifzizbl99c8f6-findutils-4.11.0
  /nix/store/rzwnfl2c98krzgszrbclnn4m3mx8l622-findutils-4.11.0-info
  /nix/store/q6x25916lxri2ff9gf12lxw51nnbi774-fira-mono-3.2
  /nix/store/ki7ccpvrjbfv6dvm0sbsvq7w0hx4f0g1-fira-sans-4.301
  /nix/store/1rl205qlarhqd89mgmsc8yrnlk12vkwl-fix-reproducible-build-issue.patch
  /nix/store/3skjalnhbn08qsn1q3srpm40xmc1lv5f-flac-1.5.0
  /nix/store/8mg2kw000kc0v6i4graafjbwymb96qnz-flac-1.5.0
  /nix/store/l6ww8kbj9g5nflwp1m04l7in832z9zsw-flac-1.5.0-bin
  /nix/store/wbkgf5irdw4lpysc0frrdhyfv435i990-flac-1.5.0-man
  /nix/store/0klc0xwi28qgfqhzj2xmxdrq256zyfms-flatpak-1.18.1
  /nix/store/zric6syjfnir8mfrd4a5cql3f3a7pf7l-flatpak-1.18.1-doc
  /nix/store/kl5wd86sycf2v0j7pxaxkv0zyxg0n01w-flatpak-1.18.1-man
  /nix/store/6ln2kgi32ygwnya7nyrl12yml2s7blsm-flatpak-kcm-6.7.4
  /nix/store/ax4vx5qr1d25rq3pcfzsnb5gg9mf695w-flex-2.6.4
  /nix/store/97sci7r0pjynbqa3nyk736mra0qiv7n1-flite-2.2-lib
  /nix/store/6h6x3ylsdnclq057jn5cm7xan46wiknx-fluidsynth-2.5.6
  /nix/store/56bs0vp4bncyxha9h3pnsz07mm6chmmy-fmt-12.2.0
  /nix/store/phhzrcsfx116pgwxziznd1z3hfir1jjh-fnv-1.0.7
  /nix/store/kd5k2rnhzfgyyvs6isip3y90j0wwd91l-foldhash-0.1.5
  /nix/store/2rdclp88s4kd9nyg24lmk0z3p8vmvlvj-foldhash-0.2.0
  /nix/store/1zv5vl4v0d0l0k443s05dh7jlmkr4csn-font-adobe-100dpi-1.0.4
  /nix/store/sg99ka11v48v8n3746kp18vy5c0k0rxl-font-adobe-75dpi-1.0.4
  /nix/store/j7580cg8nvc2c13g89qdlxzfh4cch9k4-font-alias-1.0.6
  /nix/store/sbkn034wwahqzvvgbaskcdalsl7m4dl6-font-cursor-misc-1.0.4
  /nix/store/3z6bs83vx71005h5jqg99qfb75g4s2sc-font-misc-misc-1.1.3
  /nix/store/z1r6nf1pv4lgzdhy0m4wvzc8g0pbrj27-font-util-1.4.2
  /nix/store/lpzs15bch379l444pnpc5kqpqgmnjdhm-fontconfig-2.18.2
  /nix/store/qdbcjg7j3rxr1bvh1qhldk5aqjz7vlx6-fontconfig-2.18.2
  /nix/store/122fcxcqy3ay3jkm3fa2bav0vb8mgdjy-fontconfig-2.18.2-bin
  /nix/store/vwlb36mv7jbar7y76l7kilvln04xqf6n-fontconfig-2.18.2-dev
  /nix/store/60xa240i6nip8xfx31jz1f80nvraf283-fontconfig-2.18.2-lib
  /nix/store/iv0yvsywa1v35xzdkqz9wdzhg7vshpdd-fontconfig-2.18.2-lib
  /nix/store/6hzmp2yj7n3ni0yrw96rwjsbk1xxs6h0-form_urlencoded-1.2.2
  /nix/store/9s67j8nx9gycffj9hcqyd2zcyqgd9n29-fortify-headers-3.0.1
  /nix/store/qvdwkwdqsk3rnmdwniwdjhx7n74829dz-frameworkintegration-5.116.0
  /nix/store/p7pf13p2map7whxps6rad3pdwci8ly74-frameworkintegration-5.116.0-bin
  /nix/store/lbl15j8133m4cx6ciya48lvfd7kjd5xf-frameworkintegration-6.29.0
  /nix/store/m1krv2mvh97plh2xz94g2qrm3xc2hgzl-freefont-ttf-20120503
  /nix/store/fw3jacfmw99cjqk3bnl8lx7azfj09dys-freeglut-3.8.0
  /nix/store/w3n092v100p32g3z0jkrykq4z1ykh272-freeglut-mupdf-3.0.0-rd5e2256d571b3ef66fb60716c99e35e9d3e570a2
  /nix/store/1qywrpwkli70kbybd82zqssxl9ypbcw3-freepats-20060219
  /nix/store/xcvx0q47wkizix03kp422p9z0yldk32s-freerdp-3.30.0
  /nix/store/247p0y40yjx2wpma35ggb2f3x3ry8iba-freetype-2.14.3
  /nix/store/dczkv6755chri9gsvacxvqpz9nn2dwld-freetype-2.14.3
  /nix/store/z203ci88037mkq16c1kn8gy518m3ab1y-freetype-2.14.3-dev
  /nix/store/hdqh72rw090sdky78zswglgri3205bf0-frei0r-plugins-3.2.3
  /nix/store/8r8vh2k3wddw8bs147xmxbzjs9v67vr8-fribidi-1.0.16
  /nix/store/fnwi54n3m48apqgfl6dskyc5zd2bxjp8-fribidi-1.0.16
  /nix/store/lc6lyn1cgr8a2n78hmrqy4c4dz3f95rd-fribidi-1.0.16-dev
  /nix/store/k802m2wxm8pkv67xhpaf4w7mks8fbwpi-fs_extra-1.3.0
  /nix/store/1fayzxymjrr5bm989ri79vycj8qdfzfq-fstrm-0.6.1
  /nix/store/zj6rq7cawsvd5i96csvardlp39740alk-fuse-2.9.9-bin
  /nix/store/ycz4pqriv0hfrw8j52fgc7cjd46cb5m7-fuse-2.9.9-man
  /nix/store/0lyhggaxmmfdmgrzk60375ahy4fiwznn-fuse-3.18.2
  /nix/store/f3j3ci5ar6abz7csi25yg7v9ksywcd82-fuse-3.18.2-bin
  /nix/store/w80bfv257h69s1qbandvj42zfcqmgi33-fuse-3.18.2-dev
  /nix/store/3v62pd5xhb0v44v0q3amkjsip1s04r07-fuse-3.18.2-man
  /nix/store/0b9rsplla8fak6zyadcn7skmj0yvw3rz-fuse-overlayfs-1.17
  /nix/store/gbcl412578k03liqhzbd2mycam93fvg8-futures-channel-0.3.31
  /nix/store/sz0bid34xc5f9gg4lfxp40yakkk5566v-futures-core-0.3.31
  /nix/store/r498pbadzlhyxv53mlp8hpi2mbsb4lf1-futures-macro-0.3.31
  /nix/store/6n8f1qwxnmfk62658svqh0avwa1jk38y-futures-sink-0.3.31
  /nix/store/zr8gagvhdaqwjirrimjfwljn5x0dajny-futures-task-0.3.31
  /nix/store/7ry5q9c7rrxmm43xblikq4bxvv89086p-futures-util-0.3.31
  /nix/store/zyjsymnng13wb1wzf0r8xb73whwh13g7-fwupd-2.1.6
  /nix/store/nzx4b723ilvy2hacfj1rchxv0fz3636l-fwupd-2.1.6-lib
  /nix/store/czf8qw533aac872zx1y28ib5vka0hqp1-fwupd-2.1.6-man
  /nix/store/14k34na8xx38k4c9rdwp8hxr0zhakvsd-fwupd-efi-1.8
  /nix/store/nzp1czw94af38d0jxhpcxh36fp1f77xi-game-music-emu-0.6.5
  /nix/store/kx98rx94597k728ffd49lhkfmk96cv51-gamemode-1.8.2-lib
  /nix/store/3b3gh3k2rchfb8mpmrkh0wndpi8wll42-gamescope-3.16.25
  /nix/store/bk4a1ij33dx23306aqsml6ih05piiyqh-garcon-4.20.0
  /nix/store/1jvnibqqq7g8bf42jd541nm3mk6z6xgq-gavl-2.0.1
  /nix/store/bpy2ps3f0f3gvgvqjwgqriw1j1n840wd-gawk-5.4.1
  /nix/store/jjgmqah3bmkwhj6adp1zpmmwr49adh0w-gawk-5.4.1
  /nix/store/3i72bvba6v0dawc2ba8djczlg7v01ic2-gawk-5.4.1-info
  /nix/store/db8wpp1wxyfk3kbzqwfj5gzw5j7yfdap-gawk-5.4.1-man
  /nix/store/l8aihdyaxjq57f8ihnk8vrp4f8bhgbl5-gcc-14.4.0
  /nix/store/45qdamf3d261xiy6810dr0llrfl0k150-gcc-14.4.0-lib
  /nix/store/sisak1z6r7jgi56j75nbzdzjhi4x26h4-gcc-14.4.0-libgcc
  /nix/store/15c7jk0xhfcvj2c4hdjwrw0y5sx88493-gcc-15.3.0
  /nix/store/4yxdxw3kppr2pbic95p4mri520rkdag2-gcc-15.3.0
  /nix/store/m7zgywhnjnsdh7k8x95j5c9mvmkm5fvz-gcc-15.3.0
  /nix/store/0vqb1mcas5j8dv6bhbrshinlgsg6bvgi-gcc-15.3.0-lib
  /nix/store/7wq6k0g132ib0hjv2nk6q0sa7q91jmkv-gcc-15.3.0-lib
  /nix/store/ysx0x1i6c2ccz31kv22pq4s7rszyz38h-gcc-15.3.0-lib
  /nix/store/825nqa9aqa3cpg1hv2qpz4b6aqndfh3y-gcc-15.3.0-libgcc
  /nix/store/d83970g2zm3j81k3wmzx2p4d0860m9n3-gcc-15.3.0-libgcc
  /nix/store/wi6kaycsa2479qrxv9xy6yg3q5ggfs6j-gcc-15.3.0-libgcc
  /nix/store/9c6byphrq6n7wgj3r1sf7gn0lx4m3qqn-gcc-15.3.0-man
  /nix/store/xn7qgxs0akpq1fq8xw7vmszry8l3dgmb-gcc-wrapper-14.4.0
  /nix/store/c8jhnv5bak4wkp3v9flc3y865gw1gdwd-gcc-wrapper-15.3.0
  /nix/store/qc27bs3inkdbhb1s8dqs321ydnmk5pf6-gcc-wrapper-15.3.0
  /nix/store/w88q44gqd1qg5wmkk7v0h97rpiqvam0l-gcc-wrapper-15.3.0
  /nix/store/g7xi19mk38cdydj2m6yyl1mcjvym1abb-gcr-3.41.2
  /nix/store/5shv8rxrylqlrf43qgcm7s7cfimnrxa8-gcr-4.4.0.1
  /nix/store/k1y8rk8kn2gwa3f5m6v27q07ph6xwvbm-gd-2.3.3
  /nix/store/4a82incxsfh49dgkpya3rzd6inxjwbgy-gdb-host-cpu-only-17.2
  /nix/store/h869ldcww9ahxskpfqkj1mxn7944q24x-gdbm-1.26-lib
  /nix/store/js998ih76w3n2cqnysa7g27608djj5yn-gdbm-1.26-lib
  /nix/store/9mlc8y3ykj14p4nwadw93g4s8zgw4skn-gdk-pixbuf-2.44.7
  /nix/store/pqqqjfb1pgggrljcl0q9fk3alm2b0kh7-gdk-pixbuf-2.44.7-dev
  /nix/store/mi5pjn9dr68dkgmjarff5aicp6v3idia-gdk-pixbuf-2.44.7-man
  /nix/store/6aj0zzip3cwi7mm4jwh1k15d0ifzah1x-gdk-pixbuf-loaders.cache
  /nix/store/pgwpldghvw1fxsdxjx9fpp60xykfmlnl-gdk-pixbuf-loaders.cache
  /nix/store/frcpbdgxqxsfj8ni1hlyjyc4ximmf9dx-gemfile-and-lockfile
  /nix/store/gkd2m2ddygfcd9gz5fym7dq0q16sqqvd-gen-bin-stubs
  /nix/store/ms2b13kxnl79ymmm0p49a4x6nqsfdmqp-geoclue-2.8.2
  /nix/store/n27dci9a54zmzqws3agifbwlyr2zw9z9-geoclue-2.8.2
  /nix/store/q4fhy0pbj79k6pnv7h15iczbmlv7cj3y-geocode-glib-3.26.4
  /nix/store/30wm6x7klgpd760m9zspiyafv9pb4jz3-getRunpathEntries
  /nix/store/n5pnmzbqyslffwplccsip1h6y27xrvl9-getconf-glibc-2.42-84
  /nix/store/jm29z19hsqh79h7hkwkx1zzjx5zbd0pc-getent-glibc-2.42-84
  /nix/store/imd7qsps2ch3nd8vc384mm5ra79wd7aw-getopt-1.1.6
  /nix/store/vqpdhjjc2h8ihyf5ns6qlf4fxz8qpram-getrandom-0.2.17
  /nix/store/8gsb3h95q1z9w44bkynk779qg40cc2ws-getrandom-0.3.4
  /nix/store/518bcx82g8m9cyji47sprx9ajmadjk8s-gettext-1.0
  /nix/store/mymbrfcbaf7nn9ymli5lw4d58q1c5lna-gexiv2-0.14.6
  /nix/store/scpzgxi5i5wbqmrjca7lklqa9kil0sin-gflags-2.3.0
  /nix/store/8wvps5ja1icnmz5mya1clgl17zv2bisa-gfortran-15.3.0-lib
  /nix/store/x7l7fgd5iln5gi3akikdcl2d4ry5jxcz-gfortran-15.3.0-libgcc
  /nix/store/mzb1rw4v5jv8xbxak1d0m35rpmq2zdvm-ghostscript-with-X-10.07.1
  /nix/store/nivzh2w0493z75qvdf7mann29ix72m68-ghostscript-with-X-10.07.1-fonts
  /nix/store/kqz8zv5m8pa59m09zrb5llfw48x074bs-ghostscript-with-X-10.07.1-man
  /nix/store/gg5b91g46ygd5vhw88413skmcspz21nh-giflib-6.1.3
  /nix/store/l4sj0wr0j6idz2c471466lyy9njd9hbs-giflib-6.1.3
  /nix/store/8yjpgadavqdwphcd2kw4dfvxmgdp5sb3-git-2.55.0
  /nix/store/yvx5ayi3k6gh8xgk9yxc9gpy0jb7f14l-git-2.55.0-doc
  /nix/store/jc5ldhs2id0p6xlmmagjzc5ljdx1m7aa-git-lfs-3.7.1
  /nix/store/cyzaq07hy27i2fqdxh1l8rj97zcqv5jg-git-minimal-2.55.0
  /nix/store/nmwl4gyn6g0dvh0zlc6ii8myx195zxkn-github-desktop-3.6.4
  /nix/store/4gp5zbi860sd36nvqnb1a05gd882w3lq-gjs-1.88.1
  /nix/store/yvk9198mi0sjd2prlidvypdndkp92hvz-glew-1.10.0
  /nix/store/7nb5xxi3rbmczj5wklchi7bzgyd8918j-glew-2.3.1
  /nix/store/963nnxpvzlv4bp16095axirbigrmp71w-glfw-3.4
  /nix/store/jl7xfv2n23n8w6grzp64sr2k39y2xgh1-glfw-minecraft-3.4
  /nix/store/5dykqrnrbf4xkyblmi95y1mqlicnj0rb-glib-2.88.3
  /nix/store/a3hr0l5skscvbkcr7kz3nhi4linz1p71-glib-2.88.3
  /nix/store/qyknva7lkacxsgpdpgcqy5kxshwwlp2x-glib-2.88.3-bin
  /nix/store/nxxysnlnrgvg42h8fz9zlmsdiixmw4zj-glib-2.88.3-dev
  /nix/store/pmvz7l58an40nikssqfr0qf9krvshbvw-glib-networking-2.80.1
  /nix/store/n51dhmdbik1kfrsm62j5knavmigwrl1a-glibc-2.42-84
  /nix/store/vm6fz47y86q6f1mhwsmy8f2cqn2ykqf6-glibc-2.42-84
  /nix/store/axmdd5wlxg1c9dbblvj09pjhkawqxmqx-glibc-2.42-84-bin
  /nix/store/wz9lsl3cybilp8fs2fjgj6s3cbppx9vc-glibc-2.42-84-bin
  /nix/store/8pkcinl929i4krn2apc5pwmgkrb32rqw-glibc-2.42-84-dev
  /nix/store/qwi863qp79xkdm2yw3xzjh73dpg9qh67-glibc-2.42-84-dev
  /nix/store/vyg12a72mg4dhdcdh5lds45cqh3ilkq2-glibc-2.42-84-getent
  /nix/store/gqp1qc4ssl1rn2295hm5m8alfxifj725-glibc-2.42-84-source-unsecvars
  /nix/store/6zxixmszg0vbhpaa8rxwfr05by9axj68-glibc-2.42.tar.xz
  /nix/store/m5nwyps66vgzkqk9vnh7yr9ly7z7hhi3-glibc-iconv-2.42
  /nix/store/f65j04fnffn1wb67s11m8mhghf3xzpc1-glibc-locales-2.42-84
  /nix/store/g87n445bbydcfsshv0qf8720snv40xk4-glibc-multi-2.42-84
  /nix/store/7pd15h6q2vv1a0r9lh2piwz3xs2sx50h-glibc-multi-2.42-84-bin
  /nix/store/j0idm9q52wq9pz2j16yzri4plbmnc3m5-glibc-multi-2.42-84-dev
  /nix/store/l83lqj5lppzi0rnyrlb1ik755v280l7p-glibmm-2.66.8
  /nix/store/vnf7qr0p74gs66qxqzwzagvhm5rac618-glibmm-2.66.8
  /nix/store/ls74g0nvwrgp0b2j128fxc34wza22n15-globset-0.4.18
  /nix/store/z46frpnh6wxrw5vmww0a8qbvvpvf4ldi-glog-0.7.1
  /nix/store/4wj2g1qxrxnfydsjspn20r3wp5prz6w6-glslang-16.4.0
  /nix/store/7qn467l3pyn4dnga85f521r7jy5lcgy4-glslang-16.4.0-bin
  /nix/store/4zysdx22gpsp0xh2nxs5kh7r599iwg06-glslang-16.4.0-dev
  /nix/store/ypvganx6xpk136fhlh7kfa38m44i4bh9-glu-9.0.3
  /nix/store/n2d6ryxidpsxmj0ba7w58abc5ydqrn9r-glu-9.0.3-dev
  /nix/store/7s9x3jz7n2681z2gaqqjr743wvsnwcw6-gmp-6.3.0
  /nix/store/jrzincyqwpwvl7xvbnfjryyczd3b8a78-gmp-6.3.0
  /nix/store/bmyw1idq6xyp1h4ksmb14s4imwnf8vwa-gmp-with-cxx-6.3.0
  /nix/store/jwyskbj2mc7izs67ib2msydsh0vbnwl9-gmp-with-cxx-6.3.0
  /nix/store/r65v68xpmy3srwiqd3w4in32vc4lndzk-gmp-with-cxx-6.3.0
  /nix/store/valkc3xp7zpkkr7c9970v5566liskdd4-gmp-with-cxx-6.3.0
  /nix/store/wjfai7nny77igkc51xj1izpz2gz6j366-gmp-with-cxx-6.3.0-dev
  /nix/store/1qix50hqmbx1rdk0c4ar4qglf673mnmb-gnome-desktop-44.5
  /nix/store/fzlx5v79b04caw21xysr632zjrww0zdv-gnome-keyring-50.0
  /nix/store/czvzxxin2yy8w3f6x0048wslvwgs8q9h-gnome-menus-3.38.1
  /nix/store/dwsry64k340m8rgwqgkg8f7v9zchbh6f-gnome-network-displays-0.99.0
  /nix/store/5yllr3nskr90dfn6bm1as76vqj9rd3nq-gnome-online-accounts-3.58.1
  /nix/store/r4z135zsq82f88fpxi1vf767izqbvldn-gnome-settings-daemon-50.1-gsettings-schemas
  /nix/store/bb9vwippkyflxfsk40yf5g207hak5vrp-gnu-config-2024-01-01
  /nix/store/dxagrpxl8wg2z16al3ls3zaci6dvhnnn-gnu-config-2024-01-01
  /nix/store/yz5vmd4835gljyzk7nrcsc7qahbbdqai-gnu-config-2024-01-01
  /nix/store/yhr4ps9rdmb55pgqaq246vlh7xfac1dx-gnugrep-3.12
  /nix/store/zbghpa00f1mwd505svdp28v0mnkwba39-gnugrep-3.12
  /nix/store/nqc9wqyiwrz2sjh9afjp09sd4lr3x3sx-gnugrep-3.12-info
  /nix/store/d1mzsdg85x89p28248i5gdv0h9h3x2n0-gnum4-1.4.21
  /nix/store/m2ljzvwsjdxjgcwcmyllfm9cqhl8b661-gnum4-1.4.21
  /nix/store/3s6dl2b3xcbf4hpd8119bhgfv95f2m6j-gnumake-4.4.1
  /nix/store/hd36xbvbc0vrn9f9idrfwxznri0ax427-gnumake-4.4.1
  /nix/store/8nxzhybml4ikpb6n9lv305kqzy8pnmsp-gnupg-2.4.9
  /nix/store/nvh2r6adpxhkl37wsxglz4w9cbsz506h-gnupg-2.4.9
  /nix/store/b5c8ki47qh98rn0m107x6zsrzv7rvjk4-gnuplot-6.0.5
  /nix/store/4nylac9gazdpsid79qyk0jpqm312b2jx-gnused-4.10
  /nix/store/gdg29nzpgkbp87syam6yy68n3r95vixm-gnused-4.10
  /nix/store/k49zfw0a5avjd48issr4py7qh0fhsr83-gnused-4.10-info
  /nix/store/6vmkgmh8irxraz3p0df1zq65d9dy1bfn-gnutar-1.35
  /nix/store/c56b702wjn1ic9vh3vlbn3sk4zna3spg-gnutar-1.35
  /nix/store/w2mbg6mcq7k3j088sbwfziy8vsdhyk7v-gnutar-1.35
  /nix/store/v6lwr60f59aqpq4xfzmy488gfyc1sa6c-gnutar-1.35-info
  /nix/store/4kv7c6ki8xh82kaxfnykk96dg11kmqv5-gnutls-3.8.13
  /nix/store/d9l35nclmi0390dxpgivrikv5sf228kx-gnutls-3.8.13
  /nix/store/53ng7y271wbwnlidcd3qs15frfx0kmz9-gobject-introspection-1.86.0
  /nix/store/l6cwws0v0km7gl1whss2rqjyy1qdsgm8-gobject-introspection-1.86.0-dev
  /nix/store/qp1z27dq0rmz67cnsqbrlqbxqjl45w45-gobject-introspection-wrapped-1.86.0
  /nix/store/wfrnz1mcrlg0j03wcr1b0c4sjg5chk1k-gobject-introspection-wrapped-1.86.0-dev
  /nix/store/plvagm1j1w0xgghf6ca4y69q39y5vdg7-godot-4.7.2-stable
  /nix/store/1pg2pnhrc3y8nhjhdipzcm69k0fbs5z2-godot-4.7.2-stable-man
  /nix/store/bj2njx333qym3kc1jj87cbw27bcn4xgk-gpart-0.3
  /nix/store/mxcclzxcrjjsbv406xikiysknhibs4ps-gparted-1.8.1
  /nix/store/ca8m3rhpgmd0q7k47cb9gb3a7622jdpc-gperftools-2.18.1
  /nix/store/s140law6rxbjkyjblkaldi9klslnfvwg-gpgme-2.1.2
  /nix/store/a2br43sf9xq2hajzbajsm5mw3s37b43b-gpgmepp-2.1.0
  /nix/store/0219v5c11z5y1zg79y3azcs0arxvnibq-gpm-unstable-2020-06-17
  /nix/store/pvj4pi4zz25dn4x9rzp2kb5nfqdzanz1-gpsd-3.27.5
  /nix/store/ybvbiyfdphyh06a84p88wyf4dr251c51-grantleetheme-26.08.0
  /nix/store/434vg25pd00w0p35x01p6cpzfndj3ff0-graphene-1.10.8
  /nix/store/llhvp8pppcbxka1kggqrh7652zcx2hh6-graphene-1.10.8
  /nix/store/sc4xfj0kxyjbp98d9amazjhcg5yd1ncc-graphene-1.10.8-dev
  /nix/store/0ja6yxd4c74n1iiff3sxlv3s7fycqsds-graphite2-1.3.15
  /nix/store/r3k50gmygh9r5jbdz2a402aszav2zd7d-graphite2-1.3.15
  /nix/store/lq0l3zkbnb1rhrwbgnr2w0svjr8wyc4r-graphite2-1.3.15-dev
  /nix/store/dl8h6kxkdzhs5j4cgcci4wqp18anxxay-graphviz-15.1.1
  /nix/store/hv6a1zfdbaqmgfmh9m17m97l00mbl43y-groff-1.24.1
  /nix/store/w7z6y1f2gnm6qx8gpkxzvbnxsw3b3svl-gsettings-desktop-schemas-50.1
  /nix/store/99mqr16x2cf8ybj3csvp7682b15k90kj-gsettings-wrapper
  /nix/store/3g57wj9ri3qq5mf9c3r8sfihpz76j5lx-gsl-2.8
  /nix/store/pbcxfmfqwqzyzc1q662c0asvkq2yif52-gsl-2.8-dev
  /nix/store/pdl1gif71z5c6fswbwvvzgvm42czg4if-gsm-1.0.24
  /nix/store/cy1d24sykyj3zckblxz1gi6zlj72nvs0-gssdp-1.6.6
  /nix/store/nm0l9iyjfpwli2is136lx61gl3zc2ddi-gst-libav-1.28.6
  /nix/store/1v51fwhylk8wdws8h82knnyx1iid6k22-gst-plugins-bad-1.28.6
  /nix/store/v5g1g2fqwdczdj6733l0dkxgi931k2in-gst-plugins-bad-1.28.6-dev
  /nix/store/rcl4pxfqf8vb48fa9n1ahd71qzvfmdx9-gst-plugins-base-1.28.6
  /nix/store/zl8xcznkr58pqnk0dh87x9ccsrgryaiy-gst-plugins-base-1.28.6
  /nix/store/k7iy7g05m85r5kls2zmx14927701c9xc-gst-plugins-base-1.28.6-dev
  /nix/store/x0hij0wm2iki09b7vaii4gyljjcbk9w4-gst-plugins-good-1.28.6
  /nix/store/zfm439nbjd0ahnqjawzn4m8k9cflnm0c-gst-plugins-good-1.28.6
  /nix/store/x46l40nl4xxxqyafsx3cqmmi0b1mw1xg-gst-plugins-good-1.28.6-dev
  /nix/store/wsc0hlkvr2sk2wjy6jgv3w6nrqh4i1s2-gst-plugins-ugly-1.28.6
  /nix/store/bzrca06npy6cvga69ar8d5aivgap2x5w-gst-rtsp-server-1.28.6
  /nix/store/flrf7n55sjyn67wz17ql64sg53ra4jj8-gstreamer-1.28.6
  /nix/store/z82gmy1ilmf3w5lccvfmiypny7p76sqm-gstreamer-1.28.6
  /nix/store/mfbj55gq7dzvi4asc33zvg7hgclzqc8n-gstreamer-1.28.6-bin
  /nix/store/nh84wswqil8w8rq4sqwwnjcv61r65i5y-gstreamer-1.28.6-dev
  /nix/store/70rg94b0i3cm1xpy3vamvbwmgzk6pgr6-gtest-1.17.0
  /nix/store/xnnblbr6hhz4r2bsskc1zb0hpm8ybil9-gtest-1.17.0
  /nix/store/3xpivcps020f0jz6i4vp2fcr2f2zd50z-gtest-1.17.0-dev
  /nix/store/fl089m700c7zxqwgly18jyx0fs4lgbbj-gtk+3-3.24.52
  /nix/store/z1pq2ydlcgz8v37m2xdi8ja562b7y7nz-gtk+3-3.24.52-dev
  /nix/store/9cs89cj9dacj398rdnk379rw566g6gnj-gtk-layer-shell-0.10.1
  /nix/store/4j905cjgk8idkzg4szhyryzjx2q1b6br-gtk4-4.22.4
  /nix/store/dczin2m9wvwsfjyfbnksm983ljgmibfk-gtk4-4.22.4-dev
  /nix/store/b7v13c0vjz6awwi8blckz8jr47nackv4-gtkmm-3.24.10
  /nix/store/pbnjx6164k6a9ygxjfh25x2hwp7h2qpj-gtksourceview-5.20.0
  /nix/store/as5banmd9hwb0525hxc273zzhndgd6fi-gts-0.7.6
  /nix/store/8i00f1qfq8n9p7hnxqj3bigjqkmhv5j9-gumbo-0.13.2
  /nix/store/x7j6aiybaxia81p2s3dlq68brnqzs0bi-gupnp-1.6.10
  /nix/store/q3y6zg4mnfwhg35d4fdn2svd97gw22b3-gupnp-igd-1.6.0
  /nix/store/jfzg71balwh09axwmxm5wj2jdqk5gl4v-gusb-0.4.9
  /nix/store/csfz36wbkpin4xksmbgg1mn9bdbmy29n-gvfs-1.60.2
  /nix/store/p73kc38fhp81rk1ii42xjz8z2z16dyg9-gweather-locations-2026.2
  /nix/store/2qahb2gkq7c4jbngy2am7sksqw3kbkgj-gwenview-26.08.0
  /nix/store/jckni9yz466hjdxxv5m7fza668p5hl44-gxml-0.20.4
  /nix/store/k0s6chvkwcczk6wmmf38b0w5rdm32ij9-gyre-fonts-2.501
  /nix/store/059x7bx8a35qc910frn0s1klijz44w7w-gzip-1.14
  /nix/store/sd9qcv5s2gxvd6hpp5hk5cixq2bd4jd1-gzip-1.14
  /nix/store/8p46f1b0fg4iajzgch12ndvkjsm51ria-gzip-1.14-info
  /nix/store/3vvq8ixayj97lnimmwv75167794rnrva-gzip-1.14-man
  /nix/store/kccccvwrqxdv5dmsv96z9sgqq0pava5b-h2-0.4.13
  /nix/store/n7j26wd3g1zr8yq5yvssr4904lbhs2cc-hack-font-3.003
  /nix/store/6fcv87qg6qxxwa7rnfbfh0x6ym5p9wiv-harfbuzz-13.2.1
  /nix/store/bi22q87l27ydj14h633k5frvw3i7p4kp-harfbuzz-13.2.1
  /nix/store/bn8sa8p2ss2y03iwsyy5w6nlzmfd9avg-harfbuzz-13.2.1
  /nix/store/gcvhp35cil7kncli38xlgbk5zy6d7j07-harfbuzz-13.2.1-dev
  /nix/store/156idz22vy8c0vlqqwyss2cpbxs8z5y7-harfbuzz-icu-13.2.1
  /nix/store/fqlm3a8zms13wczqp8xqhfy78lmqb9s9-harfbuzz-icu-13.2.1
  /nix/store/0zxb7wx2bj7dbyfampwgwl0kvcv5sxcw-hashbrown-0.14.5
  /nix/store/g2ibksjimjk0axrq8hjbjfmydvib9kg4-hashbrown-0.15.5
  /nix/store/0k3jqrr8f9n4lyvqrm45gnd435mm9g2c-hashbrown-0.16.1
  /nix/store/z97c70csgzr3fwbfag58r53laik261yk-hdf5-cpp-1.14.6
  /nix/store/k67z9gy0ydpngdn83wf0lhg1rgj35yxy-hdparm-9.65
  /nix/store/c80l8rqq5c3qs7qq43rirqvn6nkdd1pg-hdrhistogram_c-0.11.10
  /nix/store/qwd286i09nc4ffh0257dvqrvckwl59r9-heck-0.5.0
  /nix/store/zfknazrzdd518y53a547r7fxi8jg0iyd-hermit-abi-0.1.19
  /nix/store/dylsm4h36am0ss3ac2yfvanm7h7fh0bx-hermit-abi-0.5.2
  /nix/store/n0ifb30wcynadan11ynybdg67hmvx92d-hfst-ospell-0.5.4
  /nix/store/1azcjkmc5ba1srfp9agqx1k074vxhcxs-hicolor-icon-theme-0.18
  /nix/store/h2bnrh7c2phgx9c8isr4rmp65rv6gr5v-hicolor-icon-theme-0.18-dev
  /nix/store/hsg391vzasimfnlxazhprhwfwj3m5hzk-hidapi-0.15.0
  /nix/store/3d9adp1d030bbmkj6wrbnmx2fx2pw59z-hostname-debian-3.25
  /nix/store/0xysvkfixmi77gyvgh78lccyfv4vs2v9-hostname-debian-3.25-man
  /nix/store/i1v5wha8pczngcj6djf9c84svf6dckhw-hostname-hostname-debian-3.25
  /nix/store/n5ds1zsjkvgzyggn0n81hb764vis5y1f-hspell-1.4
  /nix/store/rdknwpwjrgn9886zcw776scpdlrjlqpc-htmlescape-0.3.1
  /nix/store/9vbrbnpqbwslm4d6zdc4a5vs2hlnh1g5-htop-3.5.3
  /nix/store/li8a6ih6b2l65n8sn19q290rfdvd9y0a-htop-3.5.3-man
  /nix/store/9821by7c52hbms4i92c1vwnrxwl9xmcl-http-1.4.0
  /nix/store/zx078sbrscnb6rrvs70pdn9caqc7j4n0-http-body-1.0.1
  /nix/store/bkhh7w5khwy5zmshmy0nd5k1azan6si1-http-body-util-0.1.3
  /nix/store/9a2bl5xls0p7g4r9h7lnk3vj0kpj1p7b-httparse-1.10.1
  /nix/store/an7lyxm0y0bc4hv7pgpvfzd8nn4c8brl-humantime-2.3.0
  /nix/store/4bs21453c83x65mmfms3vhr8hawqak1m-hunspell-1.7.3
  /nix/store/4j8rlbda1yigy136j3rqdrarphjbwamv-hwdata-0.410
  /nix/store/71437l93dh58b1r4z1kai3337if73i8x-hwdata-0.410
  /nix/store/l61mnd8zb2cg31psb543qwwqnk1hd3vl-hwloc-2.14.0-lib
  /nix/store/whzm8wha0cgzmw9k13l52jnzaz7hmlb2-hyper-1.8.1
  /nix/store/jlj2v6hxay42k8vvc9gsyaan9q2lpdc7-hyper-rustls-0.27.7
  /nix/store/l8g9ab8qdkwh5yn33kjvzkfbxmhjsvcj-hyper-util-0.1.20
  /nix/store/cr64cgda869bylchfqyjifxxbxq8g96f-hyperloglogplus-0.4.1
  /nix/store/05z2p03f0nwd8w8iagnk0bpjz9cd4bd0-hyphen-2.8.9
  /nix/store/nb6fq3nrjmyx9f9syrfnmsyfhx1ks9vg-iana-etc-20251215
  /nix/store/m9gdjl9apbv1wlfw8l5d0718rx2i3fhl-ibus-1.5.34
  /nix/store/g2nkhjlnnp0hn918cqq78x36b2wxcqvj-iceauth-1.0.11
  /nix/store/6dska75pcrncgx7m5y4qxdcsc69zi4kj-icu4c-63.1
  /nix/store/baq3qnma9ppxxc60n9q0c09lx3fxx0d6-icu4c-63.1-dev
  /nix/store/61yyii19011pcmm9c1s9sga83md23k7b-icu4c-77.1
  /nix/store/40f3apihr1ikfk2w8wilkbirfhgxa2h2-icu4c-78.3
  /nix/store/ia8ycxcfs23xblv3s18i4xgqxm5sbkri-icu4c-78.3
  /nix/store/jdsqfc7k0n0rwq4b2wmhb89kjxj9sx36-icu4c-78.3-dev
  /nix/store/bkkwr682qh7dr81n5jajkzfkvslh4pnv-icu_collections-2.1.1
  /nix/store/mrxas769bv7mkh9p897kvxfhy7r7fh1m-icu_locale_core-2.1.1
  /nix/store/a18fhmgxp7y2y1psj6cnyrrnkpafmw9c-icu_normalizer-2.1.1
  /nix/store/ajymp9p0q30gv316d5l2d457w5mbzik7-icu_normalizer_data-2.1.1
  /nix/store/g8l4a09vpl4k3y14619rs9a79rx1gydr-icu_properties-2.1.2
  /nix/store/lhp8iy19r2cfrj8spim8giy2f939riy3-icu_properties_data-2.1.2
  /nix/store/b9znkqc6rl0azrcxrghvaz9dvpgwiafv-icu_provider-2.1.1
  /nix/store/a5rzf480r6i3zd0c2qv2w7x6nd2v5mip-ident_case-1.0.1
  /nix/store/c0ssbh4abam9b4g8a2mciv6ih5an5pkx-idevicerestore-1.0.0-unstable-2026-07-26
  /nix/store/7f36y22jpy7rif2qq2cqrzrqxy304brn-idna-1.1.0
  /nix/store/42vl1if775p9w2gnbz61khqaqancnb37-idna_adapter-1.2.1
  /nix/store/bbjbyz85qsih9i5qjdz9pgq67971fgid-ifuse-1.2.1
  /nix/store/afpimsi5gawrhhyg36inbxmsps13s48j-ignore-0.4.25
  /nix/store/dzrjqhvfxydd8kd3miwyxc16jgp2fsvj-ijs-10.07.1
  /nix/store/ciln0g76amdqw49ljvsha8qsa3y9q6z0-imath-3.2.2
  /nix/store/yszx62k3s7n2yl9lgkixq4z7m25szdj3-imlib2-1.12.6
  /nix/store/dxv0jqqa2ng12yyfx26zgwfkslahwnmp-immer-0.9.1
  /nix/store/mxvl80fknql68d28b1621q4xjp3fzjs6-indexmap-2.13.0
  /nix/store/2s1mr2ngcbqf5pdv554qf6aglchigfqh-inih-62
  /nix/store/z5nyfimxqw13zhi8zv2brn45il5g7bqf-inih-62-dev
  /nix/store/9rrrpdv2wqvsdm2ipm5q893hnhn410x5-iniparser-4.2.6
  /nix/store/fi19f32axpgvdf49x023x12c52rd64qh-initrd-plymouth-udev-rules
  /nix/store/3fj06kg62m8a3r666y6k8iqhy3qivzmw-initrd-udev-rules
  /nix/store/nqc3scf7f1sq8j916nmd33jrnqknxa93-install-shell-files
  /nix/store/9s55752jk6r1nhch9231yafgwkp8kiww-intiface-central-3.0.4+40
  /nix/store/1k5xk45c65wy5962hclg6y92lr8mk7gn-ipnet-2.11.0
  /nix/store/qdgsn5ziaawlgwwcpgghxm8yqn50rq7a-iproute2-7.1.0
  /nix/store/mj67qppx4ijv966xqaswd716i3wly0mk-iproute2-7.1.0-man
  /nix/store/an9r456bjwr6hl5q19cl4f70zjdyhriq-iptables-1.8.13
  /nix/store/gw82p6qrjp6ln4jzx6chvf67wrz8phib-iptables-1.8.13
  /nix/store/5cl8f2vjwgnzfkjbpkyq353449g25syp-iptables-1.8.13-lib
  /nix/store/gl78vyfrrwzfmhpfv75mm3x0axi0sd2x-iptables-1.8.13-lib
  /nix/store/zsxk1y5c7hn73d6qpzx0k6zdcv5v8ird-iptables-1.8.13-man
  /nix/store/dj7ivvvdji5244fwp56n7sfjjqda3brd-iputils-20250605
  /nix/store/a62aas51l4xjm04qiw8c7068gbhvhppj-iputils-20250605-man
  /nix/store/rk4cbammfvfamiaim4vc3cvvsqpzi40b-ipw2200-firmware-3.1-zstd
  /nix/store/x7c4538s0mmvvqgsi703fi127ygxcm5k-iri-string-0.7.10
  /nix/store/hdqxgn8vkwx4di0v7y04cnbxwm7j7qlh-is-terminal-0.4.17
  /nix/store/bghlfmwjzapbmn7gq51i5zqc297r6s17-isDeclaredArray
  /nix/store/zyfll22gqa5xffp2wjyr8bvyb0m2c8rr-is_ci-1.2.0
  /nix/store/qhs1yhgv6x4rqp6fvchhbagn9j98k1ng-is_terminal_polyfill-1.70.2
  /nix/store/bxxw0n5w1s58spkia41sfgscdzy4zkxq-isl-0.20
  /nix/store/mmf0yfjd49vyiscryi3lyi2xq6avkbsy-isl-0.20
  /nix/store/qq4wws3ilsbn5qv97r2mvsmrkh1pa1q3-isl-0.20
  /nix/store/amzq7dzfjjrxcy6cf03v69rpihigsax5-iso-codes-4.20.1
  /nix/store/s7jbmw8wnfbddjp3w6l82wrhigdy6syx-iso-codes-4.20.1
  /nix/store/7m1bqw8w4qw3dps53zr2ddfjqc9aamjm-itertools-0.14.0
  /nix/store/h10v2xnbhh426r789cahcavvgw6fg3sd-itoa-1.0.17
  /nix/store/kssswjlgdgb5kipnrjkq39xawmd8s1xd-itstool-2.0.7
  /nix/store/j2n52agldghmq89mvs94wz3nkdcjssjh-jansson-2.15.0
  /nix/store/w7g6j8g4z3jii569vg5mw7v5vhvd5hi3-jansson-2.15.0
  /nix/store/lfws0wmi7bgvdy09gdrc9w10m0zkqi9i-jansson-2.15.0-dev
  /nix/store/hxrzb2v8hf2nn2sgyil49g1l77f5l5gc-jasper-4.2.9-lib
  /nix/store/5fcmn363c5dmicafpwgarga2vpkpz0bz-jbig2dec-0.20
  /nix/store/v5z9g7psrkbdb48drs8v213f6jhyvp5i-jemalloc-5.3.1
  /nix/store/qsv3k43lxq3518wbak19mg9lwlclg1r6-jni-0.21.1
  /nix/store/48a0ncl6wjwwmfnipvw8qs36ayzms1gq-jni-sys-0.3.0
  /nix/store/pci4k86rn57s3a4pnwf5izj4bj9mh3zg-jobserver-0.1.34
  /nix/store/d91mwgs15hv4ajza7jn6axyiwa07ga7m-jq-1.8.2
  /nix/store/k16j2jgwa6dvsx28y18q96ag2cpg4qr8-jq-1.8.2
  /nix/store/xvd6920kffyyshg7mbw5wvfk6lg9wfkl-jq-1.8.2-bin
  /nix/store/xx5kz68vyijj7plhbg1r6vnfcwyijh72-jq-1.8.2-bin
  /nix/store/qavm4f7d2wm4s9v1ck90n200y20x95fm-jq-1.8.2-dev
  /nix/store/ddch1an7pm2smpi4s5n63ckw44yaq1c2-js-sys-0.3.85
  /nix/store/6qlnx8z3ncf1f96cxqpfpxskp784bzl3-json-c-0.18
  /nix/store/imvc9v7wiw7rh5rrzjdhmrd96s2wszi2-json-c-0.18
  /nix/store/y82jh68mn0h0d4vnq10hbnf9nj5mcxqa-json-c-0.18-dev
  /nix/store/gsap6lzjycd5a86ix7jnm5l6c84xf846-json-glib-1.10.8
  /nix/store/qqj3nczawbxqid388b6kf0q29wrd4gg2-json-glib-1.10.8-dev
  /nix/store/9sbkgyqsn3bw3v69p5k6wnrx2jy6bj0m-jsoncpp-1.9.8
  /nix/store/1qp6j45anz7r5mwl51vnbvipd3y0n21r-judy-1.0.5
  /nix/store/6pd549835kjisk500hpj7j4zqz3zkx9m-kaccounts-integration-26.08.0
  /nix/store/v8668l76qqgcx70f8c0h9qlj1zpsh0p5-kactivities-5.116.0
  /nix/store/czy73qjx900pfqrl2js21lqcj8wrg4m8-kactivities-5.116.0-bin
  /nix/store/b6dsh3vcanr31lgnnymxyq3hn0x81d65-kactivities-stats-5.116.0
  /nix/store/93f1l5kv4mznql5x60cs60jn0lzrnk35-kactivitymanagerd-6.7.4
  /nix/store/2bym47fnc7yn8fzsb9vqizvxzgsx9g05-kamera-26.08.0
  /nix/store/33bjy95rl08x9ijaxb2dixkcc7c1fzib-karchive-5.116.0
  /nix/store/22rw2zfh0nrs67jmhng9j5qcfkh93r1d-karchive-6.29.0
  /nix/store/2v8qwd1hawfqc0d8grjbj0j4b6b8q03l-karchive-6.29.0-dev
  /nix/store/d1ndkpsp69yylwbg1k83fa5b613bc0a7-kate-26.08.0
  /nix/store/ycjpi7b1jwn5d4ng2v8bcxa42i7jsxvg-kauth-5.116.0
  /nix/store/4d93qx9p2rxhp67rdkqjnqwjmvwa3k4f-kauth-6.29.0
  /nix/store/0jlcxprc1642113p3fgkj18cylvy6pyn-kbd-2.9.0
  /nix/store/6pfa3sxidnzik3kjym6l3j5bz08d86y9-kbd-2.9.0
  /nix/store/fmxawyw0jlvhmi20j3wbgmphsb9dndga-kbd-2.9.0-man
  /nix/store/5m3rl00a2rglsc1cp78dihjiidjqpx6v-kbookmarks-5.116.0
  /nix/store/gihysyrnmaib6lhi2rlbkfc4g6lsv9g7-kbookmarks-6.29.0
  /nix/store/wqb1g67k2xsxghacm9lgd054m3i15q0g-kbookmarks-6.29.0-dev
  /nix/store/zx8l3zgidx4lh7sqb3yrmskxc31ad4h1-kcalendarcore-6.29.0
  /nix/store/86djxdy8i658ys8hxhxdfqq2w2mb6r3l-kcalutils-26.08.0
  /nix/store/xgjz7m7mii3912a01hw48z4x069i09zz-kcmutils-6.29.0
  /nix/store/grnwqhdb988sy1f6zcz0gdnfn2f9rsxv-kcodecs-5.116.0
  /nix/store/jc0zy2lwn01nlqnmqs40mr1hlx34bzkv-kcodecs-6.29.0
  /nix/store/jdjrvsa95awydgpgx06ws49pcw42ci76-kcodecs-6.29.0-dev
  /nix/store/aqc9h09klfqmgnps7ii5pzzsb6hsx3s7-kcolorpicker-0.3.1
  /nix/store/yy6rq4lgz38f3qwvx1xzlvfrd6vhby8w-kcolorscheme-6.29.0
  /nix/store/4dn5x3gl17gvn6r5a2h74pda18m8h76x-kcolorscheme-6.29.0-dev
  /nix/store/4p73lpl11zczd6n0v591i084aglq0rb7-kcompletion-5.116.0
  /nix/store/4ffpqqkgls8rk3irf4qnbi9h9106b627-kcompletion-6.29.0
  /nix/store/vvxk4y2vw34x414936hndl5njb78fdcq-kcompletion-6.29.0-dev
  /nix/store/fglvzd352mjj2a3vb99x6jw7ysyzab7j-kconfig-5.116.0
  /nix/store/lyjfmsny7zry2ji6ra27wvk258vm9swp-kconfig-6.29.0
  /nix/store/m5cf8s9myjc5j0gw0b4vagdgs2nj8jl1-kconfig-6.29.0-dev
  /nix/store/1gc16p1bj42j96hsvfz15pgfh07xn3hc-kconfigwidgets-5.116.0
  /nix/store/brm9av1f64am9ibnrv1378wvrvajlwy8-kconfigwidgets-6.29.0
  /nix/store/1zdj11rnl45n0j0jmk0gsp1wndff121q-kcontacts-6.29.0
  /nix/store/i679ixdpslm6cjspg80n88pa2xzcfpvq-kcoreaddons-5.116.0
  /nix/store/irg54k49q5615cd6h1qqcpajrppdj259-kcoreaddons-5.116.0-bin
  /nix/store/zgs825dw7zl77dynpv90w5s25mxbh821-kcoreaddons-6.29.0
  /nix/store/yzbmblpzhimnkhyz8b0kw4a230sr6z2h-kcoreaddons-6.29.0-dev
  /nix/store/mfr3794hn3xp0i01xy53rrz5jhqzvcmm-kcrash-5.116.0
  /nix/store/l3mxa41ny5s2rkk4n9m1pj70xn7f1lbj-kcrash-6.29.0
  /nix/store/pa4rizrzvn12b2fmn0cjzgsgbdsjxngy-kcrash-6.29.0-dev
  /nix/store/m187dhzwybf7v5kr1jv764zsa40hfld4-kdav-6.29.0
  /nix/store/zajnhac5ka6fpr6ynzlsfswaw7irqs8r-kdbusaddons-5.116.0
  /nix/store/1b3qkjp4s0d1w1dw3c768sg7w4aar4hb-kdbusaddons-6.29.0
  /nix/store/a5xyklw2nmwn6l2fhqdd33q9js4i1n6r-kdbusaddons-6.29.0-dev
  /nix/store/9w8rd30cpn7acnacfnw8w1d4qzng1rxv-kde-cli-tools-6.7.4
  /nix/store/6l0ngmiyhwnxh5h4ars3ygbz5mmvj83b-kde-gtk-config-6.7.4
  /nix/store/3naq22p6f9dinsrj56i552qwh1w70lbw-kde-inotify-survey-26.08.0
  /nix/store/cjvkbcr2lzwmlxy6vqccrw776rac19hx-kdeclarative-6.29.0
  /nix/store/2545y8ghg7wvjbhrh2pdvn3ddnj63cn0-kdeconnect-kde-26.08.0
  /nix/store/qszqigfz6ybqpiyf1qypz7dbs8wk6xzp-kdecoration-6.7.4
  /nix/store/xdwdlxw0f9dv5xlk98bim3kbxvi8sb1m-kded-6.29.0
  /nix/store/bfyrx52h508kx02mq7kmbc2wh5srx92a-kdegraphics-mobipocket-26.08.0
  /nix/store/i6x587g87jf22v0r44lpz0wcq7fqw1vb-kdegraphics-thumbnailers-26.08.0
  /nix/store/j1wfmz4g59xk72zd7v4r1ydrac1vjc2c-kdepim-runtime-26.08.0
  /nix/store/y9jb5v17b5yw76yjlaavaycn6v6zc0yc-kdeplasma-addons-6.7.4
  /nix/store/l3m31hyghgv7vkzvkr1fljwnmcwswii4-kdesu-6.29.0
  /nix/store/1hjqwpcc77dya1laf5af5vbsic2a0jyb-kdnssd-5.116.0
  /nix/store/743h69r8w05z7jh6plhk2bh7ci3k881x-kdnssd-6.29.0
  /nix/store/mmg8jzfp3bg4cmsjqvvb9idf2grn9640-kdoctools-5.116.0
  /nix/store/ych2aahkzy75bichq2j3wr9yzgj82npx-kdoctools-6.29.0
  /nix/store/7q2w1v03p1my8ic8pkvs43gnx95p531j-kdoctools-6.29.0-dev
  /nix/store/64886g8p4rjkklm4zkrfhwxypi7b124k-kdsoap-2.2.0
  /nix/store/hr6ghm7xz6a0v0a739kkpkwhcfwvy48x-kdsoap-2.2.0
  /nix/store/y6mzyzisa54xyqrz2nfrzpnwnazw68h2-kdsoap-ws-discovery-client-0.4.0
  /nix/store/jnh7222cj9al7qvmxjbx7rsm0g2jh108-kexec-tools-2.0.32
  /nix/store/kn3a61sk602hrg2b98q0ii8z2rbf0wif-kexec-tools-2.0.32
  /nix/store/xvyjic884s8wnwbmmbfh9g3mjk488zsa-keybinder3-0.3.2
  /nix/store/c8mn4fip6ybjmz30h09yh74m08zixyfk-keyutils-1.6.3-lib
  /nix/store/jg66vcyjabrdwfm6v8bz65vbpxfkhyal-keyutils-1.6.3-lib
  /nix/store/aswacvrs2zi6cq7jh3qqhfrq52rrv2rw-kfilemetadata-6.29.0
  /nix/store/gcqbgp5p38mb72ynizkj1kal4w88nxlz-kglobalaccel-5.116.0
  /nix/store/92n5zls4mfw9nqi7vdyffjzdbqbgimrx-kglobalaccel-6.29.0
  /nix/store/i3ki8mcx3rxz9ya5gs2b6s7lfhxz638b-kglobalacceld-6.7.4
  /nix/store/49w2ks2yhz17hk4j02q01jgr75kcyxzb-kguiaddons-5.116.0
  /nix/store/mhlgizansyqxmchd5r34lx4m0zsrdh64-kguiaddons-6.29.0
  /nix/store/x84mlqxqbhibnynwnv0figpblplcqpfv-kguiaddons-6.29.0-dev
  /nix/store/bkqaaf2d56bm4w3i9vhnsl8z66bkwp87-khelpcenter-26.08.0
  /nix/store/mif4k5d7z7aaj5cwxab16y3y9kx0nw00-kholidays-6.29.0
  /nix/store/lpi6cwibn11p5nwd4dd276rhcpv2vqzy-ki18n-5.116.0
  /nix/store/5vh0mgbk0s4n78jnbh7b8kqrid27hf5y-ki18n-5.116.0-bin
  /nix/store/8g3819rmx2mls1axs7llh9nndzc590cd-ki18n-6.29.0
  /nix/store/b0nkxcxra8xiz6mh1m7202j32ckw65xv-ki18n-6.29.0-dev
  /nix/store/gng9h1cwwv9ndv8mynk6ar7b3bp4zw2h-kiconthemes-5.116.0
  /nix/store/fppxwq3qhk46fkpdi6lv8bd54pkpd8xx-kiconthemes-5.116.0-bin
  /nix/store/4yxgvdskpm46a26c3rqhdc6rna3br56v-kiconthemes-6.29.0
  /nix/store/niprpmqk8x6p9aik4g87y60fr416i9k4-kiconthemes-6.29.0-dev
  /nix/store/da595x5s8rxzfrl3jxsv3slk8bydn5am-kidentitymanagement-26.08.0
  /nix/store/j9z37rhwm1qb34izx5sj7qjn445wh1vm-kidletime-6.29.0
  /nix/store/s69gw5bv4ac60qh8ysprq4vl6vrj2g91-kimageannotator-0.7.2
  /nix/store/3rzd7cgip50jjgarm7vi57p1j6f5h34j-kimageformats-6.29.0
  /nix/store/gmqh81c0365c7c13bnfymwn644vgb1c5-kimap-26.08.0
  /nix/store/j0j2mpzb1j9ssa7c8h14nm9lc65g0pb8-kinfocenter-6.7.4
  /nix/store/6qvxgprgvb7gmrbm66jqf9362r8lfi27-kio-5.116.0
  /nix/store/cafqlpwn3dilg7pzgvvy5vh7ml82ppnz-kio-6.29.0
  /nix/store/nwkh8n5j2ca8cfz8zdc75a0hnapk40x2-kio-6.29.0-dev
  /nix/store/8pma6rxmmrn4d0g1is6d6fbjhycq86bd-kio-admin-26.08.0
  /nix/store/jdjyyd33mp5ysgva0hp4n487048xh4py-kio-extras-26.08.0
  /nix/store/w60sc0ahj7dmcypvrx8v0s76j2kb53n6-kio-extras-kf5-24.02.2
  /nix/store/2mgpjsyajaxj6h5gaka8mja62ny6d20k-kio-fuse-5.1.1
  /nix/store/lhirhpli6l2z4ir098mxk2s16crx5p5d-kio5-plugins-only
  /nix/store/0ygav8g85zihgqgmqsdi20qqhxcyhsgz-kirigami-6.29.0
  /nix/store/7sfd0aw03bfw8wm5kmi2gnkkzjgwp86w-kirigami-addons-1.13.1
  /nix/store/bav7p21kajxgdklr2m58f5dvbfpc81rl-kirigami2-5.116.0
  /nix/store/5fxiqzxffjim9vqs4m9i89afmb7vhfli-kitemmodels-6.29.0
  /nix/store/n8w3dgak63vbdz54jhzpkw0c5lrnpyqf-kitemmodels-6.29.0-dev
  /nix/store/7zb0gkha6drwcniy54hl9isrxnn5pfkh-kitemviews-5.116.0
  /nix/store/qfhh2agd319kp74w617jc8dd3i361hgq-kitemviews-6.29.0
  /nix/store/afa3ib4sp4jppv94nlhwrpa2gi6ig7dg-kitemviews-6.29.0-dev
  /nix/store/83l9nm7yh10rz4p814mnwq9ingdv7z97-kjobwidgets-5.116.0
  /nix/store/9dadzh5dvv36hn9gyq31hf78zjlvzlcq-kjobwidgets-6.29.0
  /nix/store/2v5p2zz8awhg7rwbqnzvbpnpcn4r6hn7-kjobwidgets-6.29.0-dev
  /nix/store/fqsdd8293rm6rcfr9hxvik7yjiakbxgf-kldap-26.08.0
  /nix/store/jgdbylx73j0qlwcms3khbg9yxqlgf99d-kmailtransport-26.08.0
  /nix/store/4bnvza5pzlp9i6zprg5q0k7wi3sj9qx3-kmbox-26.08.0
  /nix/store/3n49snb531kxwd7s8qp644jgpcyqxs1y-kmenuedit-6.7.4
  /nix/store/zq3p75xdv1xgags2v3gbwjbybvz76786-kmime-6.29.0
  /nix/store/ny1yagydvwbdwnbkzspka76vwc4b01af-kmod-31
  /nix/store/zq860n82fcl4cd38nbr9hhb7sm65gk21-kmod-31
  /nix/store/pjij1lkz5xkp7hdg350wpvanjcx8k16d-kmod-31-dev
  /nix/store/9dyif5r93pn2r9lssv2cwzjw2z71hyi9-kmod-31-lib
  /nix/store/iv3npjf8gjxmzcx5wxaix2ha89628ywk-kmod-31-lib
  /nix/store/xw05vrn1i4jcgmp1ah5qlh8ggpr8p2b5-kmod-31-man
  /nix/store/09xg3267lvhnjpzi49097a14qlxbi8mz-kmod-blacklist-31+20240202-2ubuntu8
  /nix/store/lsgqw4rbyp4ji6d3z2j9ysqpx94gy7vq-kmod-debian-aliases.conf-30+20230601-2
  /nix/store/0bqisj5j9w5qxzxhx0m4piv82j10cv9f-knewstuff-5.116.0
  /nix/store/3557wi07qqhrz9f56f8d7zljb0gskms7-knewstuff-5.116.0-bin
  /nix/store/wkjz80m138y8p3fj59kdwspl2yhd7vym-knewstuff-6.29.0
  /nix/store/ds79zxjk541jv51v5haxzi0w5mnbfc44-knighttime-6.7.4
  /nix/store/xg1y5s12sa2g6xslv998pw75nfg686hl-knotifications-5.116.0
  /nix/store/6y79flw3pn209zia49js53s8rd4gfm3k-knotifications-5.116.0-bin
  /nix/store/zvqx7ky1k54y193rjswmsb2pc91sv587-knotifications-6.29.0
  /nix/store/9740sh1ifpd63kmb0f8vi6h5rz6q2ahn-knotifications-6.29.0-dev
  /nix/store/8xkhwqcpg7y0lv2mdgar06hxhg764rd5-knotifyconfig-6.29.0
  /nix/store/a2s6f3f4mxbmdcz30c9mqx5qycr23l08-konsole-26.08.0
  /nix/store/mdl9y62s87rfc9jadhq920l662y8yn42-kpackage-5.116.0
  /nix/store/xnj81kshm1za7dpa55rxv54py7gin90k-kpackage-6.29.0
  /nix/store/ry8pg3c4x32vj0fmirbql34jwgdimhsw-kparts-6.29.0
  /nix/store/na6lf0vy2iss1kjhhzr3lrj2m2xzyx4k-kpeople-6.29.0
  /nix/store/12ibpdx3yrq56zkqh9g9c9cswlv69g7i-kpimtextedit-26.08.0
  /nix/store/jn4q0vy38ppc9m978dnybm1a5x05rp0s-kpipewire-6.7.4
  /nix/store/vyc8hhir89m7rnykzi42j32bxf80zp4i-kpty-6.29.0
  /nix/store/vlx3qdxw1phfcym6ansvlfwh5bxlrg0g-kquickcharts-6.29.0
  /nix/store/kyan4cmr8v8cwpn720fjfxadd1n06drg-kquickimageeditor-0.6.1
  /nix/store/0yn2z4sn1mfiy6hfsd1v0l6nz5sl8vca-krb5-1.22.2
  /nix/store/y369289m6612gqnj52na0w3lkxzspml6-krb5-1.22.2
  /nix/store/5lia70hi0mmifs8ks7xbgzmh9wbcp800-krb5-1.22.2-dev
  /nix/store/vi30qsxi49vxw37ax0zd0mvsllmsiawp-krb5-1.22.2-dev
  /nix/store/9n8jc1z8ysmjydj74xn05hin12d216ng-krb5-1.22.2-lib
  /nix/store/adhjdycq6m1n6ljzm9ifp843y2my6zd8-krb5-1.22.2-lib
  /nix/store/c3vh4x5xyvngqdxzscxnkh75ainlm20r-krb5-1.22.2-lib
  /nix/store/s7yqb1wi8vs6s3g17pl73fffxr1li47s-krdp-6.7.4
  /nix/store/kx2l15zp25jnik00dyvzlywlnmy634wb-krita-plugin-gmic-3.7.4.1
  /nix/store/fn7snf8l2p3g8qnczln07z47yhxcqq2c-krita-unwrapped-6.0.2.1
  /nix/store/jfmd6v182yx0k21fp85gdvmv0bafd1x9-krunner-6.29.0
  /nix/store/4n60j2319c1xsrq62hq6649q4zccms85-kscreen-6.7.4
  /nix/store/asmb5rwfj2w044plwxlhm5jddxah2fgx-kscreenlocker-6.7.4
  /nix/store/icw53636z24pvb48dni1xad3v72bb635-kseexpr-6.0.0.0
  /nix/store/b8329c392waf7y0974mik6pwip35d490-kservice-5.116.0
  /nix/store/gszrsw2hamnbiajj69524idhv0w7p00b-kservice-5.116.0-bin
  /nix/store/6j228qnzy3v2nk0iwrl6xxrjp0hb2jw5-kservice-6.29.0
  /nix/store/lvp2nrfl4agk540w4jk4z6is56m1n6f8-kservice-6.29.0-dev
  /nix/store/6hd32rrxplb05ykz2xm03wi4b97z8bpc-ksmtp-26.08.0
  /nix/store/81a73hi45830vzdq58df6y66g1jcvji8-ksshaskpass-6.7.4
  /nix/store/44vqhimjld34z8bw0ilajwas4l9dgdni-kstatusnotifieritem-6.29.0
  /nix/store/798411r2xhl76sx2gfq9fs5wbn5nw6my-ksvg-6.29.0
  /nix/store/pzw9bm2qrg3v6g5xcly8m6134w07clx9-ksystemstats-6.7.4
  /nix/store/6dq61pyppr49ay41n9mfkgirbfxb8mb4-ktextaddons-2.1.2
  /nix/store/vksrimm19k99s9w03bx4fz07cfycfmaz-ktexteditor-6.29.0
  /nix/store/1gx9mfn7skiif4jwjbm1mkm530z61kbf-ktexttemplate-6.29.0
  /nix/store/0g72z0iyq598nprq8san5kr4nnr6gdsz-ktextwidgets-5.116.0
  /nix/store/8jf6jpbyq4bgs6cyhw6fa74yw0lmvqks-ktextwidgets-5.116.0-bin
  /nix/store/j1bajg2d7vnvf80j3a66gb2mmnc32dkp-ktextwidgets-6.29.0
  /nix/store/yjhhhh756g7vn8jizvrak4qyb0mav7r5-kunifiedpush-26.08.0
  /nix/store/s3cw3n0ay24bix205k9k8bh781ywz108-kunitconversion-6.29.0
  /nix/store/z8zjspxkp1rrf3dk2hv0h4s5wjkym4wc-kuserfeedback-6.29.0
  /nix/store/75zri2rx6yrziig1ziagiaqhxq2z55vq-kwallet-5.116.0
  /nix/store/fi40msa2shvfizg1an3f2k8g635pqghi-kwallet-6.29.0
  /nix/store/gifs72njvkm25fwsg1hpinx22i8qbh68-kwallet-6.29.0-dev
  /nix/store/wjdj7ryqvfr4hpfb9v4gdyrf1i99vglm-kwallet-pam-6.7.4
  /nix/store/jcsia7z7ig9aiyfp3albxms60k36asfk-kwalletmanager-26.08.0
  /nix/store/zcv1ragr3s7x6w0fd03qhac43r09qfn7-kwayland-5.116.0
  /nix/store/8pg0drs78pl1rrdnz47bx3nc9nxkn9sj-kwayland-6.7.4
  /nix/store/jwa91zdjjflhcjxzcgpchvccsyyi33l6-kwayland-integration-6.7.4
  /nix/store/3n94ff0gm0qjpqqac95w9vg06w9rpzcr-kwidgetsaddons-5.116.0
  /nix/store/njpdsq8qb66w8lwcgp0a5hv9yh4x8ypc-kwidgetsaddons-6.29.0
  /nix/store/51h55fkkwpi83sbmngzqw0fp1w4pwhiz-kwidgetsaddons-6.29.0-dev
  /nix/store/dnhnbjfygx79an8s30kif7iniawdnqc5-kwin-6.7.4
  /nix/store/2w79y3v7ly0y8w2hxybk6h0c4ayff3yz-kwin-x11-6.7.4
  /nix/store/kl74wwfiic0wzn0yn2ggwswk45f65nwy-kwindowsystem-5.116.0
  /nix/store/51wqk5x443x718jlksd8i05jxg7wjwgz-kwindowsystem-6.29.0
  /nix/store/96sq1qnx5jsanb66y02v3jqfxrwqnidm-kwindowsystem-6.29.0-dev
  /nix/store/js7brlxfilsac0r0zrcjrs4jb5jsyyb2-kwrited-6.7.4
  /nix/store/4qrb427p23l7v1xmrigq0cmiqilkp36n-kxmlgui-5.116.0
  /nix/store/yvnmf24vjz8mf6hg9877i89vyg4cjn29-kxmlgui-6.29.0
  /nix/store/mw7x6qxmzfd7hqgi2zvv4x1if96ac5cz-lager-0.1.3
  /nix/store/8rv2v4541pz5azfq86r2bm7wwwqy8dr0-lame-3.100-lib
  /nix/store/93p8z71lh381is8f3rrf7x5ylyyjmvid-lame-3.100-lib
  /nix/store/jq3q9zlxlbrq5jl1951inyk6xfn58f4a-layer-shell-qt-6.7.4
  /nix/store/805bfyl7wxmw8m76lrh4qx0ql3ygm0a1-lazy_static-1.5.0
  /nix/store/d3n2cs7qbbhk6zyfmfkpcf6rmwam9k5h-lcms2-2.19.1
  /nix/store/y8s31ci4l9bflj0hy474lbpj2ih4xpjx-lcms2-2.19.1
  /nix/store/qbpznajgn1vq9xigx1psx6a6zr1zzf3b-lcms2-2.19.1-bin
  /nix/store/zns7wfcn73bxl0lfxnnzl7if8df69xjw-lcms2-2.19.1-dev
  /nix/store/cimkqqq4dl3hhfkifdb8zsdfs6g8cgcg-ldacbt-2.0.72
  /nix/store/sl6n35xislavl00gb6a6ww5gkyk21dsw-ldacbt-2.0.72
  /nix/store/0gkhqqk4w0bn790krqlfhgr5a2bkzacc-ldconfig
  /nix/store/78zml8gng1iync1rjp0lg306p2ng032i-ldns-1.9.2
  /nix/store/cl6znj4c2sqcyck2njvpmd45ivql5gf0-lenovo-legion-app-0.0.22-unstable-2026-08-21
  /nix/store/jipfdxb37x9dclc6vaa68d0aqlhcvjq6-lenovo-legion-module-0.0.22-unstable-2026-08-21
  /nix/store/al2hwcsx1d8k8dwhj9wjhxlpb1am13s0-leptonica-1.87.0
  /nix/store/3rynmgnsaz28k69zs2gfqwqnz0ayps5c-lerc-4.2.0
  /nix/store/45vklxcj76ws1q5s10449g39zd76914v-lerc-4.2.0
  /nix/store/8sv07mfqjbbhb0lac3bn2l0qyigafjzi-lerc-4.2.0-dev
  /nix/store/3xl4q1xflrvj343j8j0qfx5vkywmlsbs-less-704
  /nix/store/2yg82cw7idmm382nn6j0vgca2vy66pxh-less-704-man
  /nix/store/864nc5cadsdf39ii02bm60n7affps1vd-levenshtein_automata-0.2.1
  /nix/store/g8k4n8f22a4h9ni45hpycychp6vaalv3-libaacs-0.11.1
  /nix/store/7ylv1cafwrp5f491d59sin3gd21fkhl2-libabw-0.1.4
  /nix/store/vqjh9xbvlmy80aqqkmayaqb1r9vmbj5x-libaccounts-glib-1.27
  /nix/store/x8v08wl57vkyk6qfcblx32a0w6cphnpy-libadwaita-1.9.3
  /nix/store/rq4zb7ncybsadlin1h9p8hp4vl1fwp8k-libaec-1.1.7
  /nix/store/gk209caagafsfmpizx7zjil58n1cc8v6-libaio-0.3.113
  /nix/store/fgm70sv8crxzyzqwdk3fv73gc2kjlsrx-libajantv2-17.5.0
  /nix/store/f9835721ayfafx1xm6vpqpr4afn3r0zh-libao-1.2.2
  /nix/store/kkzwq4i0skbkshdpj9h13x6shsv1fb2n-libao-1.2.2
  /nix/store/2611fcrmmcwfcqxpfwi0kks144k5xpjf-libaom-3.12.1
  /nix/store/nv34d2vf7j6bx229v3irbs36ifqs2is9-libaom-3.12.1
  /nix/store/v4lg85rz3cn0n1m2p8ld54ljp1gyd9wb-libaom-3.12.1-bin
  /nix/store/lfsyk53dqkf9y737z2dvmhf9blsf4brj-libaom-3.12.1-dev
  /nix/store/70xlpfdkhw1scrndnvz8w2p8d06axy5q-libapparmor-5.0.2
  /nix/store/nfvwp1x1bzaiala6nhciaa0ncn0296c3-libapparmor-5.0.2
  /nix/store/6f7nfldr4xr36p2zgswrcfvfhdxvpxjn-libappimage-1.0.4-5
  /nix/store/23gzbnfxbr4gbxlybrx30mc9zqg6psq5-libappindicator-gtk3-12.10.1+20.10.20200706.1
  /nix/store/zpkpg1hrp0gv65jhgyybinywsgqniin5-libarchive-3.8.9
  /nix/store/kkimp25ccs3ilkaxapks2nj7y7awksbr-libarchive-3.8.9-dev
  /nix/store/k1cl8blsi7rikq409yagca2awi371c6z-libarchive-3.8.9-lib
  /nix/store/lwvkmswcrra987aklpsby82hb4hscsa0-libarchive-3.8.9-lib
  /nix/store/4zwxgx4bjnfv86mcscnhf3c0wqmmfy3x-libargon2-20190702
  /nix/store/0s2ixv3w26b7yr4ig8l19i3y92az9ljd-libass-0.17.4
  /nix/store/g1d6smw0bi44qjzznj28nnv51aqkw6pv-libass-0.17.4
  /nix/store/6zvxln5ygqlib6gqpimdiqfpc3gc9xpy-libassuan-3.0.2
  /nix/store/ms2x41rp7nn2wynkganan79zb5f4hpx3-libasyncns-0.8
  /nix/store/bl3268m4d9shlryq3a9ykzps8p49arcz-libatasmart-0.19
  /nix/store/mcb098j42kvinrw1c8p7d0dwswdn93y9-libavc1394-0.5.4
  /nix/store/zncvb59bhzyci8bv9rwzcpmy9z7vca67-libavc1394-0.5.4
  /nix/store/f26ivlz8knm0ksmsl5gfx4immlas9j40-libavif-1.4.2
  /nix/store/j4ic3cfk2hxdvpdh8igyx10yxd610w6x-libb2-0.98.1
  /nix/store/xq12x54sadwx4cqdvr53296dv5pcah0k-libbacktrace-0-unstable-2026-05-03
  /nix/store/frnkb0aqa1d5g01nxgblk3nchvfpm2cg-libbdplus-0.2.0
  /nix/store/23bbxkqkrzf9q06kxc7s86nsplycgsk4-libblake3-1.8.6
  /nix/store/jj4gfrqdckxr13j5iqvlsj6zqnn6hh18-libblockdev-3.5.0
  /nix/store/g1zl0pwjcjvgkl115bd6am6gspcmhskb-libbluray-1.4.1
  /nix/store/ix2bqwfaqn8yk5wvz43dhm1z0gv7jdms-libbluray-1.4.1
  /nix/store/pbv0kqldfvydqpxigbnawzczibpvh0gp-libbluray-1.4.1
  /nix/store/sgsbfaq5zsw6ykrzpcfz3f6ia3wxkl86-libbpf-1.7.0
  /nix/store/zwmmxc7yj0i6qgqfz25zw4qrj8lhnmqz-libbpf-1.7.0
  /nix/store/500f21ikwa87f7b2ghn72j6zzbpxhqa9-libbs2b-3.1.0
  /nix/store/gax6r1j1i28bvxjcs1v98npzaa4hwj7d-libbsd-0.12.2
  /nix/store/rnyghv05smc4yqgw901qbb4l03szn4y0-libbytesize-2.12
  /nix/store/xqc0xbxmavm5abg5blkal0f2b7wy9vj1-libc-0.2.180
  /nix/store/pk4b3vkdryn56ajj46lc62nzn24zippp-libcaca-0.99.beta20
  /nix/store/d3nk284a7qwh136vj7xihzlc9jkl14mh-libcaca-0.99.beta20-bin
  /nix/store/f000bkaxgmfy62af2jif0vaw73g2c4gj-libcaca-0.99.beta20-man
  /nix/store/3bpb49f664g8w9ahr288xzs5zx48hbcj-libcacard-2.8.2
  /nix/store/iwc5cmdsqwg4jy6s5kf3c4l6b95wd9hv-libcamera-0.7.2
  /nix/store/zm2wl7sv490hvvg4ipkyrmrdaw1lmdm6-libcamera-0.7.2
  /nix/store/81cx2mnvpnjvy12a3hfcjpd98lm6bpki-libcanberra-0.30
  /nix/store/byg6ma91cnkw3pw7yn1h0vw2f6yvc0dk-libcanberra-0.30
  /nix/store/m722jvydakgrj9bd3mvwc78zxqjlz3mw-libcanberra-0.30
  /nix/store/a6l81hk2r8cqy8glxg5dk9qcn6yxdg8m-libcap-2.78
  /nix/store/lhmr8s733c1bmy9n17fg8yv018f1nxpi-libcap-2.78
  /nix/store/q3iqnwf3qwznwn3vl3phx55m1plh3bj6-libcap-2.78-dev
  /nix/store/sci1fk40vhnn2kjcivij8mx27l6nc26b-libcap-2.78-doc
  /nix/store/3xl852rpg72m4a49k65gmnd77n1ix9df-libcap-2.78-lib
  /nix/store/b62d870qrjxyfmwxvnsj00d8dgazdfsx-libcap-2.78-lib
  /nix/store/3vrmra4888p2494awcbyvb1kzr0q69x2-libcap-2.78-man
  /nix/store/pgjwg9yds4k1xk3ladv85nzrgxhrqgim-libcap-2.78-man
  /nix/store/pm7xp990xvmjy5hdmq1fnadmf7n4nxg8-libcap-ng-0.9.3
  /nix/store/q22jwk7vaa69na5akgklgh70bhv9y4al-libcap-ng-0.9.3
  /nix/store/4pj4rsk8ki86m6iyqv9wpw17klhycgrn-libcap-text-verifier-0-unstable
  /nix/store/61534nwjl335kpcv3s3n7nyk5xzmg4sd-libcbor-0.14.0
  /nix/store/b68ma3dlby4jdjyp3shf7zncaqihffcn-libcbor-0.14.0
  /nix/store/ls8zj4s2qgmaygcdp0npg8ax3g20gnip-libcddb-1.3.2
  /nix/store/8jj3l2nxcqfq68vmysm7rq9j37905zmq-libcdio-2.3.0-lib
  /nix/store/z8z32zsdziq8b2qkmdm285spbbga1alp-libcdio-paranoia-2.0.2
  /nix/store/jqzsh8wspvixfdc5k6njch55ll1wza4c-libcdr-0.1.9
  /nix/store/yxp57a7sckvj2b3qkkcp662hj7m2ygdq-libcerf-3.3
  /nix/store/lqj06ixgylb7qri2s5mhi998kiyyx5nv-libcmis-0.6.3
  /nix/store/2hq2hb36905p7hzx4bam72yrspg71dc2-libconfig-1.8.2
  /nix/store/4izmwgj4ga047mr4lqydb396ryf5d83h-libconfig-1.8.2
  /nix/store/h9aq5gw0vzsi401qzggmaimvk81khd5f-libcpuid-0.8.1
  /nix/store/rp441xxx0qv4vz0whwrky26lqp42yhzb-libcupsfilters-2.1.1
  /nix/store/v7ph7dphp4j8fxnzxk3yc86bw734mv4y-libcxx-21.1.8
  /nix/store/vnfcxmx4i6nndkj5afvgxg01jnz94140-libdaemon-0.14
  /nix/store/xfh0xbncsr2lk6xs951n9f9b94vb9qcx-libdaemon-0.14
  /nix/store/klwlilzmgmr63c4vnk8sdq5cdnzdnim3-libdatachannel-0.24.1
  /nix/store/afiq3l9bp9022zvjsyb0jmy1n0i7h6vc-libdatrie-2019-12-20
  /nix/store/3jvzxakp7q89j0vq3dz36xj3x4irgg54-libdatrie-2019-12-20-bin
  /nix/store/mkqs9fvrrwkr9g1vzcsizkd6w8pwqr3v-libdatrie-2019-12-20-dev
  /nix/store/48mby3a310a38chigwfxd1fxpcn465iw-libdatrie-2019-12-20-lib
  /nix/store/h3jbj83j43fw6p1sldqrzzwg1jf357hl-libdatrie-2019-12-20-lib
  /nix/store/f33jgdqr99mnasd6y4mcz622myz5i2ys-libdbusmenu-glib-16.04.0
  /nix/store/jh14cgmzlfa39vvs9jm3k9sgv5r99mfb-libdbusmenu-gtk3-16.04.0
  /nix/store/szirqpnj8m1l0adrppmz49k27zfxr3jk-libdbusmenu-qt5-0.9.3+16
  /nix/store/q57sa04n6ki5ffvs35jb8wg84l58v3q5-libdc1394-2.2.7
  /nix/store/sych5ppz29934xx2pm7qkqp6plhfgr25-libde265-1.1.1
  /nix/store/c7z4kv21nh2y5mvfyhj1ixkgxwc420z4-libdecor-0.2.5
  /nix/store/f1wn6sb2vw13kdij7c5lhcixnwsz2wyz-libdecor-0.2.5-dev
  /nix/store/2f0xdvgl9csjsc2yhnfpgm6qyzcypwxl-libdeflate-1.25
  /nix/store/6zha5n5kzs4lykqdl0kqq6mpmsv0pnwk-libdeflate-1.25
  /nix/store/l4ba5d5zfpnbiqdbdqil9xgfs336rzns-libdisplay-info-0.4.0
  /nix/store/lm82vzby6nbnkxlkbxnf1562dsk46rmy-libdisplay-info-0.4.0
  /nix/store/4yz37ivypldly18s43fjca1jqzhjy9yi-libdmtx-0.7.8
  /nix/store/2a2q3y49bgcs2sl3qs38cpn1davz7z3l-libdovi-3.3.1
  /nix/store/5qg70j0rzbxqlxlzrq87k4ksgzdwrwr6-libdrm-2.4.134
  /nix/store/8hsxflhf50j77lv2sabs5h0l5a9jch1g-libdrm-2.4.134
  /nix/store/00s8a1232vhvgg7jdslifsnqzkl8wxj1-libdrm-2.4.134-bin
  /nix/store/pgl5pjs1ilg2i17ra1rk1cry1dlpb6kf-libdrm-2.4.134-bin
  /nix/store/7a3j4m4nmzn853lrxdggifh7v14jdz5i-libdrm-2.4.134-dev
  /nix/store/p3s3wkz0s0xkgxnrn7x99w1bl6hd8283-libdrm-2.4.134-dev
  /nix/store/hkcjm57hxc6fhcpz8jrjfg65lskq0r6l-libdv-1.0.0
  /nix/store/35bar4q02vg748d37z793hfi82jy521z-libdvbpsi-1.3.3
  /nix/store/pwfia096kkw1h472idvb1kh8y64d0df7-libdvdcss-1.5.0
  /nix/store/jpr8y0x8y3w94qrd3djaq0yhljplaib2-libdvdnav-6.1.1
  /nix/store/723q66ggi2ix7z42smh4ppddyk9xg4zd-libdvdread-7.0.1
  /nix/store/80mjplqqjnmjyfp5f1lw839jbvn024vj-libe-book-0.1.3
  /nix/store/qbjhwy5mvxrfxrd3l9ypcph8mgll9yba-libebml-1.4.5
  /nix/store/62fdvm45kyn1y4whrni7ga1dm38rwkgb-libebur128-1.2.6
  /nix/store/pjgiy8nwnmc874l7vhbdlwg195hp7iq1-libebur128-1.2.6
  /nix/store/4wvk0f9qq3kmk3qs9iz9lffdnzqdqi9i-libedit-20260508-3.1
  /nix/store/wc1z9b7r9q9cxf5cyw48v9kgcvs67cdq-libedit-20260508-3.1
  /nix/store/c81pzcpdb59rlql7dbzf8s1f0hfci5ya-libei-1.6.0
  /nix/store/kfnh089ilp2acq3iyrj2bcf7p0gij1j6-libepoxy-1.5.10
  /nix/store/9vvax647fg26lfwr2g3i8mkip6abbqs4-libepoxy-1.5.10-dev
  /nix/store/bby1jybmmxk61ifpa85g50mr3ic44dch-libepubgen-0.1.1
  /nix/store/8r48nfm4db3dsbnlnjr9ishfi4j8rbbn-liberation-fonts-2.1.5
  /nix/store/rc00xbb14q50v34fc8vf3jlip6ar0dk8-libetebase-0.5.8
  /nix/store/3r49w71827fq6ndfddz9mvy7slfj5gxj-libetonyek-0.1.13
  /nix/store/h9pdi3jg3y6s47kndl7v4421y9g3vs2n-libev-4.33
  /nix/store/hb0hj3g9q4j8krlvvkjhsjlp5zrylyli-libevdev-1.13.6
  /nix/store/lwbrl8hlsc6gi4y9ygmj7kijp0pc63k9-libevent-2.1.13
  /nix/store/mhd5j36zdk4wq73d2znv4axx8fyvd2w9-libevent-2.1.13
  /nix/store/zb5gvp0a016iciy5iv8bakm7apvvvxcw-libexif-0.6.26
  /nix/store/s1d7qhi5alrqm3mq9lrkmdh4kir5q3gf-libexttextcat-3.4.8
  /nix/store/4s4847j0vjxhzmr067285ih6krxpnmpm-libfakekey-0.3
  /nix/store/22vwa2aj3m475sv1ad7fw8969yh1sgv9-libfaketime-0.9.11
  /nix/store/whqzy8pc5i7v4lgwsbdqgnxyjnsazgxy-libfaketime-0.9.11-doc
  /nix/store/6yg4pxrz4361w9gzqgq1b2hf7dsircgy-libfaketime-0.9.11-man
  /nix/store/hfqxdia6336w9j5j9wqx8l6x3yhc9j0n-libffi-3.8.0
  /nix/store/wb232z007b8qynidq89lli8lb2c4q0r4-libffi-3.8.0
  /nix/store/ysxsfbvgz35w24g5c74604rhxvmia47v-libffi-3.8.0-dev
  /nix/store/915z561qxffmcvnk7lka6n0v2zv4viqm-libfido2-1.17.0
  /nix/store/vz1kbkl0178apj4q15l0j4pjgibgi5bv-libfido2-1.17.0
  /nix/store/g3w4j6clj2sn5s37c5syvw8r649wdx87-libfontenc-1.1.9
  /nix/store/9xs31k9m5xznhhss70dp14h7qg1x7c55-libfreeaptx-0.2.2
  /nix/store/r8kh6h6fp3wm7z793411fszq55qkh36p-libfreeaptx-0.2.2
  /nix/store/50fz9l5vcbbind9rk706l6h7j1196p99-libfreehand-0.1.3
  /nix/store/cqjg980nmrahhcgms05bc62fcyzrph5k-libfyaml-0.9.6
  /nix/store/cng9vzs70zdialjhagwa9xxq152vkm65-libgcrypt-1.12.2
  /nix/store/w586fxi0gfk0paax64yd8kgr05wy16dr-libgcrypt-1.12.2-bin
  /nix/store/5bsn066hs0wqx7iz8y0fixdqbmnhp3dr-libgcrypt-1.12.2-dev
  /nix/store/cjwz67skg8arh2pr151c95qacvqlr3fn-libgcrypt-1.12.2-lib
  /nix/store/fwzl4in6i7pj30zp0rz3mx90cl6vg4km-libgcrypt-1.12.2-lib
  /nix/store/g831cc8pfl01kfg07b34611ay1y3irxk-libgee-0.20.8
  /nix/store/3z56nw5h5sfvs35z2050ffr3dikzgfh9-libgeneral-90
  /nix/store/w8qv1h7z0irc6rc353jkyqfph8vch1np-libgit2-1.9.7-lib
  /nix/store/9fxihxc76p006kl70ias9d7piplcxs39-libglvnd-1.7.0
  /nix/store/rarvfpm927fcbd6b9p0crg09w9r3ywb3-libglvnd-1.7.0
  /nix/store/50bi46l3i6kd85fr9nvh08am5vdf93rl-libglvnd-1.7.0-dev
  /nix/store/knyasnbdxksxz6ilfygnrwa08m9n35m7-libglvnd-1.7.0-dev
  /nix/store/5i7dqrk1wpp0zy3x7g13xnmwnlbflcz2-libgpg-error-1.61
  /nix/store/xryrhsmmwrgdpqd5ic0fwkm64ghjmn4c-libgpg-error-1.61
  /nix/store/rwdsc63swd9g0k4srhvk7ha4pzp8f2qk-libgpg-error-1.61-dev
  /nix/store/z8fjmsmzy3nnra8jyxncaa4drckgfmac-libgphoto2-2.5.34
  /nix/store/a7fhf41448pk6rp09jv4890iwb6higak-libgravatar-26.08.0
  /nix/store/kkxhz41syyk4gdz37kjs7480ffgvjfsl-libgtop-2.41.3
  /nix/store/n85m9i06xz4hybyn7pj6z2q9hpr0908r-libgudev-238
  /nix/store/zr50fzan3s5ylrjzh1znvcbqz7j68brn-libgudev-238
  /nix/store/g36gd1p80akxiq2s7mf1gikjcrw33gg0-libgweather-4.6.0
  /nix/store/pkrbz2kk7g9xnbkyx8jfwz11xrk04idg-libheif-1.23.1
  /nix/store/xgpm5cvf6ff7z9fq81ygbp5s5i3dw59n-libheif-1.23.1-bin
  /nix/store/m54h92shhz1y9532z994f3sz02zr06fp-libheif-1.23.1-dev
  /nix/store/jvhqjkdpin2ddnxprvrqa9jzg7dqmg26-libheif-1.23.1-lib
  /nix/store/y7llycqq0c2g83bir7sbqc2970lzl9vp-libhwy-1.4.0
  /nix/store/90chas7ald42jrh43ankzb2n4lk7cp6j-libical-3.0.20
  /nix/store/hv8nn6byfzd75vdp2dnxw9wmjr84ckb9-libical-3.0.20
  /nix/store/4qgiw1ck8vifizpd6nigd4w4m6raw32n-libice-1.1.2
  /nix/store/v43d0sp8hdg0apjm5i0hrdrsladvvri8-libice-1.1.2-dev
  /nix/store/72fkb71g5nd858nqxmqxvjcfgd2whxxc-libid3tag-0.16.4
  /nix/store/i55vjwzlx2ammbymd8scsajr431ng9b7-libidn-1.44
  /nix/store/0j3g0xqjvy0a221c3bpfsvqibyw3hfx1-libidn-1.44-bin
  /nix/store/4zfxzqaq0yjfc8rxry0nq3b1rzvvl3s5-libidn2-2.3.8
  /nix/store/nga9d6m9iplygw3iqghk2g840nz7b0gy-libidn2-2.3.8
  /nix/store/z748aqzi90bajvybj7fbsxmrlxqbk89h-libidn2-2.3.8-bin
  /nix/store/7qik0z4lp55wzkply8xhpqys9hj4rcns-libidn2-2.3.8-dev
  /nix/store/dc2a075nhgc4yv6mhdr5gvf4rzr0pdmj-libiec61883-1.2.0
  /nix/store/di01rrhmw09fcyndf3mmvgn4rfxdcbjy-libiec61883-1.2.0
  /nix/store/zn1jsv5nk7c89cacwk6ffyda5ndm7da0-libimagequant-4.4.1
  /nix/store/m2aflrvmk7csak4lhixqk2b9n23grkla-libimobiledevice-1.4.0
  /nix/store/slqb676gdd8c965c4q72lr31qb2p1c90-libimobiledevice-1.4.0-dev
  /nix/store/8ic8hgf7nphaq9f52hv8yqd0yx0fgrlc-libimobiledevice-glue-1.3.2
  /nix/store/as5x50n1vny4350w7jmybc89p2g7dzv3-libimobiledevice-glue-1.3.2-dev
  /nix/store/y11wm3zhcvjav2vbav9p0ky99xa2wlyv-libinput-1.31.3
  /nix/store/6xavnr0dbm1y341ygwgxlwav31g4w8j9-libipt-2.2
  /nix/store/wnvwy4v7fhyhf6zl85idbvixdpsf33g0-libirecovery-1.3.1
  /nix/store/rw6fp3b7pxasqsi5ckji7w325aa99v69-libixion-0.20.0
  /nix/store/107511xv9ycg8wksjx36y4wywr8bm464-libjack2-1.9.22
  /nix/store/s76rxm885jhq6z39k0xcmz3afq8s949i-libjack2-1.9.22
  /nix/store/k2dbazlsl8h30xlxri1mfb7sz50bd3lv-libjcat-0.2.6
  /nix/store/hcd1f1bys0n9ncchz9j6qlz13drxwqc2-libjpeg-turbo-3.1.4.1
  /nix/store/nc95dy5ln9slqmw1s151mk30ks5f6na6-libjpeg-turbo-3.1.4.1
  /nix/store/7g0vbmal61bq8bw1vvrcjhrps94kikna-libjpeg-turbo-3.1.4.1-bin
  /nix/store/21np1b2yflzayldrsy3zp2gg5snhkgwz-libjpeg-turbo-3.1.4.1-dev
  /nix/store/4dw0m6g4z0dw6nmb61xl074q8m0agkhr-libjpeg-turbo-3.1.4.1-man
  /nix/store/9prflf4bwfhj2ig7b9kchjgpmknv4k34-libjxl-0.12.0
  /nix/store/kxmjcnfmlb737kw0fzxvqgzmbn41wzyz-libjxl-0.12.0-bin
  /nix/store/sf6nrx3xj1l6ablh09igrx6nhsj6d627-libjxl-0.12.0-dev
  /nix/store/23qf0yd70ymiv1daa205wfslrf4ah45k-libkate-0.4.3
  /nix/store/qmgdzkybl60v8im0bbmv6jwy5i30xxjk-libkdcraw-26.08.0
  /nix/store/70m3algharr2kg17f2khkpfx2z0phnkp-libkdcraw-26.08.0-dev
  /nix/store/0mygb8fhm8fg88pjhdcava8vwaw3s1hs-libkdepim-26.08.0
  /nix/store/d7lkj7l05s5dzy6kzmpvs7p9x52jp559-libkexiv2-26.08.0
  /nix/store/3fj66rgjjz793n0d5hn967z8ppk435c1-libkgapi-26.08.0
  /nix/store/n204gdjfkk4ikg2bmwxyf68z7hgb3cx9-libkleo-26.08.0
  /nix/store/33xn5f7b17rg5lhiva2nfrnxwfr4inrq-libksba-1.8.0
  /nix/store/ji34kqb7chkn260sb7y71q07x3f8izk5-libkscreen-6.7.4
  /nix/store/5yis4cy1d5z40hpvpzd339s3fa9ia9qq-libksysguard-6.7.4
  /nix/store/bjnpl5vg1j9ll2f3n5538vp6va3r2vck-liblangtag-0.6.8
  /nix/store/78c6jz65m670i5r5rpyn3iagg1lrvpfj-liblc3-1.1.3
  /nix/store/j4pp29jmxljm57r54mh8mkgvk5cbgbvs-liblc3-1.1.3
  /nix/store/lhmrs68ycmdyl8i82id1r0m1i6hakx8b-liblouis-3.38.0
  /nix/store/iyzjm8a70lfisbl00qchgfbgl3a2ylab-libm-0.2.16
  /nix/store/d12xnw4rji3rmkhp1gcxpv35kywacx2i-libmad-0.15.1b
  /nix/store/n72n1cxr6z1cfgry48f7jbca19w6qyci-libmad-0.15.1b
  /nix/store/17f8yrwmshddpkmgh1kq7w08gj0fm37y-libmanette-0.2.13
  /nix/store/w2b3j44dmr6ppqwpgg5l4qxvdl8lzpfp-libmatroska-1.7.1
  /nix/store/3fqxj9p6aczlf6c4qr97mxv7q9vpz6y1-libmbim-1.34.0
  /nix/store/3wscncnnn686dblqp0cy4zn2fndz6bdz-libmbim-1.34.0
  /nix/store/g4ygi5cq1f4dqjhydlvpyhjyvknjghkx-libmd-1.2.0
  /nix/store/x8z63pcwx5vs40i733agxhpaparb14k1-libmicrodns-0.2.0
  /nix/store/il0fks5h18ddws825l0b83115ifcn0vp-libmicrohttpd-1.0.6
  /nix/store/xzf8paaqy3f4i5w6pzh74ddhp7050vwq-libmicrohttpd-1.0.6
  /nix/store/gkx0dhchf87bsa90rnxglsrhcj9arca5-libmikmod-3.3.13
  /nix/store/9ld7c97lbjm4qb79lpw165xh9jpd8327-libmikmod-3.3.13-man
  /nix/store/kkm134nszqg5vnqygjp5f5vhxwm0zri4-libmng-2.0.3
  /nix/store/ps2lab24277jv6jkl0c5xdks8w9dpmmq-libmnl-1.0.5
  /nix/store/qmnwcgd4dp2ldnmwbkzcasjkqxg1d1l1-libmnl-1.0.5
  /nix/store/ksmn7kcfpp4cjd0h2h4r1zcmj6scr5kn-libmodplug-0.8.9.0
  /nix/store/88xi58z58l9gs1hvm0inpljv7kcjd7pz-libmpc-1.4.1
  /nix/store/nfmlcwrvmql5amfn72agbcd1xc9a5hwl-libmpc-1.4.1
  /nix/store/w693azhghf9k1lgdkh0fha6gbsjf9lan-libmpc-1.4.1
  /nix/store/3l65xz8bf6winplhwg362bj17rf96wzn-libmpeg2-0.5.1
  /nix/store/cwjpvn657yvh29wc8xam2ys8z1x64zqb-libmpg123-1.33.7
  /nix/store/hqg3mgy6dfflq8wq51h6ch1z5cbh21ip-libmpg123-1.33.7
  /nix/store/260ylvqxgqzxjvqlynljhw19nqnjy44c-libmpg123-1.33.7-man
  /nix/store/q5rgy298dw8zsbi2jmwny9rf5ih1lasv-libmtp-1.1.22
  /nix/store/pnl5s9wpxp7ck88vi61gm60pvhhlc11q-libmwaw-0.3.23
  /nix/store/v171avkvvnb2fmfhjkqkqpj11c3k6k2q-libmypaint-1.6.1
  /nix/store/csislvlwd4cy5rc6xlfc2vb0lb4nhj4l-libmypaint-1.6.1-dev
  /nix/store/189s5jxgggy8i5zjv9y2gl4kp89jwdp1-libmysofa-1.3.4
  /nix/store/xdnan3b1jakrvjn7fi4pinkw0j0ry0gx-libmysofa-1.3.4
  /nix/store/s9v2zqxz7bdx6bjpywq8y8mpa02amlsm-libnatpmp-20230423
  /nix/store/09344q7gpy3cnk2z2mcz8kh3z8icnrc0-libndctl-83
  /nix/store/8h5mc055vqmqjb7g3nac0i97p0aj5h2z-libndctl-83-man
  /nix/store/filalrnvgjvn238vgl9967dgpw5f3a9g-libndp-1.9
  /nix/store/ggb5gna36i9hq1ppr980f9ais36kan7y-libndp-1.9
  /nix/store/cpm9w2iqb92i6isb7c0xgc85p94rprqh-libnetfilter_conntrack-1.1.1
  /nix/store/lpd2ifkgr46iqm0b009ayfxygz1mf34m-libnetfilter_conntrack-1.1.1
  /nix/store/74fhwvdzihcnvzganpvj4pvcz9saqfkv-libnfnetlink-1.0.2
  /nix/store/fxnqhp2iqwfcg8bjwlans8ni0i7cgh1x-libnfnetlink-1.0.2
  /nix/store/cx57abw8ky62f1vwy50iphr3lk3mzflv-libnfs-6.0.2
  /nix/store/2m3rmxyzwsjwf107ahjwhwdf2j6sbd2s-libnftnl-1.3.1
  /nix/store/wqr4s3bk0mkyqx8f09yl3d5bi9n0kpir-libnftnl-1.3.1
  /nix/store/v8qangapwamggnv04sgaqcns2rnihx0b-libnice-0.1.23
  /nix/store/kfskrzkf6gr5ibn4zsgm97l4fkadzcvb-libnl-3.12.0
  /nix/store/xznxpbfhmyxcpmccbqggdr4myk1dxgg8-libnl-3.12.0
  /nix/store/ymzw4nwyzshzv4gq9w1m2x50qsf2wr3y-libnotify-0.8.8
  /nix/store/53ggb4f4khggljxdwlhz55y0f8qrhrf8-libnotify-0.8.8-man
  /nix/store/n7852h8s2rl93ky1p1b7glg9299rwjyy-libnvme-1.16.1
  /nix/store/r9cj0qb1cipwxsvh8q8mchml67ab6mgl-libodfgen-0.1.8
  /nix/store/933772hm2j5h0pxn191jg5m2kqmp1v57-libogg-1.3.6
  /nix/store/qx9z7az2y0gkipdchrph66g5k2mahf1a-libogg-1.3.6
  /nix/store/jjavbi9512yddamcczqp427s8z2lwwqa-libopenmpt-0.8.7
  /nix/store/q61h8g478wzk1r19wpsdb9vb8z2c8gcr-libopenmpt-0.8.7
  /nix/store/glg1hb10gh0cglphanapri4d22pwjiy2-libopus-1.6.1
  /nix/store/hsm2d9pyy2gy139hp7vy8kgb8vgs0v3a-libopus-1.6.1
  /nix/store/0j72prs9vasq5ll474yjf22pj9ry1j1f-libopus-1.6.1-dev
  /nix/store/7z0yg7iz5i6hmnv8dy26n8bslwvqs8y6-liborcus-0.21.0
  /nix/store/0xp61r8cx9xxknjh66hk05z6lvdfj6qv-libpaper-2.2.8
  /nix/store/dwb860r29hj493gi09j9fbwfgmp8l4cw-libpcap-1.10.6-lib
  /nix/store/qwp9al3cgy38lp2aljz9h7r9vli5wssy-libpcap-1.10.6-lib
  /nix/store/m6d6j05rk8qy4kxj7c0saxdga6f56mrw-libpciaccess-0.19
  /nix/store/qdz612hkm62xikmm4b4wkcj8pc7y9lm9-libpciaccess-0.19
  /nix/store/cfcmdswgphih5s6p056klvi2wc748w82-libpeas-2.2.1
  /nix/store/lnidka598a9lg2yfqn78qrxd4n3g2c17-libphonenumber-9.0.37
  /nix/store/n426cww7rqa9kd826lnhnq0gagac5icd-libpipeline-1.5.8
  /nix/store/5498g7vhd62bc9bbmcj9vfc7xhril53x-libplacebo-5.264.1
  /nix/store/ln1fn7rr2wc9vcc27f6dwrmxn20dwg3w-libplasma-6.7.4
  /nix/store/0fbn0y73qkkgnsg50yappvsgd2h00bp6-libplist-2.7.0
  /nix/store/6mdikpyzpxzfx8i5pci9msniwsw1swmr-libplist-2.7.0-bin
  /nix/store/s49lry3dcsvyzy6d6fj5z73s4rglsliw-libplist-2.7.0-dev
  /nix/store/6j1bxdzhhwg569fr99qxi0qwwjm681ar-libpng-1.2.59
  /nix/store/qjxqwv6rybngrcn2r28mkf8jp6z19c27-libpng-1.2.59-man
  /nix/store/sx51zim5g75d7s4b5bpni7l03pdlixvy-libpng-1.6.58
  /nix/store/bpfzyvls7gl0xqfm5xbplayq1v6iz329-libpng-apng-1.6.58
  /nix/store/d3f7r44z2px98z479jgf7qdwqn96jgf6-libpng-apng-1.6.58
  /nix/store/p8m024sxqwg7il6660zqgshrqpsvf43l-libpng-apng-1.6.58-dev
  /nix/store/33g1bl68zymyx99fabq8i095k2xyfqlb-libportal-gtk4-0.9.1
  /nix/store/biphdwp04a4m8l3ncq1hgif9046wc8rz-libppd-2.1.1
  /nix/store/25grr6lfqfvrv7dj1drs2g34diqyh11x-libpq-18.6
  /nix/store/0851pjzr4qsbnrllvpnx6bk4lq5qzd7s-libproxy-0.5.12
  /nix/store/3d81i4fzg63ry1f7j9653h2g7xnhcc4s-libproxy-0.5.12-dev
  /nix/store/9sqb9s6c5lk7fv72bzkdnwhsbq3k46rq-libpsl-0.21.5
  /nix/store/ks6ni13a1bnfi1bdj03nqvrhr842ww86-libpsl-0.21.5
  /nix/store/68wwfxabqc3z9ifrb44jxbkdlixm3n2n-libpsl-0.21.5-dev
  /nix/store/7akiaccqfnhs2s083w27rkq75mqvhx14-libpulseaudio-17.0
  /nix/store/f6d24l529dpahfyl534pv61laggcnbin-libpulseaudio-17.0
  /nix/store/c2y9024sd02bvy6a64lf0hvl8lsfvw1m-libpulseaudio-17.0-dev
  /nix/store/chl4rnhn7paa5p25iwxajdhlbnapw38f-libpwquality-1.4.5-lib
  /nix/store/nxj00npy8vi9cwiw8wzch8n1x7kgj3fv-libpwquality-1.4.5-lib
  /nix/store/34ha698hbfv2z2y181rwrxclbrbmz79r-libqaccessibilityclient-0.6.0
  /nix/store/r8jl4blig70xhn778ihckvrw5df9c3b6-libqalculate-5.12.0
  /nix/store/icir2yg71ibbh4qdk783w8ams8pg74sh-libqmi-1.38.0
  /nix/store/li33qh5yl3q6i70ksk38frzlqslfvjam-libqmi-1.38.0
  /nix/store/dngxlf7abfsk081grfd7rijv4l1vyx4x-libqrtr-glib-1.2.2
  /nix/store/y6xb6pwsxk2k8rl9mmqqw4c5w7l1g3za-libqrtr-glib-1.2.2
  /nix/store/f5gzhrx4s4x7waj1zy7mgz8rz2m4m65z-libraqm-0.11.0
  /nix/store/1xyv13yv8px00v1khhji21l1yf6pagwr-libraw-0.22.1
  /nix/store/nvgs9a3nc7a2lamz15x45a3x5ndp5fdl-libraw-0.22.1-dev
  /nix/store/2bsczpcjz7v1xm451zb53zf3rnyp2pz5-libraw-0.22.1-lib
  /nix/store/3hl9dlmhypqhn3ak4yks12mj5mgcs6dd-libraw1394-2.1.2
  /nix/store/8s4qblsy6kjgwwfkmwfzkr4fyynws0rf-libraw1394-2.1.2
  /nix/store/gl1qaff30dy8y881xhbyicbsw1smkb4v-libreelec-dvb-firmware-1.5.0-zstd
  /nix/store/idfg3a6pl48w5mwwni36z4gpigdb1yc8-libreoffice-26.2.5.2
  /nix/store/vfh0n62m989292b1h39blxr8w7sxmx26-libreoffice-26.2.5.2-wrapped
  /nix/store/wlp8yaqwrdm8vv70l1ky1c8bas2dhnqb-libressl-4.3.2
  /nix/store/1x9sdrbqwqp6pbjfskmzddsy5r86ib98-libressl-4.3.2-man
  /nix/store/gvqq470zhp6xavfxswqdzsbwjxyna3zv-libressl-4.3.2-nc
  /nix/store/j2dh7hz43qh2kqh9bl2bgjfyc8wiqsq9-librest-0.10.2
  /nix/store/yrvlygvynbx8nx1fcgppb4wrhbvpc1sp-librevenge-0.0.6
  /nix/store/14smz9lap3nd4shv8qd0djmrc0w15nn8-librist-0.2.11
  /nix/store/1rz4gi16b216qsanf4g0w5bh22wr17kf-librist-0.2.11
  /nix/store/ynkfnhpgkwrql2mhdkggpxj1yhpdhwc9-librsvg-2.62.3
  /nix/store/vzp4nqxlz1mls5rwn2mdsdc46bb15fnq-librsvg-2.62.3-dev
  /nix/store/8yqr45y80zzd2am1had6aid2za35fjsb-libsamplerate-0.2.2
  /nix/store/las75sa53bmhkvcxcrpm3sghbw780qr4-libsamplerate-0.2.2
  /nix/store/95rwp9dj3c6z4aplfh61apm786k5kxhw-libseccomp-2.6.1-lib
  /nix/store/xk4h3vx1z0449qnqia0cganwd5r75qx5-libseccomp-2.6.1-lib
  /nix/store/p7f71v8wdg2z6a1a74zwks1i6idpphdd-libsecret-0.21.7
  /nix/store/2b65inm8g8xl01h815xsp8dh726lx531-libselinux-3.10
  /nix/store/88rpjhka2v8d01frjnsl6chvlv9lnvjc-libselinux-3.10
  /nix/store/k2k5wmgnd29krggr02w167fja993ga9f-libselinux-3.10-bin
  /nix/store/8zsjfwdl9qzl97vk65j0klb6lvpl2xzi-libselinux-3.10-dev
  /nix/store/qqqpr5dvy9pv7rvdr9440lg2x464il8g-libsepol-3.11
  /nix/store/rz1dnf2kbbmaxh3sp1hq4vshxz9zx84s-libsepol-3.11-bin
  /nix/store/h256kwc9dgygs5ivjjdj227fvynk5kwv-libsepol-3.11-dev
  /nix/store/2v7l6qqyvkaz9krzsirg1hi63phllc4i-libshout-2.4.6
  /nix/store/517yyd4fjrfpq182jqihhpyz2iiyrmjv-libsigc++-2.12.1
  /nix/store/9p36kc74gcjcic5kw9vbk8awd156dsny-libsigc++-2.12.1
  /nix/store/4lxhrlw5hc7mpjrsm6kf6n2lw70k0zz6-libslirp-4.9.3
  /nix/store/5vghjl8c7nnm814slkizzf2nn94lx0r0-libsm-1.2.6
  /nix/store/8gs2rj4gzdhk9rz09xx9clqkmgm2r277-libsm-1.2.6-dev
  /nix/store/9ark5x4nmyg79l01qzxwnafrzs0zprhh-libsndfile-1.2.2
  /nix/store/nb5mhm8bq3wrqafywj6v5f6zyaxjz1i6-libsndfile-1.2.2
  /nix/store/rbc496f0h04ddix6b05ya4w5csms1a9v-libsodium-1.0.22-unstable-2026-07-31
  /nix/store/l9mf9scx79cnqg6xf9r8yjily48hfd64-libsoup-3.6.6
  /nix/store/4q27iqwc58inzr8f6hz73a3aksjimgvm-libsoup-3.6.6-dev
  /nix/store/a9lai13pds43rl8wr9gljwb4dbdykxwy-libspectre-0.2.12
  /nix/store/dkqw9bpjlxpy1nlavc4f5cfc7binsns2-libspelling-0.4.10
  /nix/store/97nvsy96l19xd30vasayd6yja1i2r6vj-libsrtp-2.8.0
  /nix/store/19rdrrg8krh1yy5xi93zl2knhhhw3av9-libssh-0.12.2
  /nix/store/vx42g6h05g29hynvgin1dfvbq7za5813-libssh-0.12.2
  /nix/store/9rfv6mh9irsg4bdmc6147lphzznasc6w-libssh2-1.11.1
  /nix/store/gma9myzpayr6lh7y0kagrlwvzsip4d82-libssh2-1.11.1
  /nix/store/mp4xhfghdxp0db0jf3k5iqack3ms3x9k-libssh2-1.11.1
  /nix/store/5r15jkp5jpxnpj20ss5ii1c3869flnl2-libssh2-1.11.1-dev
  /nix/store/9v3p6l602b3mifa57nv62sfzvba3fqlw-libssh2-1.11.1-dev
  /nix/store/vzl0v1iwm61dw3wrw22vq0dka6hl6xc2-libstartup-notification-0.12
  /nix/store/b3sqp90jknd01yjb5m3bvykmklkf63zg-libtasn1-4.21.0
  /nix/store/hz954b4dkbxmwl3vbisipn0ww9hqlyf4-libtasn1-4.21.0
  /nix/store/h2pdsv1da2p1mcw2lpvzcszw8mf41sx5-libtasn1-4.21.0-dev
  /nix/store/d6n9zg1ipb8f0iaa3fa5mzfiz3l4wq73-libtatsu-1.0.5
  /nix/store/l1fjl92acmmvcny3npkzg66gy5zmykw7-libthai-0.1.30
  /nix/store/sjqazkawzvwgxxnm8bv3pgrxn5hkfkiy-libthai-0.1.30
  /nix/store/ch71qs9y9qwjrvraz1hkhdm1zz2p65zp-libthai-0.1.30-dev
  /nix/store/2psikhxjwz1gls7ssgwacb9asv42z8p4-libtheora-1.2.0
  /nix/store/9dqk59cm38540jq8vmr95r250n4hlbs5-libtheora-1.2.0
  /nix/store/66fky3kgvwffycw067rb7yih282ibzzs-libtiff-4.7.2
  /nix/store/i108dzbkdjkiyskmb218mdk9r68071db-libtiff-4.7.2
  /nix/store/lmxwk264y51a47h1h5zk3phfsqqzw9cz-libtiff-4.7.2-bin
  /nix/store/8lyz7iilgz3a1jlg4qf02w0xizzmd52i-libtiff-4.7.2-dev
  /nix/store/v1dm9b0krbjpw67jbglzqbqh1kzgvzrl-libtiff-4.7.2-man
  /nix/store/mfgqf2g1mxa1yvx7hxmcdr8d3bkgmznh-libtiger-0.3.4
  /nix/store/88h0ysv35wypdawf6qxyjxqn6mdl9v1k-libtirpc-1.3.7
  /nix/store/pr135hsacjvsl79c2w8zyjyzp9p5kwwn-libtirpc-1.3.7-dev
  /nix/store/7645ix9bmf95gzhdf390pbifbzg13ba9-libtool-2.6.2-lib
  /nix/store/95ahwwbch6bndvbmw4yqridqa2zz4hpn-libtool-2.6.2-lib
  /nix/store/9kg53rdi54r7krlk9iwz6hplh75ppq5i-libtpms-0.10.2-unstable-2026-05-06
  /nix/store/zwkk7vw9x6p3xm0ni924b7wrma3qh4g7-libtpms-0.10.2-unstable-2026-05-06
  /nix/store/barj2i8nls3sjiq8k5717qcqvwgv05p9-libtpms-0.10.2-unstable-2026-05-06-dev
  /nix/store/s2d9r147h2nk8vg3has7q7dc8q6a3kaq-libtraceevent-1.9.0
  /nix/store/plv76w5cxxkghmp8k8fnqxxsqcyajn84-libtracefs-1.8.3
  /nix/store/fis0kqyyzfbdkf7cyxq8fvvx798paam5-libudev0-shim-1
  /nix/store/wl7krdx4kvbd0mmydwaxlbb9fb242cr7-libudev0-shim-1
  /nix/store/pkv3zyqndjswafixcjfpksn9xjvgs1jk-libunibreak-7.0
  /nix/store/liyrw55fds65na7i9nw7lsak7bkf1aw2-libunistring-1.4.2
  /nix/store/yh8rykx8wakl1ccn8rc351f6r2wbg4cn-libunistring-1.4.2
  /nix/store/78b1sj64b8df88ggsidvw04i5hzp6b5d-libunity-unstable-2021-02-01
  /nix/store/apqjl4162bpyx7j6v2l2rsma62q8dljx-libunwind-1.8.3
  /nix/store/rs6jz4k4897k9k2d159ibd5cz29p30n3-libunwind-1.8.3
  /nix/store/cyxqna29153mr9bynzadaxj450kqc8d1-libunwind-1.8.3-dev
  /nix/store/nq9qgw6zcmffslzq6slrma0i4snifjfd-libupnp-1.14.25
  /nix/store/sbna699bdaga9gsk48bnjfawglx4risf-liburcu-0.15.6
  /nix/store/8rybl2paw62y1mc5cxbilw07i11h9qmq-liburcu-0.15.6-dev
  /nix/store/8lb04y62al9sa08hhxhq410f85vpw83w-liburing-2.14
  /nix/store/6lxb0vhv7gxpdcdirbfmm75vi4idjjhq-libusb-1.0.30
  /nix/store/i27fczfw1fnl0631dcnxmadpwg4jxf52-libusb-1.0.30
  /nix/store/h225kg24wh6ag89276gih11gjxpdfb7f-libusb-1.0.30-dev
  /nix/store/9yndkqb4njmj87z36jmcq51y0iss3j77-libusb-compat-0.1.8
  /nix/store/0p4x1g1zbazmsybfgpvz5hciar3h8ncj-libusbmuxd-2.1.1
  /nix/store/r0cclgy286g5c2ifqrkddldhwyv8lbwv-libutempter-1.2.3
  /nix/store/0v449zgaarz80nplg943kwyisbra33vp-libuv-1.52.1
  /nix/store/gad0h928a545w1rmyiymvyc7z3qnqb33-libuv-1.52.1
  /nix/store/slqmqcgc0ynypknpjf1yzjviyqzvlikj-libuv-1.52.1-dev
  /nix/store/6bx68shkhjj08kl26aslrlnc9f21ma0h-libva-2.24.1
  /nix/store/mrhln7bvslh29fh93ajm418hq833qgxs-libva-2.24.1
  /nix/store/gf3hshq8xsk9h8xlq7ghvll83x3q3yll-libva-minimal-2.24.1
  /nix/store/vl60b97iqhaz91zik7y480razpgqjqsz-libva-minimal-2.24.1
  /nix/store/11ilpafpxyv798cwx7xfm537l94h1fa5-libvdpau-1.5
  /nix/store/4q2vyjrg1jz4dagqfwlr7wakjhzc2f47-libvdpau-1.5-dev
  /nix/store/1vjs5jngrp27qd6af8hj6q682im3r9b4-libvisio-0.1.11
  /nix/store/dmisbx7m3vgviz672bj1k112005s1fbr-libvlc-3.0.23-2
  /nix/store/lqb6b5v8h158dnsz3brd637hf029ymi8-libvmaf-3.0.0
  /nix/store/m6j4lwpmhrybcb3lb9rb6m9b29w1h86i-libvmaf-3.0.0
  /nix/store/qbrzmlrhfqlx68zkmlv8gb1bxv7ma6jb-libvmaf-3.0.0-dev
  /nix/store/8x7dfn68v3rn0v2hay1nwr0kbdb2j9si-libvncserver-0.9.15
  /nix/store/vdidr86s5l2i362pdiqfgjfbxknqrfrp-libvoikko-4.3.3
  /nix/store/29psc52rk4j8ssjkaskdcc2bhdj19l5m-libvorbis-1.3.7
  /nix/store/x0zsg00ivpzcy0drrhvd8nyasxilxm5y-libvorbis-1.3.7
  /nix/store/gns56lkvx4pnj3v4q1kcz6yfc2qzbi8z-libvpl-2.16.0
  /nix/store/a3k2migv1girv0rgxzwwx6xpjsm0mml0-libvpx-1.16.0
  /nix/store/r3i7mzw7ldf6wsic425ay23hqr6n76ds-libvpx-1.16.0
  /nix/store/n8r4i00bjw4h55jvwl2xbl6rvwjgx229-libvpx-1.16.0-bin
  /nix/store/1smdlb911ss75xkka15zw8w9pfm9zw6n-libvpx-1.16.0-dev
  /nix/store/3a0927whn6vf1z18bxard5yyzs0qwxm3-libwacom-2.19.1
  /nix/store/bwaay526pyr0wf3wksskivgxzriyrmld-libwebp-1.6.0
  /nix/store/dd1b6nsyiaix25q3qfhxxvvnmskqiy4s-libwebp-1.6.0
  /nix/store/nzfwilv52ldp9n09fwran7kw97a6rila-libwebp-1.6.0
  /nix/store/pjqs9cb5z9zhh7qc9kddwwcm4qv9gpp7-libwebp-1.6.0
  /nix/store/nqv9sxxy00bfna1psb5g73qsbkjpfcwc-libwnck-43.3
  /nix/store/y7chpz40a5iim9x4vhjbxwwb9hrfkb0f-libwpd-0.10.3
  /nix/store/0h8riyvkqg5ys84mn08rd0k3in1z2asy-libwpg-0.3.4
  /nix/store/81y57c18dcab62m5s4bh31x2r4ys9vsn-libwps-0.4.14
  /nix/store/3vlnkr6z7hh86rrn087df45s4cfjxy65-libx11-1.8.13
  /nix/store/va5n26aalrjyy25m1p521hb42lb6yfbw-libx11-1.8.13
  /nix/store/4sh8xds6acpkvb2f1dqh0jsgvgn5p2sy-libx11-1.8.13-dev
  /nix/store/fiz2kw3gwp4bifqibgr8nccfrim2dl4r-libx11-1.8.13-dev
  /nix/store/h3gy1k53gwpgigkvji9g4vibcrffp4s5-libx11-1.8.13-man
  /nix/store/qdzn5piljhvzcjwxkxfyi0bc0m215wdb-libxau-1.0.12
  /nix/store/vbr73a7yhmvzqz9w70ylv5n86ypnalyb-libxau-1.0.12
  /nix/store/m9n4kl4gv4qp5kyz334fqhk2p9qamljw-libxau-1.0.12-dev
  /nix/store/c0j5zryy6b66k4y4d1znr1zwzc76rwa2-libxaw-1.0.16
  /nix/store/w8pji0am6ifxz102b9q65fqp099ji833-libxaw-1.0.16-dev
  /nix/store/1656p0491x7abz8lh7y0hcrag5vg1r1f-libxcb-1.17.0
  /nix/store/j5ml0bwadkmxc6185ilixlw85ywagxgv-libxcb-1.17.0
  /nix/store/2a1sg1kxg0f5y4hvm020chzvivf01bzi-libxcb-1.17.0-dev
  /nix/store/b3wyx65651qsp5v73kiyljnv5hr4dgv3-libxcb-1.17.0-dev
  /nix/store/gvk6xckjnyaq0z6kwdidb09h0s4gypvq-libxcb-1.17.0-man
  /nix/store/86s6c4zgspcbynfnk72165n60q2034bq-libxcb-cursor-0.1.6
  /nix/store/dyvcnr2jhrxf3fhmvjxd53vwpi133gzv-libxcb-cursor-0.1.6-dev
  /nix/store/rsi3pffd842qr6xv0hsd1x555ig4l2r3-libxcb-image-0.4.1
  /nix/store/v5nzby7xf0kkbcliwa62fia9db1bp60d-libxcb-image-0.4.1-dev
  /nix/store/s1mwicfjdfh6965jca2jmmqvq212zqp2-libxcb-keysyms-0.4.1
  /nix/store/wj6zfk5xjqn27ix9n1adi23bkx4npg2z-libxcb-keysyms-0.4.1
  /nix/store/k1515h02lr6wganpqjw87h6hc5571kfx-libxcb-keysyms-0.4.1-dev
  /nix/store/b6gmajqfp9h9irj4vvmprm6dlzw8v7vh-libxcb-render-util-0.3.10
  /nix/store/py6rl8971w2f0qg9rahl7lapa577zg4k-libxcb-render-util-0.3.10-dev
  /nix/store/v27brh509lhmjc6s1x5zgqqj47dbqh5v-libxcb-util-0.4.1
  /nix/store/mjcfw0rh0qaq7x2hf9b3flg1wv2h3pdb-libxcb-util-0.4.1-dev
  /nix/store/29j9jlmdmlbfkv9v8mqd327f5nh8kh9w-libxcb-wm-0.4.2
  /nix/store/ippn7bi1byv6jymj9pqdq4ldgjpwgdd3-libxcb-wm-0.4.2-dev
  /nix/store/n9p41ljslm8qcpw26mwh9spw75bi0wsm-libxcomposite-0.4.7
  /nix/store/gl601sbj8md9f4gn59g43f4rg7fyh0b7-libxcomposite-0.4.7-dev
  /nix/store/izqqlg5smh7rykklg1v08r4v1w41pkbp-libxcrypt-4.5.2
  /nix/store/pfww4nv3wkgpyk1jvqqpz6ymxgj7cbbh-libxcrypt-4.5.2
  /nix/store/wsm8sjn6lmw1dhgdrjlwmmkxjj913hhk-libxcrypt-4.5.2
  /nix/store/rai3703bgm09s9cdkal4k814qx8arafq-libxcrypt-4.5.2-man
  /nix/store/y2vgygvzya9p9yq50r0cgfih67zr19v7-libxcrypt-4.5.2-man
  /nix/store/algvsjnffll23bmirbg4a6aycfavk609-libxcursor-1.2.3
  /nix/store/b3v2anf0jhzgapfpj5pc9z9x2jmk7l80-libxcursor-1.2.3-dev
  /nix/store/ldfisnhlg73ifcg9am3wphm1kiac59z1-libxcvt-0.1.3
  /nix/store/sgad4zxa77b97mmy5h5pllzwvjd8bm1l-libxdamage-1.1.7
  /nix/store/z8fiaf41l8zbhjsicvdgjilkqzycvlg4-libxdamage-1.1.7-dev
  /nix/store/gkb9jhxirg79jv66m4yc2pkvn5za9glm-libxdmcp-1.1.5
  /nix/store/khm0zidsy4w0gr1wi3w71r5d4v9xxcwc-libxdmcp-1.1.5
  /nix/store/1wi24m2ish3q0s676rsw3jz48s3mz799-libxdmcp-1.1.5-dev
  /nix/store/f4iyr8fdkxj88czkjvrvfwg7yikhy308-libxext-1.3.7
  /nix/store/m51xyp95w4gnhcbncz6xi0x5519m293i-libxext-1.3.7
  /nix/store/p7qxr05x9dzb0xxxss8iq73vaz8wjzwp-libxext-1.3.7-dev
  /nix/store/ph6dcglnyinfdh4fks2lqdz9raz1aj2j-libxext-1.3.7-man
  /nix/store/il6q87affml48hpa9scbl9d3klx50pi3-libxfce4ui-4.20.2
  /nix/store/l0zwzq7xx39r5f60ikrqsdq9jr4cxqaw-libxfce4util-4.20.1
  /nix/store/pcz1k7c896lyxp3kn96fa36zgrwf27mx-libxfce4windowing-4.20.7
  /nix/store/i4f1ydn42hii1y1sz1wx2pl6lkqyby1l-libxfixes-6.0.2
  /nix/store/l5d9crslb811ghcxn034xws4xng9qbbp-libxfixes-6.0.2
  /nix/store/xm0lc6hwnczyhm9y23gqdc4ixpzalxji-libxfixes-6.0.2-dev
  /nix/store/qn2i8h6wx6rwc1ckfa7fa0yl8n4yaqa6-libxfont_2-2.0.9
  /nix/store/79dlllqxhvah7h7q09240r5j21qrglr5-libxfont_2-2.0.9-dev
  /nix/store/l7iv7a77msbyr1rwbjwgpi38jvv0gmg4-libxft-2.3.9
  /nix/store/za163pxnk1r2n8rrajqby7qiv5ha38cb-libxft-2.3.9
  /nix/store/fd8hf26hs7hnpvdk4vrfynrc3y5mwvm4-libxft-2.3.9-dev
  /nix/store/kvg5r55y17ybrs2gccjbj4vdg9sp69ia-libxi-1.8.3
  /nix/store/xr6c4zvpm4gqnp337ia0n4ragnch5lnh-libxi-1.8.3
  /nix/store/gm8wkz37gxc0xiyf48k28c0n2a0bv0rs-libxi-1.8.3-dev
  /nix/store/r02pg46ikb26apjn75r8l3gb6psb3zzf-libxi-1.8.3-man
  /nix/store/fvjava8j30snn73swinnx10x8c6s8sy7-libxinerama-1.1.6
  /nix/store/b8ibmndpzni0idlfr1crb200y6rkvfby-libxinerama-1.1.6-dev
  /nix/store/yk95z4hjlzdk418px0fc797qszccfj5p-libxkbcommon-1.13.2
  /nix/store/1sqzajgcm7nk3knr8y2ygdxgsicrh72x-libxkbcommon-1.13.2-dev
  /nix/store/ha0ab0l6rllfv96qqw1p4f22nc3m069w-libxkbfile-1.2.0
  /nix/store/mc0jkdyg55n1jm3673sxms8x4l2g76rv-libxkbfile-1.2.0-dev
  /nix/store/f0l60jfymr8rw057hg0ghjl1ans1m55k-libxml++-3.2.5
  /nix/store/gkdgwbwlbj6qm4qy59hdywaziw1kysgi-libxml++-3.2.5
  /nix/store/00hqwrfhrg6b9p7sli7v56rshnh9jv42-libxml2-2.15.3
  /nix/store/884z1c8yrvb3rlg6xzakz14gnls7kcl3-libxml2-2.15.3
  /nix/store/9g3536ribbggd4swm4bwk8sknsddfl3j-libxml2-2.15.3
  /nix/store/3zfzpl3w8qqjkcq23jjml4wl6v0hcq2i-libxml2-2.15.3-bin
  /nix/store/6xp8y3aclw6m89sy7r12sf6l98s2di0m-libxml2-2.15.3-bin
  /nix/store/nz72vfqajnpi13xn1nqciwg31zzisdmr-libxml2-2.15.3-bin
  /nix/store/dr8a0ymg94br9ywajlvq92s3nfjvpv45-libxml2-2.15.3-dev
  /nix/store/swwhis5h3l1axrl7hxwl3s367d79awmj-libxml2-2.15.3-dev
  /nix/store/sz5fyx66w8jhf7v7zgkgyfcsmvw9f1z0-libxml2-2.15.3-dev
  /nix/store/hhm49y9lwj30wfg0yjx4qj5ics5r9j03-libxml2-2.15.3-py
  /nix/store/d5syjyiha8f1zpmdfnd8lhsn5xm7cvn7-libxmlb-0.3.27-lib
  /nix/store/m6l52d6r365pjajwyvww4vgzamzzrmb7-libxmp-4.7.2
  /nix/store/5h0jhc111r4473s47r6jci7p88jz71c4-libxmu-1.3.1
  /nix/store/hrpz3flmc3ff4xb689w4hwclrysqnw5y-libxmu-1.3.1-dev
  /nix/store/jbidd86s8jrbdqq774sjylyvvzbz4i6r-libxpm-3.5.19
  /nix/store/d8fxih6cs0y0q51mw7xjfni53s6vsds7-libxpm-3.5.19-bin
  /nix/store/cb8j7z57s1flq1b6s5gfn7gcfl1zdc8y-libxpm-3.5.19-dev
  /nix/store/p7gyblfrnsav1q3bq7lvs256iy1i9xgf-libxpresent-1.0.2
  /nix/store/brnrjgj9dqvhp6f2spmh75j1c2j881lx-libxrandr-1.5.5
  /nix/store/jvmx7p97pjyz4a67001lg9yhk0g7qbfm-libxrandr-1.5.5
  /nix/store/h0i1gqjmnwb06h30sdpr62vk2mcvsixy-libxrandr-1.5.5-dev
  /nix/store/4sscgqyy19bs0vaig7wgvs7s2k6rgmwj-libxrender-0.9.12
  /nix/store/avkwd1sfvr31c5ffd06qj0grvyp9pb2w-libxrender-0.9.12
  /nix/store/0p5nsfpza8g92hnrmrm1rqvm25l1mlgv-libxrender-0.9.12-dev
  /nix/store/0wxj93ik27rwmyvq0x4wyndi26k76s1g-libxres-1.2.3
  /nix/store/r1bi2mshz08q1b36qr7njm7wkvnrc5xy-libxres-1.2.3-dev
  /nix/store/d0z7d2gfad9hdcvvz4wz5y3606ryn5bf-libxscrnsaver-1.2.5
  /nix/store/qlagp5jfymn4mnmqq938cyc4fwcwim7z-libxshmfence-1.3.3
  /nix/store/w7rxxm0w42cs497ix1iswv2ni7bl9gp6-libxshmfence-1.3.3
  /nix/store/qhw3400rrgalqgpa8ilc47sn38ml2jk1-libxshmfence-1.3.3-dev
  /nix/store/3hm7lwjcxgbxwxa32w4fk5jsfrhm73gv-libxslt-1.1.45
  /nix/store/ih1whapqp1igg5swcmzbgzwlwn2wbasc-libxslt-1.1.45
  /nix/store/0jrp9a520ilv70farhigd5sg29y482s6-libxslt-1.1.45-bin
  /nix/store/fgh9pszz8jyrv268vigvjlx15mqvki6i-libxslt-1.1.45-bin
  /nix/store/a7h92qafdc8b7rxzfcl2mybd0220y32q-libxslt-1.1.45-dev
  /nix/store/sss1b56wpf72z6w63r6avmkmc57sysly-libxslt-1.1.45-dev
  /nix/store/a6pb4ad3wfjvh68f1v3yimh6fa096qfd-libxt-1.3.1
  /nix/store/3r8h670yw6wqwhp0kj30ra741a9bhgbm-libxt-1.3.1-dev
  /nix/store/jv19nlbi3pqh7kcfxxq3kqpcfslw5jzq-libxtst-1.2.5
  /nix/store/1k14khr2kh0wh6fklwgrvhk6qnzkz2wx-libxv-1.0.13
  /nix/store/mfxphv01pa5z87hpk0vzp18sna7l46mw-libxv-1.0.13
  /nix/store/vhff1x5abri98biy1h54ylnh47d6lqsm-libxv-1.0.13-dev
  /nix/store/4f07r5ilijmgd6r06l90zfz19c34rghv-libxxf86dga-1.1.7
  /nix/store/s679b3psi529i9j17ph7rpcga5azdid7-libxxf86vm-1.1.7
  /nix/store/vm8lb2zw65vzfpx92ydd0kfqczndv0gr-libxxf86vm-1.1.7
  /nix/store/aavp82hjlh9951ndxv022g5xdg9p87s2-libxxf86vm-1.1.7-dev
  /nix/store/8dgcvfhlnznavzm2mq60niypbsz7k4ds-libyaml-0.2.5
  /nix/store/r00l9hf8pvxc4yn3i624f99qyx3vsa9f-libyaml-0.2.5
  /nix/store/gc2ykkv2mlam4d3jyla0j69ccz24b1zy-libyuv-1908
  /nix/store/z7s13cdlyvxz36r8fjgdhq9cxgc1b876-libyuv-1908
  /nix/store/jj4rbrkapbv6kp3vrw4v1g12dqvk3xk7-libz-1.2.8.2025.03.07
  /nix/store/28jfxqfaxg3529ffjs09bz28da0cyxlp-libzip-1.11.4
  /nix/store/by4ybhw1394j2rg921cffhcf7s4mw5gz-libzip-1.11.4
  /nix/store/fsl3fsmqm64i0ja1yhidwsqb7gyslmzg-libzmf-0.0.2
  /nix/store/mwg8lfm27v3dgmb78pmv649xa11q1937-lidEvent.sh
  /nix/store/bz82jv0jj1pzq5ddyffpnc4y5rqmmgsy-lilv-0.28.0
  /nix/store/sh59pvxkcrm40p3xz2r0bj59fg60ncf2-lilv-0.28.0
  /nix/store/ahxa70qjayb2bcjfi14jzpy8gbwfmr5s-limine-12.6.0
  /nix/store/sh2hzx697dh86kwh534n80k315dshdjm-linux-7.2
  /nix/store/xdy2v1jbbcspljqgmvl6c6znf8acy2s7-linux-7.2-modules
  /nix/store/4jp4251sva17in4rhjzw560p7xdsnlb3-linux-firmware-20260810-zstd
  /nix/store/0v22r6v3vqqbwg19dkh92xvyqgj5ni2b-linux-headers-7.1
  /nix/store/43bqa1zvlqdsragx5mx3igwvs2m3qvd3-linux-headers-7.1
  /nix/store/nk23cc1h6fkmcaw15pfcr5wf58a8pwj3-linux-headers-7.1
  /nix/store/dm8zcid3nc725nwwqsxalnbi0ix5llal-linux-headers-static-7.1
  /nix/store/4kbrlvx39mdp211sr2ql62s0hwwd3p0i-linux-pam-1.7.2
  /nix/store/m7v9cqyhncd3gbp548cnxm4b2acig3ng-linux-pam-1.7.2
  /nix/store/hdbdbxiqblkba8n6rsx73kbiq18hb7vr-linux-pam-1.7.2-doc
  /nix/store/vaj23013955s5kqrqhgckl06r63d55a1-linux-pam-1.7.2-man
  /nix/store/na7b5ghlsxadm5h3jzmdwpailfizvwq3-linux-raw-sys-0.11.0
  /nix/store/6y8sffvk7xnywha37wzrwjfh33liw3qq-litemap-0.8.1
  /nix/store/jprmcs0a4d6nnnlkjpgskywdircczzhp-live555-2026.01.12
  /nix/store/l599aiq60bnaxl5xh0c6v7dr6rzmg712-lksctp-tools-1.0.21
  /nix/store/62v5xr80ic15hlc0gnn83c4nclar5w4d-llhttp-9.4.3
  /nix/store/sww7zcq75d86cak1l9f0xdwfv91hib2j-llhttp-9.4.3-dev
  /nix/store/fs6ingdw7raizv9byqk5cl4nvh8f40w4-llvm-21.1.8-lib
  /nix/store/r45xg3r058y59yyy3mxirj95apnv46nk-llvm-21.1.8-lib
  /nix/store/cikvzlqhg7p3kv6kz0jby29ivj4pkzm1-lm-sensors-3.6.2
  /nix/store/n4hapkgxwv4rfs0ar9zjkl9i8cf39cnb-lm-sensors-3.6.2
  /nix/store/119yw9yl7q05dak7z12d7ax80ydfsy53-lm-sensors-3.6.2-bin
  /nix/store/y8n88p00ky78fb9lvw1lb302yh01r83k-lm-sensors-3.6.2-doc
  /nix/store/b738q5ngf889nssban4khw0qrqy98wmp-lm-sensors-3.6.2-man
  /nix/store/y2qlxwlpl9kgq7k45s32ysj8285lfhfa-lmdb-0.9.36
  /nix/store/3jjhhxgr36jka5vpcyw69gdk14vh5h9z-lndir-1.0.5
  /nix/store/49d600qd0cy61pwswvlcmv9rzk26s1m5-lndir-1.0.5
  /nix/store/7bf9z5bjd3755bsf6r33b6lz4147nnx5-lock_api-0.4.14
  /nix/store/841xza4flxgmfpf6zq5v5xz3c4ax6vza-log-0.4.29
  /nix/store/c09786v8w50dhg1i0vjyhf8bf5fy56a3-logrotate-3.22.0
  /nix/store/1134q6asayx8a7ka7fga0vhj7k3a4286-lowdown-3.0.1-lib
  /nix/store/d22ixij9byl1pbpq7ax4b684shhbvknp-lp_solve-5.5.2.14
  /nix/store/v6j5v429gvm6ih91mynqkll0mn2klfnf-lrdf-0.6.1
  /nix/store/wd0cvy1z6a4jcw1ay81nff0lpwbqabxv-lru-0.12.5
  /nix/store/6jnvn1grrjx7b9nbcjvv0lkfyk110cvr-lru-slab-0.1.2
  /nix/store/k98v9cx7hqhpdq33rigcd6srv6q5mbn3-lshw-02.20
  /nix/store/zhzdsqi4pw32zznkb1ry931zarphjfxb-lsof-4.99.7
  /nix/store/mgdg76mcpha6hb8hcqdwq0d6lhcclacz-lttng-ust-2.15.1
  /nix/store/pkkdpkl24l6k75lwg3w6j2651xmj3ajm-lttng-ust-2.15.1
  /nix/store/rv4gmavmzszwnnh5ixbw982qfgyjq7w1-lttng-ust-2.15.1-bin
  /nix/store/8y9pvax8pgxcbrfifg9xi70qyidmh9hm-lttng-ust-2.15.1-dev
  /nix/store/6kl12gd6jhfkqxliswysw0p1rlbmygrm-lua-5.1.5
  /nix/store/yldkz6gq4z12sx8vr0ysrkj0vpvydyrf-lua-5.1.5-env
  /nix/store/lw9f3zbjp6v6nf7h6y2bwk3psyfsmgpr-lua-5.2.4
  /nix/store/haz6abmiclbh3azv6pgf5siapvy0hwpp-lua-5.4.7
  /nix/store/fhr5kimjjcy0licwsxc75v0fswv0vz02-lua5.1-lgi-0.9.2-1
  /nix/store/x53la7l94pyqlwmq7mdp740v70ahpj8j-luajit-2.1.1785763465
  /nix/store/z5ad1812akylf7qp8r5fqkpkmmd4dnn1-lvm2-2.03.41
  /nix/store/8mp0xiih5jm3ghqyggkp4dz7gzhf7hpf-lvm2-2.03.41-bin
  /nix/store/x6vjysjb1djhm1k3qpm3aga91sp5glsv-lvm2-2.03.41-dev
  /nix/store/9j9c2j5bbwbzgvdlrsphcfw4r4pd6hng-lvm2-2.03.41-lib
  /nix/store/rqb3fxfd9z37aa9ns6930w2i3wl8n0by-lvm2-2.03.41-lib
  /nix/store/ipjin35dq1kaw3k13k9afyjz3gg8hadv-lvm2-2.03.41-man
  /nix/store/0v8n3px8kby6qy5p20l0zhngng85z3rk-lvm2-2.03.41-scripts
  /nix/store/23q1ns1s025b401ixc1fz89rfpf2a2c6-lz4-1.10.0-lib
  /nix/store/yn0dhqci1lcyzp4d950xhjhl6ygr730w-lz4-1.10.0-lib
  /nix/store/jm7j05gjxjrrj5b3mzx0l3mhgv3lh4pf-lz4_flex-0.11.5
  /nix/store/jbkhywh4qxkiybv8bkdvk3jkxs7ldq2v-lzo-2.10
  /nix/store/rfc4532vl951yraz9dwcj1lahpm7r6sk-lzo-2.10
  /nix/store/h6q94p1jw42irzqybm1049fmxakh8701-mailcap-2.1.54
  /nix/store/mwqazkayvf7p9spi9v7kp0j4cglm8kcv-mailcap-2.1.54
  /nix/store/vpxyai0s0avsdf4y2hdy4ixq89cb2nj3-make-binary-wrapper-hook
  /nix/store/ywyqi4h30wm9casy2nsm7lj86292z1ak-make-binary-wrapper-hook
  /nix/store/g1apf1w4c4av9jd8rqmwnk3j53b8i5rr-make-initrd-ng-0.1.0
  /nix/store/g8pdxn0bsq5wlicjm7kf2slxj4mvw99n-make-shell-wrapper-hook
  /nix/store/zr232f8gkvmb2fc5dj0jxf4l76q4md90-make-shell-wrapper-hook
  /nix/store/ls2iprf8yw96hyh4ashn3mk4dsyzakva-makeself-2.7.1
  /nix/store/pc23hswx302j40yvajz1r9h9zaf22zvd-malcontent-0.13.1-lib
  /nix/store/vn80zn8p2x5dzqbnrkvcbxhjrp7ls4gq-man-db-2.13.1
  /nix/store/0dsfh486g28iwr0cql2xqnzszcf43y1j-man-db-2.13.1-doc
  /nix/store/lqjarzgi1brcshaha16fmw738256xi6d-mariadb-connector-c-3.3.5
  /nix/store/0mavkaa3gqfad4wa8a8f92qcdq15bva4-mariadb-connector-odbc-3.2.6
  /nix/store/sfxasdjp9zlvmxn1h1mxl0ax7wlcc7l1-mariadb-server-11.4.12
  /nix/store/ihsp67rpzdmjnrbkl0cgmjb0qdmlclp3-mark-for-cudatoolkit-root-hook
  /nix/store/hpsrscph1hy6n30rwid22pilid5mvd11-mate-desktop-1.28.2
  /nix/store/36xz77k7c683jb82kaikxhrqryap3dr9-maybe-uninit-2.0.0
  /nix/store/6jbbkllbpl13ybk9c0lh8i4miw5pahv3-mbedtls-3.6.7
  /nix/store/w2mfza170gxg7li7sc3myg2r94y1j8z5-mbedtls-3.6.7
  /nix/store/5rnr68rav6jjic7pmvnq1g8rsha6vwdb-mbrola-3.3-unstable-2024-01-29
  /nix/store/cwkzvcir3s2wrkwjfan10h14ppzycnpy-mbrola-bin-3.3-unstable-2024-01-29
  /nix/store/9sdik65lmjyw2jn9lf5abqlnx6fmy4p1-mcpelauncher-client-1.7.6-qt6
  /nix/store/w0z7gsa776b0jknkddq8bhyg0mg68m2n-mcpelauncher-ui-qt-1.7.6-qt6
  /nix/store/aacslgp07wabg8xk4h13xciw7fdg1ms3-mcpp-2.7.2.3
  /nix/store/b69i5r3hq6nsyphidhqkm6ljs0vxrmw5-md4c-0.5.3
  /nix/store/cfrkg8g90b6kcyxglv0sha5z2kdc7997-md4c-0.5.3-dev
  /nix/store/8zaffhy64p5c8cavbr1ck632cljrrykh-md4c-0.5.3-lib
  /nix/store/wq11rbppzycls72pj6h12l3bc4qqa97f-mdadm-4.6
  /nix/store/3dnf9xkga7svj72zrm6ydl5p3rg9diwq-measure_time-0.9.0
  /nix/store/36jzzj06z3gm3dpwabkbxqg04r0hay45-media-player-info-26
  /nix/store/lp0myzzbdw4qk9j7v63vsbgd6dws4mh0-memchr-2.8.0
  /nix/store/mm30jbma12zvx4p1rpn8kkxs05j53s1j-memmap2-0.9.9
  /nix/store/wddsjj6s37832il3rib280in7h88xiq1-memoffset-0.6.5
  /nix/store/6nzg7wmjhqqp5v1livymw1fnqgsvwbjv-memoffset-0.9.1
  /nix/store/3dqvxypm3askr8pphhwnh9y3gisrlizi-menulibre-2.4.0
  /nix/store/l6b71h7n2rz3saykclmwm60rvqbmm36j-merve-1.2.2
  /nix/store/9v9ph9yi18b8s4wg1rr17rc7mh4hzmhh-mesa-26.2.1
  /nix/store/v5c40hysv678q0yjwvdi0q97rdmxr9r4-mesa-26.2.1
  /nix/store/pk8i6h0a3c6hj4z3nh040r4p06zvcckr-mesa-demos-9.0.0
  /nix/store/9rgfi8zwzi7wdsvl4vkn0ii2lm2gd4iy-mesa-gl-headers-25.1.0
  /nix/store/469wj5nrii7pjwjszs5ihrwl6v9mi905-mesa-libgbm-26.1.3
  /nix/store/7r6rbqyi0pqzyjps1yfg6s3k56mpli1k-mesa-libgbm-26.1.3
  /nix/store/azf6s3lpx8f53si93y8135mpyykjj72b-meson-1.10.2
  /nix/store/ipp4wbkhjn0v1gjzn0zjkdlqlr634his-meson-1.10.2
  /nix/store/q52jpv7kw87w84gwbmv44w0bq5rsz1mj-messagelib-26.08.0
  /nix/store/w8my219lz85m26y5zrw71r93ls6xdifl-milou-6.7.4
  /nix/store/wja92si0psgakc53msqb9zdmx26wdckf-mime-0.3.17
  /nix/store/m0i003i92kxn0msmvhsp8wyqil7znawq-minecraftia-1.0
  /nix/store/jawc6xnawyn43nn381g62v738r8dll29-minimal-lexical-0.2.1
  /nix/store/94135ibass3zyl272xxrziybijvzpbvb-miniupnpc-2.3.3
  /nix/store/2xi4blap83p34y753a0hnxl3qjwx2c6l-minizip-1.3.2
  /nix/store/kg1sd2wi4assljvy6pp47304vnqjigcv-minizip-ng-4.2.2
  /nix/store/9v1cczqn8z36h92vg4800bs5ymmabhvw-mio-1.1.1
  /nix/store/5p6z3s8k8gflc7a6jrhy31ffvk4krs4q-mirrors-list
  /nix/store/cpcrmmh7zr40zz45v8rjm42j4rpsd51a-mjpegtools-2.2.1-lib
  /nix/store/94vdxmwxmmnxvbg6hsxsk221wqz5064w-mkfontscale-1.2.4
  /nix/store/2ywzspzaw0zp1xilawyphw6pk049ai4s-mkpasswd-5.6.6
  /nix/store/9vsp0ax73jz0zwl5rlvj58k5d7plkrs5-mkpasswd-5.6.6-man
  /nix/store/1d55iyja71qlm4v7mswk03ds007dvim4-mlt-7.40.0
  /nix/store/gakgwmhfw6wn8ld8akwf1ay9554kcz2d-mlt-7.40.0-dev
  /nix/store/mcxds9k6jz15xv2xsplq9ri0axsyg6wz-mobile-broadband-provider-info-20240407
  /nix/store/pm7h6ysvcrkb0cx67nfjcc0kvgwyljvm-mobile-broadband-provider-info-20240407
  /nix/store/2ks6rqc6zdj50rszlkw3g8zhjxqpc3i6-moby-29.7.2
  /nix/store/97lw5bk7bmqkf3f98n9qa5xrhz20i6bs-modemmanager-1.24.2
  /nix/store/nhsrpbakhmswx0ykmkxj8q0ykm2ifjlh-modemmanager-1.24.2
  /nix/store/lsm8a1arhiw2m8nf6xb5jvbnlj1vh6cb-modemmanager-qt-6.29.0
  /nix/store/g6lbp0rlw7r2hpc6fr6db3l54958ww04-moreutils
  /nix/store/6p0w21y60l65cbfadzdck0zi78bvgfd5-moreutils-0.70
  /nix/store/qmgw09223w8krfdgcwjzkw14szyx1yfp-mosh-1.4.0
  /nix/store/s5fgii19gxrf4pjzni1b2ipfh66giq4y-movit-1.7.2
  /nix/store/217wr6zsyp3hkrvsrl5h4d7yphdm4wir-mpdecimal-4.0.1
  /nix/store/7p1521ifrw85y37srj8ldx3dhwmlaknn-mpdecimal-4.0.1
  /nix/store/b9ksw15df0bm2rxzjdi1lrdhz54gsmsl-mpfr-4.2.2
  /nix/store/rflci23bs1jf1jgrbhrlivcwiff72qsg-mpfr-4.2.2
  /nix/store/zq9jhxwbvabh0z0izpnw4i50bvhpmkxk-mpfr-4.2.2
  /nix/store/f57zvk2hy1687iijxn6x3d15m2f46igz-mpg123-1.33.7
  /nix/store/q2vi04vavsbxm4scm17bahnly5rxjglb-mpg123-1.33.7
  /nix/store/pzzhfsqwm0y9l32b62gfbsk6sr1xh27q-mtdev-1.1.7
  /nix/store/b16b4gznnn94vqk9vz5l54h1fnxxljqv-mtools-4.0.49
  /nix/store/hsz1aj9zz43k7cvdxswp8rl742ph4vqx-mtools-4.0.49-info
  /nix/store/nirp3l61hwyfp786cim8961j8bibscs9-mtools-4.0.49-man
  /nix/store/ingykslli72ms6mnzm8a5add2vnpipn9-multipath-tools-0.14.3
  /nix/store/l3j5xxhybqlz68s208lcp2kzf1f9bbph-mupdf-1.27.2
  /nix/store/1pp4mzz80wrw0b611swrjzg1rniq1i2h-mupdf-1.27.2-bin
  /nix/store/yd3n0kk137laypmkv3vkxxldjdk5qi82-murmurhash32-0.3.1
  /nix/store/84hjvlawb77gmww63dx9d1njfia52gk1-musl-static-x86_64-unknown-linux-musl-1.2.6
  /nix/store/9l7h3mziafckk98fhdz84z3pv7sz8szk-musl-static-x86_64-unknown-linux-musl-1.2.6-bin
  /nix/store/rz18a4sl6ibxilx7da88hh27rvz7g668-musl-static-x86_64-unknown-linux-musl-1.2.6-dev
  /nix/store/9g0wsxyhwf9q8zf82ryfqnja1lplpiql-mythes-1.2.4
  /nix/store/j7a5j5ms93apzcpvan90aqnfcrc0zv14-nano-9.2
  /nix/store/1v6sxqpahffxfasdg7fanrb2cfqrs6s5-nano-9.2-doc
  /nix/store/g4jrkinpf8xlf2yg5a9g9jknbazbpivd-nano-9.2-info
  /nix/store/5nfwy1ja39kf16qybm3qpf8v6l6c1dh0-nano-9.2-man
  /nix/store/ra3h8x9y8hvml7hj0lf36qcz2rwkqwjh-nbytes-0.1.4
  /nix/store/sj6zcv2b1g6a4333mf79xq3129k91qjf-ncompress-5.0
  /nix/store/qmdvrj4smxqwaw4sj5vxb6i8fxadfnmp-ncurses-6.6
  /nix/store/zz125vwahb637g5ckl046ll8fcqmc8pk-ncurses-6.6
  /nix/store/wqqcaj37fsa7bxrkh9l2my04lfwhw415-ncurses-6.6-dev
  /nix/store/f6yh7qhkhgzjfj91ydv6irak4ciralqq-ncurses-6.6-man
  /nix/store/5vkg3g48mdvdmmhdkns0mxlyh1jw9x9d-neon-0.37.1
  /nix/store/4d9zq78camwmgarazsr36001wbkfvj76-net-tools-2.10
  /nix/store/4xxc7cldibnlw5496qg5d45i0nmxyz11-nettle-3.10.2
  /nix/store/qxp4bpaawg497jggm5arlsqfrja8cqmg-nettle-3.10.2
  /nix/store/6qz6q8j2r2cirh33f67mpdsxnqf8d680-networkmanager-1.58.0
  /nix/store/83d48n57j3mg2a9x7wdafy8i25k6x6j2-networkmanager-1.58.0
  /nix/store/05f3lblm8ln8ji5ackhgza25i69f9wlp-networkmanager-1.58.0-doc
  /nix/store/5x47m20j2kqsdiizl4l5j6lsxymlcb93-networkmanager-1.58.0-man
  /nix/store/hv66sh6gfz9v32hriiigs321gc7fxxhq-networkmanager-1.58.0-man
  /nix/store/dlhavsppxmp5kz66lyip2zaznwxrr6zs-networkmanager-qt-6.29.0
  /nix/store/cig7jd5kf53kqb4n0p4d7aryiwq81qaf-newt-0.52.24
  /nix/store/v2cay630nrb5v1wblgwp1sfd81nwjy5z-newt-0.52.24
  /nix/store/4xgcl4ddyx6pzfhyysccldmj1lfcas0g-nfs-utils-2.9.2
  /nix/store/bgxzalixbi9qvp2sqkf225flcx9x1v5j-nfs-utils-2.9.2-lib
  /nix/store/6nf45s5zbvz14sjifq5jvfnmw747qzsy-nftables-1.1.6
  /nix/store/x73k4jdddvs3xpjk4l93lbcdamhb4hqr-nftables-1.1.6
  /nix/store/721iq51ypzyll8p3lgrgf7fjqbq2w101-nghttp2-1.70.0
  /nix/store/whwwhcl6nixf5vixjwxsrn7fgrs40lvh-nghttp2-1.70.0
  /nix/store/13av26aw2dvxngh031pyj2b3hd609bq8-nghttp2-1.70.0-dev
  /nix/store/j32dfnpwz3accxw3pxg4rzwyxr7wsvix-nghttp2-1.70.0-dev
  /nix/store/d4wj0svs73h1p0726a7k3vi4vkic8qb5-nghttp2-1.70.0-lib
  /nix/store/li9z4mas2g83iszygxq6vznsk8w72crz-nghttp2-1.70.0-lib
  /nix/store/llg0xxyy8sbsm09hlf21f6cj85r7jx3a-nghttp2-1.70.0-lib
  /nix/store/9pbg42xlmm0zpz0nh1d3y6k1s7jj88a7-nghttp3-1.16.0
  /nix/store/xmrzhcfqg1vzwsvgm1dk9dq5fl64rlck-nghttp3-1.16.0
  /nix/store/vc0hlhxb181d9kh8c6bqsa41cc70drak-nghttp3-1.16.0-dev
  /nix/store/8vqfy9aqxcb5akhpcqdm2iv4q6wx2rih-ngtcp2-1.23.0
  /nix/store/ln8b37nb4q9d4laxcq6wys3702l8ghlv-ngtcp2-1.23.0
  /nix/store/w0x2fby57fx935p2d83wlx5sw73y6qyd-ngtcp2-1.23.0-dev
  /nix/store/p9k10c8jba1wzxvyndvl8pxb7sxphswx-ngtcp2-1.25.0
  /nix/store/apyr8xx3c6v36k4rpqkkkq9zcf4pcrs1-nilfs-utils-2.2.12
  /nix/store/6dw2piy65p0abrsknp85iv46j58v3vpv-ninja-1.13.2
  /nix/store/6ji6bq0si2j8ibdrxqgcmh1cw0wmdiyk-ninja-1.13.2
  /nix/store/7vb637v8mqbycvmpwfl5q93ikr2xjpay-nix-2.34.8
  /nix/store/x90ajwa2ydmwsa0qjccpj1nsl6049wmm-nix-2.34.8
  /nix/store/zj5k31v5ihy257myc7y6q07szsz15i35-nix-2.34.8-doc
  /nix/store/rp2j39h7ms0kjr3kmbs7jqb49lmd4smz-nix-2.34.8-man
  /nix/store/cfqbywj7wlfj013985j4gwab7r7qwimb-nix-bash-completions-0.6.8
  /nix/store/mld0rlrbckhfh777qqfkqmp5y8a6wlwn-nix-cmd-2.34.8
  /nix/store/iwdfrjfnhxbj7jrd4bsrl3g7g0ii4qbc-nix-expr-2.34.8
  /nix/store/jjzimlm3967zgjn7sh1phc9kag2pr8dr-nix-fetchers-2.34.8
  /nix/store/xm8frncphvz3rmylap06wam1hal3fab8-nix-flake-2.34.8
  /nix/store/fpp5xkxwxviw9iwn9fh83fjg0j8xnzhq-nix-info
  /nix/store/6lqix9zx8mwyh18jnbvxq81z0s7lrnvk-nix-ld-2.0.6
  /nix/store/ryfvrw2jvz0233h1wf7hh3ka092j1fgn-nix-main-2.34.8
  /nix/store/25kz0qa6chya1jwgv8bgwaglqcqiin96-nix-manual-2.34.8
  /nix/store/5dc0nymfr1dvmrrbp783x6lwkw18x6xp-nix-manual-2.34.8-man
  /nix/store/jb07hk2jg2a8wg9n7j942hl68y62nnbs-nix-nswrapper-2.34.8
  /nix/store/9258w4amzgjfcj34gkqi1s0r97gv65pn-nix-prefetch-git-26.11
  /nix/store/67pcpm7ismsshwpkkpmfp62wblp3ad3w-nix-store-2.34.8
  /nix/store/w0pfnhvv2czd4inz2yw4ljndsaajlb3a-nix-util-2.34.8
  /nix/store/jjwvr0576gp69filg74bsfhpilylfzc5-nix-zsh-completions-0.5.1-unstable-2025-12-12
  /nix/store/vy9ici9c5qris1zls15gij9palxd6mr5-nixos-configuration-reference-manpage
  /nix/store/rxqypjcanjp1wsm9qp1mdcngrav16djj-nixos-firewall-tool-26.11
  /nix/store/gpf2ydsxn993c3rrrnj40d0kvygf0i9a-nixos-icons-0-unstable-2025-06-28
  /nix/store/p88mk5qlz1fsdmg4av263pn9rfgr58nf-nixos-init-0.1.0
  /nix/store/0pfxwb37lmbmvxrd6miwgr8sw1c3gk05-nixos-manual-html
  /nix/store/njs3lix7mmbrg1m48y84wz1fslr6p303-nixos-option-26.11
  /nix/store/d7w4axml5q79rjh6bim2vd40vddb5n12-nixos-rebuild-ng-26.11
  /nix/store/praygv0jhfkx60b0972f8hiadzd4bmcn-nixos-render-docs-0.0
  /nix/store/lfaydgacdyngci7p60s8wwvgdm74fjkx-nodejs-24.19.0
  /nix/store/k3nz3s314bipvqbcbw3faq823hxpwbn1-nodejs-slim-24.19.0
  /nix/store/2381p229a5w3zgfgk9bgf4vq1ravqyla-nodejs-slim-24.19.0-corepack
  /nix/store/jfi4k67zal3n810x24v14bd8x3m11z49-nodejs-slim-24.19.0-npm
  /nix/store/6zs4m21zmqi49hbmj8fg8mn2n9p8lx1h-nom-7.1.3
  /nix/store/vypcbjrblyw90m5g63y6zh8fwq13mx4x-noto-fonts-2026.08.01
  /nix/store/dllg6pqphyxipzwihzb6phmjlq4r0w4b-noto-fonts-cjk-sans-2.004
  /nix/store/gxs0n7s3ajv9ivm79ghv11p745qq1hc3-noto-fonts-cjk-serif-2.003
  /nix/store/aqcjxx6j9yq175dar0x60qb1kdzvrm9z-noto-fonts-color-emoji-2.051
  /nix/store/cqsl6djcsccg91y947v3rs5r456z6dww-npth-1.8
  /nix/store/yv1diivazrv3pf79lgm14awd3kb8738m-nsncd-1.5.2
  /nix/store/p0i4s7hv5kcj20769byb7pkb8v78mn19-nspr-4.40
  /nix/store/j765ikax8c3ifc3y6bac8r9wcpfn2n1z-nspr-4.40-dev
  /nix/store/rpgd5294mvplz1bjiy07zsjpr8swb6qa-nss-3.112.5
  /nix/store/r75784lhk2aczqw9kry17m6bgrx257d4-nss-3.112.5-dev
  /nix/store/aqylzgac6qslcsdmfs917ajlmg765da3-nss-3.112.5-man
  /nix/store/cqi02wf26cm8i1pn2176raazcprcrlxn-nss-3.127
  /nix/store/glfrj1lg16mcgyhn5pjyng197idbr72z-nss-cacert-3.126
  /nix/store/53rgwgwvgp5dbl9z0c6s04pzsz1ax1n1-ntfs3g-2026.7.7
  /nix/store/y8a7c5xkp8p5j6n0lwqavksinkdam39w-num-conv-0.2.0
  /nix/store/624qdp5cnbjqabm031zqpdfkzqk4lvd2-num-traits-0.2.19
  /nix/store/rxrbdj8cmb64q4r5zlk2y24kjll70f51-numactl-2.0.18
  /nix/store/s8g1cy79c0rmzvxrj8qqslbzk31jh3a6-numactl-2.0.18
  /nix/store/652xvbndqcsairsk35rwfp40halx9p4i-nuspell-5.1.7-lib
  /nix/store/56cnr2z8qa591rzmfydzb6pc6xjpvm7l-nvidia-open-595.91.07-7.2
  /nix/store/40hndh5q4a0zf7qbvbwry76zv0pzqhv2-nvidia-vaapi-driver-0.0.17
  /nix/store/3qxk1rwfasdlwdb18k280hn22r7vm43x-obex-data-server-0.4.6
  /nix/store/17yhi96ki1wx17cjxkqxaj1z5mc53ia8-obexftp-0.24.2
  /nix/store/ndnbz650qnxhs4sr5crd4d0k9ly42k6x-obs-backgroundremoval-1.4.1
  /nix/store/fmgiywnl5vd3jrh63hp0yai9py5aw9pn-obs-pipewire-audio-capture-1.2.1
  /nix/store/7sk4rdbrh1fc74484s41gsp4lcvbn985-obs-studio-32.2.1
  /nix/store/lvhh9h9kxidhy2il93rhbw94rmgzqhr0-ocaml-5.4.1
  /nix/store/q750m1i95zvgfkqwnyvpjn9yscwpj384-ocaml5.4.1-alsa-0.3.0
  /nix/store/nqbacv9hrv1arjbk6h1j7pi27ya98gaq-ocean-sound-theme-6.7.4
  /nix/store/3h9gdk910cwj8c1r8290nrx37pbxwpqs-ocl-icd-2.3.5
  /nix/store/wmlz763gh0yy97dmvq9nvh075bjysk0b-ocl-icd-2.3.5
  /nix/store/nyknziw1zd5yyz1mfpblms9makkaf6an-oh-my-zsh-2026-08-16
  /nix/store/qwasnmkwpbcqpq6fh8hdwixngfm72azs-okular-26.08.0
  /nix/store/4d174sx70r1fl6ppanlppxrvwzm1qwbf-once_cell-1.21.3
  /nix/store/xgmj02jbpvzr1g7hg6c2mygdr9m6f94z-once_cell_polyfill-1.70.2
  /nix/store/c1rsabq7zx9lj2lc4nf4yw44lpix7nf5-onetbb-2022.3.0
  /nix/store/0v7nad1c5ksamzr1rqkvi6dfks7i4pcm-oniguruma-6.9.10-lib
  /nix/store/zsi7shv5pzppnz9f1zh0wm6lp8wigy6q-oniguruma-6.9.10-lib
  /nix/store/6dsaqi80nzvb8glkipd90kiq5p94z0ik-onnxruntime-1.27.1
  /nix/store/9004rf6dnqw65dv7ynr30ghdp4jgbyb8-openal-soft-1.24.3
  /nix/store/4hqhwddj6vczhc5yj9mal097nw6kiazh-openapv-0.2.1.3
  /nix/store/8pfihhjck7mallafzm0gsdwlbm5ljm8y-openapv-0.2.1.3
  /nix/store/jk2209460ab5a2w1kqq2sja2lmq7rn8g-openblas-0.3.33
  /nix/store/rzmy705gxmc5jgzbl4n7hx93424570ca-opencolorio-2.5.2
  /nix/store/a7i6vcs6092jm8m4njrv27zcfsh32h0b-openconnect-9.12-unstable-2025-11-03
  /nix/store/v85h3z3x86zj5ghyfvv0g344p1iqp36w-opencore-amr-0.1.6
  /nix/store/8in79grjqxnvgx1s9npr0jjjimx1v8lf-opencv-4.13.0
  /nix/store/m73xyndxlw0xvh7bawvjcbpdslxyngwz-opencv-4.13.0
  /nix/store/qymip8v80g543jws9hrrnfak26d9pffi-opencv-4.13.0
  /nix/store/1a0820a74i5rhcfsapgw0vhlap167lj5-openexr-3.4.13
  /nix/store/6v3dv0l1iy5i7x3ggdaxssayl1qn3vrs-openexr-3.4.13-bin
  /nix/store/6n95xz8fz5lb4w49flijdkfwfdglid62-openexr-3.4.13-dev
  /nix/store/lsmgpaw0awn6170p92hi1m49syj14i6i-openfec-1.4.2.12
  /nix/store/x2jlysx33abvqs92phjwr9501n2cmk8p-openfec-1.4.2.12
  /nix/store/jsm5sb11r9qldvylskap5g8445fcfwwk-openh264-2.6.0
  /nix/store/ndavsv08n607b60qny67njyqnxabqmqf-openjdk-17.0.20+8
  /nix/store/ij5q131fzyqw8wh76y9nrj5jl45zviqw-openjdk-21.0.12+8
  /nix/store/hdkj27ngzyr7824ik85369p600skj5ls-openjdk-25.0.4+7
  /nix/store/xzynx2mpvrcfp3bhgy6245byy44lks97-openjdk-8u504-b01
  /nix/store/0hn9flcs6s289f5y3y1zicd64snaq0fs-openjdk-8u504-b01-jre
  /nix/store/np41agm7ygkga79laq40swmjj2vgqnz1-openjdk-minimal-jre-21.0.12+8
  /nix/store/p88v0qr3hjp30xgfc18fqc66l5lhvgvs-openjdk-minimal-jre-21.0.12+8
  /nix/store/bgln4z0bb353bi5lbyq4zfns56lgmswq-openjpeg-2.5.4
  /nix/store/k2p2gs1fdadx39j63wi2467f7bx9imhc-openjpeg-2.5.4
  /nix/store/v801rrn3xyk8glv7dvswrkrhcwsgbdd4-openjpeg-2.5.4-dev
  /nix/store/gmj42fvbymgbhywp68g24xyfjfdshadd-openldap-2.6.13
  /nix/store/sclpxl57gx55iysn1p97srs47kj64wh9-openobex-1.7.2
  /nix/store/akdd4iivdl1n1qz1g80fk6xyn32q40yr-openresolv-3.17.4
  /nix/store/gz6c2i5x5b1lmdy71d4h3i8kd7nwnnl7-openresolv-3.17.4
  /nix/store/ggcm0s524bsly3qc7kww945qs7003psf-openssh-10.5p1
  /nix/store/s9a3xnwfliryd5qsk8kicsz3d6xpny60-openssh-10.5p1-man
  /nix/store/3dl3hs0bx40zp6r4i7psm0pn8rjnz7rm-openssl-3.6.3
  /nix/store/hg41dqig0qxm7shyi0a0xkw29a14i3js-openssl-3.6.3
  /nix/store/rq80dvfwbirxwzbfg8mw30fzaj0sq1vn-openssl-3.6.3
  /nix/store/437ip8pbzxn51bs3vq2sd8hjxp90765i-openssl-3.6.3-bin
  /nix/store/63b5kdhvzs4sq7xgg8bikkvdv3kf7c7p-openssl-3.6.3-bin
  /nix/store/3zlj0508348qn8y0f45y7f7954amigpp-openssl-3.6.3-dev
  /nix/store/g3bcbl53jlgnd5aizrsbiqjnshsnp927-openssl-3.6.3-dev
  /nix/store/7ax2mr4fszclbz94ky41ia2n5r6q94jn-openssl-3.6.3-man
  /nix/store/11d0cxyi0zvwywi7qxs3yw5f3l9iz6cv-openssl-probe-0.2.1
  /nix/store/y73mhlazyn5z2r4ahj695ikdmxj2hxkj-openvino-2026.3.0-lib
  /nix/store/hf2k3310bdy43cj8d21rik4z5vbsg9p4-openvpn-2.6.21
  /nix/store/pln8qp46iyfds87m946rs68ws9dirnah-openvr-2.15.6
  /nix/store/z5r1yadqm2pdlabj202v9jivnn7bxkmq-openxr-loader-1.1.54
  /nix/store/cmv7zfh6vi5arjr86pnd81g6bbq63qwf-opusfile-0.12
  /nix/store/i2f2kg457a7vw4j6zz8wl9v1insdyddn-opusfile-0.12
  /nix/store/8zxg6r5d2jw2x6vvhaw5xryvl74sa8aa-orc-0.4.42
  /nix/store/qjsczrvpdm3194jafd71ixfgvv12kwjj-orc-0.4.42
  /nix/store/s9jmp4s1hq0rsnhna5j570j2d10sxzz6-orca-50.2
  /nix/store/b334h8ygbw7vg2pjkwgzhn3x8g5l2ijy-ostree-2026.2
  /nix/store/n2n6awmdj808jk0h1g1akph2m0f3501f-owo-colors-4.2.3
  /nix/store/qvacjg33iwlb48ca16ixhza8n42x6rqd-oxygen-6.7.4
  /nix/store/rcs4vhr8h0jiavr1gbwy9z26lwzs3aix-oxygen-icons-6.29.0
  /nix/store/1lwwd1dmjm3yn1ihwfhbwdcflwbni4rc-oxygen-sounds-6.7.4
  /nix/store/minmz6asdmzqm39dqdclshn3xwfy0z47-p11-kit-0.26.2
  /nix/store/s03pwvivxwjqbk3iflyhqyv4ryhfj374-p11-kit-0.26.2
  /nix/store/hpx692rg0pbjv3inf1gcp1nxjlsbwnij-p11-kit-0.26.2-bin
  /nix/store/iv6nna0d1kn1lfad6i4wrn8ndz2aazhl-p7zip-17.06
  /nix/store/3vl9c13b1s5mgrslxz7nzvzgw4nijxda-p7zip-17.06-doc
  /nix/store/5c7jny0rrz7pwa41knan0ymzfrh571wc-p7zip-17.06-lib
  /nix/store/0qp8hgx58kcbiam35i352fh6xapwmfrx-p7zip-17.06-man
  /nix/store/x3mkwq85hb78wwlaksp4fch506d36z17-packagekit-1.3.5
  /nix/store/ihij5qxfh0hm88kj6rmrf4gf2rnjlxd7-packagekit-qt-1.1.4
  /nix/store/65582sxlfkllmxwp1l4dwbsfzymzyxry-pango-1.57.1
  /nix/store/jyadgcwxskkz6bbvpiqg5x9ryc6xrd8s-pango-1.57.1
  /nix/store/h81cqwzp08wcmnqimammsfqxnf0ghk5f-pango-1.57.1-bin
  /nix/store/5848cfwnrv0by7nb25swhzysd73z9mgc-pango-1.57.1-dev
  /nix/store/svsms2cngs8b1h3jx64n9682yk7gb1nb-pangomm-2.46.4
  /nix/store/jv5ghl6677d2hr5ala9x70v77fwa3zsy-papirus-icon-theme-20260801
  /nix/store/72yjfi2hbkvb2gjqhclxmsi50i13js8y-parking_lot-0.12.5
  /nix/store/apkq5lwmlrrvsbw31fs12yk0qwi49j0v-parking_lot_core-0.9.12
  /nix/store/manav8jxk4h0iz2rha8h9cijg1y86ssd-parted-3.7
  /nix/store/1rcr9yyj9qlgm3dyin1j37xl7q84h15i-patch-2.8
  /nix/store/fwc19n51ycqi2i7vyyp0j74qmasgah0d-patch-2.8
  /nix/store/6gy8pa9wzbb04a32i13nycvxng8nxysv-patchelf-0.15.2
  /nix/store/fpig164lz7fcipbndn61sfd2y2yq363n-patchelf-0.15.2
  /nix/store/6lbg97gl1fg8fjmr8qip4724kbs0n3r8-patchelf-0.18.0-unstable-2025-08-13
  /nix/store/dbviw0i2bp1hfv0c3sjmgq6f8myhrc6m-patchutils-0.3.3
  /nix/store/qkdcffy51968lzl7glf3v31c2vs2c295-pcaudiolib-1.3
  /nix/store/mjgd7lbvp8rli365likrg9m4a5mmi5w4-pciutils-3.15.0
  /nix/store/bw8sgx2v5ildk3lxwyv4sl5s6v5cj0vk-pciutils-3.15.0-man
  /nix/store/cj9443b6ljpw3pzxa3x3ck7vrig9kkc0-pcre2-10.47
  /nix/store/vgkxfhf60js42lj3437vy63jm24mzsam-pcre2-10.47
  /nix/store/h8q77c4dh67jj4b4qgdy3kv0m7i18rbn-pcre2-10.47-bin
  /nix/store/yd2pkdgxw7vkgj0r1r4rnmb5mbax0ba2-pcre2-10.47-dev
  /nix/store/c57vjgjlsq0g92swyvl7xj5bny5rxl2a-pcsclite-2.4.1-lib
  /nix/store/gqr3pk0kzp0f61nv793qrkh9h4075cz9-pcsclite-2.4.1-lib
  /nix/store/7488i3v1p0agwa29laavd84a8fdjp4kh-percent-encoding-2.3.2
  /nix/store/kfqbfq23lafkrbhxxblzf65baqz5p1ia-perl-5.42.3
  /nix/store/zry8jxd4xxb7lyrp1mv906q02s8z4xkp-perl-5.42.3
  /nix/store/bv79vianc3z1zqm11rfzhlml51k8ci9k-perl-5.42.3-env
  /nix/store/gzjl3qszycb3wybcmj35w2hbcaprjh5m-perl-5.42.3-env
  /nix/store/rcxkccxkf6lawmrgmwgynv517z9ghbk9-perl-5.42.3-env
  /nix/store/cmscd1wmn7al08ajf7njhgkg64hc0p2l-perl-5.42.3-man
  /nix/store/q33cx95a8y7lb1zaf4pr8xmx5vqm7gi9-perl-5.42.3-man
  /nix/store/1ply6wblx3wxp7mpc9wkcw9mgkhfpczp-perl5.42.3-Authen-SASL-2.1900
  /nix/store/46lk6wggvvdh04gmw4v52m4hjxxvlfp1-perl5.42.3-CGI-4.59
  /nix/store/4j0sfbdfihql7bx25lvqsg3k8gyfvbzr-perl5.42.3-CGI-Fast-2.16
  /nix/store/jbsi484cyh9bw3lnmwl7p5jjc5k3zxb6-perl5.42.3-Capture-Tiny-0.48
  /nix/store/lnswvzq5nwhrmasi7fwjq4s1d9vnigvf-perl5.42.3-Clone-0.46
  /nix/store/ppa7fq05dyfr03i91p132138fxshz1d1-perl5.42.3-Compress-Raw-Bzip2-2.218
  /nix/store/lw0qj8w87qq21d9lnk7yizwwn0jy1x10-perl5.42.3-Compress-Raw-Zlib-2.222
  /nix/store/059mnwni15wwg30x9dcskh2zd4mz72p0-perl5.42.3-Config-IniFiles-3.002000
  /nix/store/77pciwdgap4g3cdg1qj5qbdsr1jn7wiv-perl5.42.3-Crypt-URandom-0.55
  /nix/store/zpczyg1563r4zw63103153wxzd308p2h-perl5.42.3-DBD-MariaDB-1.23
  /nix/store/bpqmm7zxysvydj71kah58lafh90k30nz-perl5.42.3-DBI-1.651
  /nix/store/0xkrvdzi89r7cx7ky9fmy694rax4yhjq-perl5.42.3-Devel-CheckLib-1.16
  /nix/store/86sq2yg2vxbc3z13mjg2z5rid5jqqqai-perl5.42.3-Digest-HMAC-1.05
  /nix/store/g0gm7fvvk2b5qbw7sfb15rx4fw6wr1bb-perl5.42.3-Encode-Locale-1.05
  /nix/store/gc8y38d8lw6karz0sqkh9dnzpdv5ipnw-perl5.42.3-ExtUtils-Config-0.010
  /nix/store/rcd8yc7asqm52ck4skh98xi8g7vl100a-perl5.42.3-ExtUtils-Helpers-0.028
  /nix/store/n0mck0di68557paxw09rfap9qm55x2lj-perl5.42.3-ExtUtils-InstallPaths-0.012
  /nix/store/2yzli21hj4lljz5sd4gzngqvhyqvgrap-perl5.42.3-FCGI-0.82
  /nix/store/bcwm27vbjah0zad6hg4rxkwzp24ljjd9-perl5.42.3-FCGI-ProcManager-0.28
  /nix/store/qcrrs9srpp1ir2fp0cq1fqrksy0fmkzp-perl5.42.3-File-BaseDir-0.09
  /nix/store/wn3v7ddslm23djnyhvkjc97s6q9f1zg1-perl5.42.3-File-DesktopEntry-0.22
  /nix/store/6qxlifmwp0gqw6mrk4ykz22k1xnm6sji-perl5.42.3-File-Listing-6.16
  /nix/store/3qzf9qd1cbxkv9xci5w77zn7agnma9x8-perl5.42.3-File-MimeInfo-0.33
  /nix/store/82549560697aymm88dqai47kwlaq2anl-perl5.42.3-File-Slurp-9999.32
  /nix/store/0j14bxkml48njc4xwjfsypsdsjbfk631-perl5.42.3-GD-2.86
  /nix/store/wnd85f4kzp4mg871dnaxinasnn2rcy7c-perl5.42.3-HTML-Parser-3.85
  /nix/store/f36jf53n38sw9cghksibjpw5lfajsszf-perl5.42.3-HTML-TagCloud-0.38
  /nix/store/7nff37k28y07vb6na882m7m3zqmdvjrm-perl5.42.3-HTML-Tagset-3.20
  /nix/store/kyw5fzn5l730z5kkfyi4rivdcx9yycwq-perl5.42.3-HTTP-CookieJar-0.014
  /nix/store/1y06w93ndz5yaprbp46103sixdr0klvv-perl5.42.3-HTTP-Cookies-6.10
  /nix/store/f367s1vf963m3iqy2fyxgmg1bpa1k2fw-perl5.42.3-HTTP-Daemon-6.17
  /nix/store/pic7zbwvxdzb925d34n4ghz6lv6vnp4q-perl5.42.3-HTTP-Date-6.08
  /nix/store/b6ar5249m7ikifxx1cis0icsgjbq4qcr-perl5.42.3-HTTP-Message-7.02
  /nix/store/spmz7s768qwy466pa44bn5xjki58xfhd-perl5.42.3-HTTP-Negotiate-6.01
  /nix/store/hmpinxygl1k9kdyak9v1qkn542sybkmw-perl5.42.3-IO-Compress-2.221
  /nix/store/k3sxpp68s007pmv7hxd26hmvb4135qa4-perl5.42.3-IO-HTML-1.004
  /nix/store/f44ndv2bmg6n91rclrg13nl8k12h3y7l-perl5.42.3-IO-Socket-SSL-2.083
  /nix/store/qfbd8svznmg4n2fy43qll6chydkb7li2-perl5.42.3-IO-Stringy-2.113
  /nix/store/3qdj3km5a2bpgw6hicgf1fawqw6mrg39-perl5.42.3-IO-Tty-1.20
  /nix/store/hqh5lyw2cmqg83ald8lvd8lgcvy8ckaz-perl5.42.3-IPC-Run-20231003.0
  /nix/store/4s9rwx9yfmb0s1pgicygvcjx0kkwlnv1-perl5.42.3-IPC-System-Simple-1.30
  /nix/store/42rk5m02rilylcgs7391b5q70spfn4sb-perl5.42.3-JSON-4.10
  /nix/store/qfn72h6ww0ng39azh729b3rgcnm324q3-perl5.42.3-LWP-MediaTypes-6.04
  /nix/store/fp4jjqn2avf4w4pdm8vwvqhgf6mazvwg-perl5.42.3-Mock-Config-0.03
  /nix/store/j1z9g08rpwviaq0ph5n0wnk7pakjqc5p-perl5.42.3-Module-Build-0.4234
  /nix/store/cd3imgz9kvycxw5dhl6rfj84l9dqh9jh-perl5.42.3-Module-Build-Tiny-0.047
  /nix/store/7cdxkzaj6awqyidwi8a47cbmphjjybx3-perl5.42.3-Module-Manifest-1.09
  /nix/store/n2dlbc7lfbj8xhrhwkh9wz3nx62cyhjf-perl5.42.3-Mozilla-CA-20230821
  /nix/store/by0mmb6qws2yc65qhxq76q08jnylx1il-perl5.42.3-Net-DBus-1.2.0
  /nix/store/xp4jgrxvkix0691dk9fvr8wrmyxglszb-perl5.42.3-Net-HTTP-6.23
  /nix/store/qh4cnnbj0pgxwk06igp0kj3hvi7wah74-perl5.42.3-Net-SMTP-SSL-1.04
  /nix/store/2cdj3akxkhgd9wqvl49hm7fylf868ygp-perl5.42.3-Net-SSLeay-1.92
  /nix/store/hn7cqkkxn90cpfah8v37k0cskiyhmckm-perl5.42.3-Params-Util-1.102
  /nix/store/zcb97zxqfxw3s1gg36aa7iz8mnwcrvah-perl5.42.3-TermReadKey-2.38
  /nix/store/d2zxjn9a88ss3jnzv7vwxdp2zb2b82v6-perl5.42.3-Test-Deep-1.204
  /nix/store/qn6kzmzakvfq0r4yb509rpl2iv9ilqy6-perl5.42.3-Test-DistManifest-1.014
  /nix/store/v7znrw5rg93zqch5j6nh7dx30z6zyy5m-perl5.42.3-Test-Fatal-0.017
  /nix/store/2qivpg2wqb0hq66avhahnwzxq8x62ndz-perl5.42.3-Test-Needs-0.002010
  /nix/store/vy2mn62ya8gi0jy3z97yplhfrqkz4rcp-perl5.42.3-Test-Pod-1.52
  /nix/store/8rj53gly7jrkxracsdy57f0fw26j41p8-perl5.42.3-Test-RequiresInternet-0.05
  /nix/store/4fhvppra30rv6z5yf8hflxjargsfwhm8-perl5.42.3-Time-Duration-1.21
  /nix/store/4g3w7hm3737wzmb16q9xkw7wyzzzm2bb-perl5.42.3-TimeDate-2.33
  /nix/store/p4zsb1lwbix11zlwk2v39s6y2mannfjh-perl5.42.3-TimeDate-2.33
  /nix/store/gnl6xb8l2nxf477ahnkjk2d7j643mkc3-perl5.42.3-Try-Tiny-0.31
  /nix/store/p1dm5ab2d55hgjdh6rjlvabd282gmhq5-perl5.42.3-URI-5.21
  /nix/store/qc6a072fp2449ghpnvzb4l5nszksgpzq-perl5.42.3-WWW-RobotRules-6.02
  /nix/store/68kmq4b8iygl1x9p48jchlvgk3g6b65v-perl5.42.3-X11-Protocol-0.56
  /nix/store/ynjrrcl79wd07biv1qwbsz96vs7pddjr-perl5.42.3-XML-Parser-2.46
  /nix/store/idzdhc1dzhlcb275ii9v3yzg1wbai54w-perl5.42.3-XML-Twig-3.52
  /nix/store/xzia5ibjc65l1sm78p4wmdbfzpq78h7w-perl5.42.3-libnet-3.15
  /nix/store/7sq6ra1qdw8cd4z7j8l2dckm4w0hgm42-perl5.42.3-libwww-perl-6.83
  /nix/store/0ad1dg65cqpvkin53c6sc8wa4kkh8qxj-phodav-3.0-lib
  /nix/store/6v2lwlwy15k81cp3p7lml3ch7azp74lk-phonon-4.12.0
  /nix/store/ssa6dr3xc3j06ppal1q3krd815infchv-phonon-vlc-0.12.0
  /nix/store/hlirmsvrxq9ndbimlc4c243mnjvxki3k-picotts-0-unstable-2021-05-06
  /nix/store/y40pkgpybpc8szvdxmfy7la7rk8dfcck-pimcommon-26.08.0
  /nix/store/mhblvqfz1qnisz1896k5iamlmmpc2ia5-pin-project-lite-0.2.16
  /nix/store/3shc9m8yd9nri3rvy0v4qz10w71a23p0-pin-utils-0.1.0
  /nix/store/ihhpc5fqgwym99dadasw034k9qq76k9s-pipewire-1.6.8
  /nix/store/w6z21cccax55fyr36h748x6w3j52sp30-pipewire-1.6.8
  /nix/store/rm0fnbgacda8p36am4n9a03rq83zj942-pipewire-1.6.8-dev
  /nix/store/wpj4wf1ddifz5ql54pb9ch6505p2an3q-pipewire-1.6.8-doc
  /nix/store/pi2f5k2hysz92bsx7rrl4xps60a4scaf-pipewire-1.6.8-man
  /nix/store/5nvxjkrmxs78sqgygr52j0c8yykmpjj7-pixman-0.46.4
  /nix/store/8kmh5aaiadz1vfv1nal7vf3x41b2l92j-pixman-0.46.4
  /nix/store/4nq83n0fhihwmz04wip502j8f5jdi9cg-pkg-config-0.29.2
  /nix/store/wqindd172vj2ryi81ld2yjvkhxlr1vp1-pkg-config-0.29.2
  /nix/store/mz3ffpscgszc8lvh3nxmhcrsg8kvgd2y-pkg-config-0.3.32
  /nix/store/7fx93fz9c809w8yjxb0934zw6xcjis58-pkg-config-wrapper-0.29.2
  /nix/store/fpy0zp34m351rssxkzb6kiza8pn0bqv5-pkg-config-wrapper-0.29.2
  /nix/store/80dfdwzv1gjzshs4kqx6iwf266im1x6c-planify-4.19.4
  /nix/store/zvajcj8g3rv3qr1swhwilyph79zklwxl-plasma-activities-6.7.4
  /nix/store/ipr44cy7q2pdm18raywpip4nxf5a7ya1-plasma-activities-stats-6.7.4
  /nix/store/iv3kkgb269sngqj6annnpz44safx5852-plasma-browser-integration-6.7.4
  /nix/store/5rk4vdqw5rp1swsgps1q2f2d7d9ymk80-plasma-desktop-6.7.4
  /nix/store/6in2c699c7v3cn45jf4mypb0lzrrwkn7-plasma-integration-6.7.4
  /nix/store/hxiy1jkvypzn37qv8r0wbl7xdw85ayj8-plasma-integration-6.7.4-qt5
  /nix/store/bcb721qmhh0bkz0bfbq90n0h9vr6c8pf-plasma-keyboard-6.7.4
  /nix/store/mb2rhk122d260k7khwnkiqy9hwqrc59s-plasma-nano-6.7.4
  /nix/store/djw5svkp6y5bj2a1aaija35v8qij85wz-plasma-nm-6.7.4
  /nix/store/9n50kflh0126wy4nvmg354b88cpkam5k-plasma-pa-6.7.4
  /nix/store/p0k8wmvmvvd8szxi9il8wyp0nxj5ac1p-plasma-sdk-6.7.4
  /nix/store/paagyyzi0vxfw7r99xfzqgqifqvga5l1-plasma-systemmonitor-6.7.4
  /nix/store/b8a7kihqf82is0nk7kh7xgzzya4jmfnd-plasma-wayland-protocols-1.21.0
  /nix/store/90gvcrhh2q7f1rfzy2jvfqky3gz7000q-plasma-wayland-protocols-1.21.0-dev
  /nix/store/jd73909qcbwpnnrsp5rny2dk4ldrlc3j-plasma-workspace-6.7.4
  /nix/store/0swaghab4lz9x0vnl4h89j64ai0bjb3p-plasma-workspace-6.7.4-sessions
  /nix/store/w7y338y0n80mhrhd45n417vd78wh2l5f-plasma-workspace-wallpapers-6.7.4
  /nix/store/66pw1cbykxvd8qx12y1zwl9sgrfkv12a-plasma5support-6.7.4
  /nix/store/ja98an20vn27wc52342xvy4rbkmlrz8q-plutosvg-0.0.8
  /nix/store/p0v1izx54h2whi8ndawriibw85bl6mqk-plutovg-1.3.3
  /nix/store/782jibrbz7ax40amaj99jpm6d5dkga6q-plymouth-26.134.222
  /nix/store/a0v8w4cch9d58hdcm6l97510z8h27kas-plymouth-initrd-fonts
  /nix/store/9r4a3c6a5d1brhzwj7a1kqqyk2fv90kx-plymouth-logos
  /nix/store/5ba2vfvw3bqhkp2i2773xrzzwz2myjhs-pmbootstrap-3.11.1
  /nix/store/3pj4zjhsfxh3fbj02aqm1pxkyf2d1r7f-polkit-127
  /nix/store/c6pnvw9k1lh0llqagc4jkwcf8xafyjda-polkit-127
  /nix/store/fj75av6igp9pbr9p71l6r1qb4pbamg8s-polkit-127-bin
  /nix/store/jj0xswznanh5w48jzw3ka948kz7zl3hs-polkit-kde-agent-1-6.7.4
  /nix/store/qs0fsdz742hbsaxkbv16zn7b9ry08gkh-polkit-qt-1-0.114.0
  /nix/store/0rzakr6kxqj6px46683qwijp848jlm9w-polkit-qt-1-0.201.1
  /nix/store/z5nayd4wl96g8xqz1kvfyz8niigagymp-poppler-data-0.4.12
  /nix/store/pzn316l6flkg7ii2x8m0hkf3fcgmckfs-poppler-glib-26.06.0
  /nix/store/g3w3lq5yqq0x1mxwznv4v3zk9x0r32y2-poppler-qt6-26.06.0
  /nix/store/ggxmpfscdm4f1xcyy85ssvx8w75plaw1-poppler-qt6-26.06.0-dev
  /nix/store/g0f2man6jdwimdpz383l8p11r1rzx9hs-poppler-utils-26.06.0
  /nix/store/9z53m6y3qi9gba9ws3z2a0djr5y7ank8-popt-1.19
  /nix/store/m4f2mcyhpk58jgkrnmfp37jfd7xxfm3j-popt-1.19
  /nix/store/y37nxb0qmpjsqqh1mk5jbpl2h3f28qj9-postgresql-17.11
  /nix/store/24xzb3x1xbp5z28yvfhjj32abjdwm23f-postgresql-17.11-lib
  /nix/store/5pjyanvidnjn47myvnqjhds0i3cbv12l-postgresql-17.11-man
  /nix/store/0pdz52yr94kwb5dwg4pbnw4w7877fhra-postgresql-configfile-check
  /nix/store/s3pf8v5ybkwlc2ak5fy48khah56rmv7c-postgresql-user-clauses-check
  /nix/store/a25m5yg9sdn8im7ibggc3fi073lkl7pr-potential_utf-0.1.4
  /nix/store/y3rhxwgzhya1wijhbixjwbbfv2dp48pr-power-profiles-daemon-0.30
  /nix/store/yd70jb0j3vlbrm9z57a6jb3d969jyv17-powerEvent.sh
  /nix/store/fz6r34lcz5wja46aa5isipdk0bic4kf1-powerdevil-6.7.4
  /nix/store/c8d4dwqiqsn6k2i1s23bakhgmzd9xjhr-powerfmt-0.2.0
  /nix/store/00lndwgy96b9s6nv6rfhhshmgkdj84f7-powerline-fonts-unstable-2018-11-11
  /nix/store/8jkb2xg25gvc8cwynal0gnnvg57rz369-ppp-2.5.2
  /nix/store/wazzakfwhhbfls8s0j5hm8amv9409n2p-ppp-2.5.2
  /nix/store/4ad2iiffbcms43vsmjvika8q8lkbh968-ppv-lite86-0.2.21
  /nix/store/b161qp0hjlv1v57bxpbf73f5pcmsbq1n-pre-switch-checks
  /nix/store/ldkin3j3md05i1x3c9cgkcz5bainrxz1-prettyplease-0.2.37
  /nix/store/m4p9bivv5yzrf3m64gs384l85b52a5cg-print-manager-6.7.4
  /nix/store/cxlzv8kak5377srdwik9lh2ksqs3agdd-prismlauncher-unwrapped-11.0.3
  /nix/store/7x8qzjqbldr40b50hpsawbijv62z8dv7-prison-6.29.0
  /nix/store/jzdhzzgxijc162539wdq962xma62c1h8-proc-macro2-1.0.106
  /nix/store/symzmzrb5qzcwz9mpsrcppwq0r90mq5w-procps-4.0.7
  /nix/store/v2qab7hmcj4nf2lw32s1jrmrrwbf53xq-procps-4.0.7-doc
  /nix/store/w83ar3vxpm8i93r0ggcmbgp45km9mlm9-procps-4.0.7-man
  /nix/store/9d8d0spap5fb4d4hkxliag8zlfhjcg67-protobuf-35.1
  /nix/store/76040w2af6xbwpfpqaskc5708ws85grl-protobuf-c-1.5.2-lib
  /nix/store/lphhnafb0ldfnclxgfxr6dgda7vdvrss-psqlodbc-18.00.0002
  /nix/store/mip1z3dd55khnbda7kzlpblf8rnwhvz0-publicsuffix-list-0-unstable-2026-08-14
  /nix/store/r9agcp0d8ngzrrjf7pyampq0y0sipjxc-publicsuffix-list-0-unstable-2026-08-14
  /nix/store/zj0y80bzx43np3lr4374fxy69sbh9gn2-pulseaudio-17.0
  /nix/store/1n7csl6hbfa92whxc68hynpdn5gxlg6z-pulseaudio-qt-1.8.1
  /nix/store/p9nm1d4z5hb38pqz45wp2993hm744rz9-purpose-6.29.0
  /nix/store/q0phc7z3m3isy8bgncrihv3dvb3pllmy-pv-1.11.0
  /nix/store/xrjri5la65wfxfv2xqx7inqkib54z04h-pystring-1.1.4-unstable-2025-10-07
  /nix/store/b5bpi6zfajzzrwwpgba2q6li3nnya4bs-python3-3.14.7
  /nix/store/kyg3jvq4ixppjran2ccqjd7c57fiv8xp-python3-3.14.7
  /nix/store/303pr087vpqkdf2119q88xibsvjx7jga-python3-3.14.7-env
  /nix/store/7xr1gwacy6b2zy6qzv1xndyd163ks5x8-python3-3.14.7-env
  /nix/store/afga4vpynyv724y6z0npl8qs0clipqa9-python3-3.14.7-env
  /nix/store/g2gnby5xxsil3kfb4jm8201kgapy2262-python3-3.14.7-env
  /nix/store/hycmlgzw712z9h4h5q315l9nxdir2i55-python3-3.14.7-env
  /nix/store/iiv95p7c9yxaz92f0jibwxcnix1w7f1i-python3-3.14.7-env
  /nix/store/kaq3824ncd9rsn28a8khwwy11zz9j62h-python3-3.14.7-env
  /nix/store/p04gf95fgs0aawhxsj5cd20x28hi0iym-python3-minimal-3.14.7
  /nix/store/pxqzd9q2gml6gh6rrp59gi13swk2ysm8-python3.14-afdko-5.0.1
  /nix/store/mjiw8bq5ay1sm5x62z5a26m2ii2vdz56-python3.14-argcomplete-3.6.3
  /nix/store/nsq8mppz83za706b4s5icxm22yh03psa-python3.14-booleanoperations-0.10.0
  /nix/store/2p0pxvb5qclxsa2h74djyc95npw23f5r-python3.14-brotli-1.2.0
  /nix/store/mabj8vrffrvzhnc1m76awgdm04p9zygr-python3.14-buildcatrust-0.5.1
  /nix/store/lvsnwgafvvxhr140zni67lm7zsi0viq5-python3.14-cbor2-6.1.3
  /nix/store/c7l5i4dga7x8456qj2q0cc7d5zpigkw4-python3.14-certifi-2026.06.17
  /nix/store/3vq5n9qx52vqli5sqsya01l51qcc1lxz-python3.14-cffi-2.1.0
  /nix/store/7n1mbkxm4axhghinsrn08lnsj26f0aql-python3.14-charset-normalizer-3.4.9
  /nix/store/m97mxkh7bvs37dip41xc7y9jw6agjya3-python3.14-charset-normalizer-3.4.9
  /nix/store/azdkscz6qxp100bdyrdcxr9k5c1ymgrj-python3.14-colorama-0.4.6
  /nix/store/83h7wfsnqjh76csw4q27rq9sjgv3pvpy-python3.14-cryptography-50.0.0
  /nix/store/ipd6nl760y1rb57pyh4x7071s1k8fy0b-python3.14-curl-cffi-0.16.0
  /nix/store/3x0ag75q035sz49nhkks4dx4lrg7qd3l-python3.14-darkdetect-0.8.0
  /nix/store/01dxy7xmaxqhhva0i7p76aliyn3z58bz-python3.14-dasbus-unstable-11-10-2022
  /nix/store/z9gg9y3v8pkk06rds1hdsf9nhikkrq6n-python3.14-dbus-python-1.4.0
  /nix/store/9xz49hbg8ksaihmbbh7jfhgzmdyvgpvz-python3.14-dbus-python-1.4.0-dev
  /nix/store/vj4spc6mirlc3jijflic70q0z3a2pr8f-python3.14-defcon-0.12.2
  /nix/store/cyq556k8225yjyvm2cxdkw0i6wvqr3w6-python3.14-distutils-extra-2.50
  /nix/store/7jynixnff644prqly9z9m4q1sdbhgd1f-python3.14-dnspython-2.8.0
  /nix/store/a18rnpwsmzm5b66ggxc3irxhlazvqz4m-python3.14-flake8-7.3.0
  /nix/store/gzs9pxa80nc9kdwksabphw25wm7ad6wh-python3.14-fontmath-0.9.4
  /nix/store/8kh3la9mw0ds4mclmzsbandhjxpl6dmk-python3.14-fontparts-1.0.0
  /nix/store/lf33nizbb1l30bvg05aa6x7iz6gxrmyz-python3.14-fontpens-0.4.0
  /nix/store/wjir9hqdc5z6fi457jw09nzxsk0aw27j-python3.14-fonttools-4.63.0
  /nix/store/4rv16r0bcvp444q15p5hkrjbsy97a7w5-python3.14-gst-python-1.28.6
  /nix/store/cxn8450cl2vwyfaim125lx3avqn2pbyg-python3.14-idna-3.18
  /nix/store/9jynrykvfsfg41ywy739k20dpzscnmvv-python3.14-jc-1.25.7
  /nix/store/9p0jlvblx7vv1x135addjnf0dhg1i61k-python3.14-jeepney-0.9
  /nix/store/va8xr5z0cp34n5y4zg64cqyvjjay2idk-python3.14-levenshtein-0.27.3
  /nix/store/jh4szbhw34l7kpfz8c2bjp5z95mf2fv2-python3.14-lxml-6.1.1
  /nix/store/jvxbab0wzac5x5fq72npzv2qbkxcbqxd-python3.14-mako-1.3.12
  /nix/store/z7krgjiiq9b7dlwcvcc41byl7yq2ln84-python3.14-markdown-3.10.2
  /nix/store/7xnb55wwcqvqnrsbmaqm9hrf9afs4bca-python3.14-markdown-it-py-4.2.0
  /nix/store/b3ywr64cwd5792x723rkx2arrksjkdf3-python3.14-markdown-it-py-4.2.0
  /nix/store/zlpf5qcaxb7bi1y6vfa0l92y82zlahfa-python3.14-markupsafe-3.0.3
  /nix/store/xg7sxf96dxf8sp165ygippl6p76310bk-python3.14-mccabe-0.7.0
  /nix/store/wqvdrhw0gbfmnw0cb0d0qdx1s0prl6c1-python3.14-mdit-py-plugins-0.6.1
  /nix/store/8wicgp7nky17a9z7hgsm64lsim9ansjd-python3.14-mdurl-0.1.2
  /nix/store/d3vmlk7r4kgm6y3wwpk59fpfsx220hy5-python3.14-mock-5.2.0
  /nix/store/9skx6v92zwqj2b9vxwfczp7bq778bzby-python3.14-mutagen-1.48.1
  /nix/store/b9hvnk969l59n2d7mf72lm4vvqql9pjy-python3.14-mutatormath-3.0.1
  /nix/store/6azp1hgh86lmnvqi6qvhg0i6bdnkh0l8-python3.14-packaging-26.2
  /nix/store/2fwiimdk8289pp3fd0k413dyj05q85ll-python3.14-pillow-12.3.0
  /nix/store/y5xcyv6l55hf57cvrvl6vy3kp1g4x0k5-python3.14-protobuf-7.35.1
  /nix/store/10xrzbbi4sj4va3jny7rcpji6mp0pp28-python3.14-psutil-7.2.2
  /nix/store/jy2vnfb0jx9jf1m4xvl77w061ibvczrz-python3.14-pycairo-1.29.0
  /nix/store/fykzxvr1ha7fzwl30kfwp4bpx8453ljx-python3.14-pyclipper-1.4.0
  /nix/store/sh1jac5mldwbdx4hxjxqb9vxjbw0s62g-python3.14-pycodestyle-2.14.0
  /nix/store/y6sc9iajf2xiljl0ccsw7q015c1qp7qa-python3.14-pycparser-3.00
  /nix/store/ybm041qms4wyj9n7mz20l2i3yh2mv667-python3.14-pycryptodomex-3.23.0
  /nix/store/qrj69xzndy5li9bqd95379r8bcm61nma-python3.14-pycups-2.0.4
  /nix/store/58s4dg8f4m8vxkbrq904z0pkcq3k5i6n-python3.14-pycurl-7.46.0
  /nix/store/kpg3p5h3wfq7xm9nwgz7f1j27i0vaxlz-python3.14-pyelftools-0.32
  /nix/store/hba1daw9v3l9g3qyxxz0k8n58gwd9sf3-python3.14-pyflakes-3.4.0
  /nix/store/vad3vgxb2svvsi10gjacvcdmjxc8fjh7-python3.14-pygdbmi-0.11.0.0
  /nix/store/5fq5f5035r6ps10103g437xn7dmb9h20-python3.14-pygments-2.20.0
  /nix/store/88kgmqccjx0zbjzi8q5k7w43wmg03dgj-python3.14-pygobject-3.56.3
  /nix/store/0cvq9p82minh4zcj3l8yp2wrl5jvdwc2-python3.14-pygobject-3.56.3-dev
  /nix/store/ilvdpmf2d2s6nqrwdq025zf69z9iaggk-python3.14-pyinotify-0.9.6
  /nix/store/d8w39kq4zrlw7lrnwrkn2v1zhmvyvr53-python3.14-pyqt6-6.11.0
  /nix/store/zhksbgcpgr9jbwy7xd4z5958rffznmy1-python3.14-pyqt6-6.11.0-dev
  /nix/store/6k1ydg6a4ymw0jfci4f0h4cci4vfnyk3-python3.14-pyqt6-sip-13.10.2
  /nix/store/vk0cbpr0cg57al1hni8qmjqqfp2qi8pg-python3.14-pyserial-3.5
  /nix/store/rxmw5cp0ap8fcbqz95kd2hk4h9zbxakv-python3.14-pysmbc-1.0.25.1
  /nix/store/ryiz7wp5wn50y4lqk4kcl71pbjwx2vn0-python3.14-pysocks-1.7.1
  /nix/store/z550z76ng8ssw47c5ljgmhlqffa5la6n-python3.14-pyxdg-0.28
  /nix/store/xg127x7yvb0167539r0jswzg11hglxzb-python3.14-pyyaml-6.0.3
  /nix/store/kyvv7q7x7v9j4hiflqis2lqg6bh9paz7-python3.14-rapidfuzz-3.14.5
  /nix/store/dhfc1g0jlbd6vnxnhyrlmlhlknva3bq3-python3.14-remarshal-2.1.4
  /nix/store/8hf816dv72vidzszxb0529511vwh4a1p-python3.14-requests-2.34.2
  /nix/store/9s3izcvg2xgsci0rk27rka1f0c3y7m2v-python3.14-requests-2.34.2
  /nix/store/x8xh90z2yzkhskpbvnz42rng18shkpbf-python3.14-rich-15.0.0
  /nix/store/i15k1m1c0vanw0mb3068cacrsiykm72f-python3.14-ruamel-base-1.0.0
  /nix/store/hmzbrqxz2ymw2pjqrmwzi4946g2fcgd4-python3.14-ruamel-yaml-0.19.1
  /nix/store/b4gpqrdnqpjwi7vingn1yg3l5yf4d9s6-python3.14-ruamel-yaml-clib-0.2.15
  /nix/store/p000wyhkjfr3mmwbliqlyk7xgdqfjkb0-python3.14-secretstorage-3.5.0
  /nix/store/102wb0ds630sxisz7dgnpb83qgydqxfd-python3.14-semver-3.0.4
  /nix/store/7rsj80bazv4w9q4azdb6dk9pvim3nvhv-python3.14-sentry-sdk-2.66.0
  /nix/store/wghjj4fqq02jbymfw4xx267hj97aj4g6-python3.14-setproctitle-1.3.7
  /nix/store/3zlx10nf4db20nvmiyylvkk9wrsbb3as-python3.14-setuptools-83.0.0
  /nix/store/0ijlv3dclq3gza608yafkjxn8blah688-python3.14-sip-6.15.1
  /nix/store/wr76hchha3y27azah2g509v1jxlbdcig-python3.14-starlark-0.5.0
  /nix/store/qq3cdxy4l40q3qyayx36qp3csd2b65hp-python3.14-termcolor-3.3.0
  /nix/store/07985wl49z0bd59sikgg341mms91rlyh-python3.14-tomli-2.4.1
  /nix/store/63gkcqs26wpv2zjd4s2i78azwzvd9hs6-python3.14-tomli-w-1.2.0
  /nix/store/2vqh16f17w1fqd61dw46pwx98nmmx5al-python3.14-tomlkit-0.15.0
  /nix/store/0bksfalic5kr2payqrh0y6b9rm60sj39-python3.14-tqdm-4.68.4
  /nix/store/vhpbmswqwlik8scjd5w85n603pf2559l-python3.14-u-msgpack-python-2.8.0
  /nix/store/i4zhbfhidnvzsbv8492wy909c27jra7r-python3.14-ufonormalizer-0.6.2
  /nix/store/k28zhj5ax2pz89z2gcx4kyskwlx0hq64-python3.14-ufoprocessor-1.14.1
  /nix/store/qmz0cs5fixnq6jbjhda1sqsnywccbj58-python3.14-unicodedata2-17.0.1
  /nix/store/5s6zlrmh50a8ciqpv53lj0ms7rs8ir4d-python3.14-urllib3-2.7.0
  /nix/store/6r7wg1nkpziw568l48pwljvslg0nhz4s-python3.14-websocket-client-1.9.0
  /nix/store/kd9fsdnd916sg7dkmfv1kxpynqd4ghkj-python3.14-websockets-16.1
  /nix/store/fyr8w33dvdfvinjgs60a4x338i6dcrs7-python3.14-xmltodict-1.0.4
  /nix/store/y5cbgr1pjvkvkvxdnzm3i96ka4f5h5w8-python3.14-yt-dlp-ejs-0.8.0
  /nix/store/3ac3l82qb2x58597icyj04psrj34sb04-python3.14-zopfli-0.4.0
  /nix/store/56i6s4sbbjdxzlkkm82bm929vncw1hj2-qca-2.3.10
  /nix/store/9f3vaandx9pvcq6w77mhzckgw7z0na61-qca-2.3.10
  /nix/store/rm558jnydby4rn0xi9ny5n6hglyky8p8-qemu-aarch64-binfmt-P
  /nix/store/y6wazlb55c6i2gcpc3s88kkx1yqpp2mx-qemu-user-11.1.0
  /nix/store/0s9af2cvy126iiyynsj8k6bfmqwfmsl9-qgpgme-2.2.0
  /nix/store/fdvw2p420r3ih8fmfxas38gbvxavcjqq-qpdf-12.3.2-lib
  /nix/store/9rvbvrwqg603g9nmqnp0019wbgrb44ij-qqc2-breeze-style-6.7.4
  /nix/store/mkbna56m53c28cpdyfmc6p4gbdwipxzy-qqc2-desktop-style-6.29.0
  /nix/store/7dwf7d81m79p7gx4awv7bljlcssc97bi-qrca-26.08.0
  /nix/store/c6lcjhvgz0cg6w2xxki1gvdz2lsf4i8s-qrencode-4.1.1
  /nix/store/nvif14hz63kjf6qp4fypil1m8q3ivk1p-qrencode-4.1.1
  /nix/store/fxzw2b0p67sq1ypbf37qig3rcyirvg6z-qt5compat-6.11.2
  /nix/store/9q1a9823m9ld3x96smvxpqrnn7yi1sqh-qt5compat-6.11.2-dev
  /nix/store/kx8392586mzsyzg1lfp5gcji4bidbscj-qtbase-5.15.19
  /nix/store/ziv4i465mcn645mxx9smn8h891gs0d1b-qtbase-5.15.19-bin
  /nix/store/j56y1r9p8v8iin082d27fda0m54qqzj3-qtbase-5.15.19-dev
  /nix/store/avdsaqd2dw3pnc3j87q7qjli1d6ns0xp-qtbase-6.11.2
  /nix/store/w4y6kbp30gianlx8g9hibc74jx8jlvj6-qtbase-6.11.2-dev
  /nix/store/sx8m75cg5pr3cywr9mqay2al9b78bq89-qtbase-6.11.2-only-plugins-qml
  /nix/store/gmcn7vaspsf5dkw4llcxwvi5yjhshs4z-qtconnectivity-6.11.2
  /nix/store/3incmc3hff7ww2mvkln7p8wgsbim95z1-qtdeclarative-5.15.19
  /nix/store/kxfxx6ah8xrlapb6z0x5ai1x9h0irh41-qtdeclarative-5.15.19-bin
  /nix/store/vdw8ghjd883v4i9nrla4678kc4scghm7-qtdeclarative-5.15.19-dev
  /nix/store/fx21gyydnjdcy7r3ricmsq1iijdivdwl-qtdeclarative-6.11.2
  /nix/store/xq9lyq13d8npfx26adhm1d8d38gfqgjv-qtdeclarative-6.11.2-dev
  /nix/store/0qcnjfw0zvdhvs58damghx96k0xfrcvg-qtgraphicaleffects-5.15.19
  /nix/store/kag5qb204z8npfbkiy1w84z49d3n99v7-qtimageformats-6.11.2
  /nix/store/fy24y8qmwh2a2qg50wnpn32h0hgwravz-qtimageformats-6.11.2-dev
  /nix/store/qx1v33rwx4r2yk12ijlss7x9cl7f3vk5-qtkeychain-0.17.0
  /nix/store/rf9gljilqvl2wyrpfjfpqd1lhp0l9nhl-qtlanguageserver-6.11.2
  /nix/store/i474n7ckra047kax9l18hzbnww9vf23w-qtlanguageserver-6.11.2-dev
  /nix/store/kbz1m3h7y51jvdrn32fsy0k9ccjm6x5z-qtlocation-6.11.2
  /nix/store/rax5hys9p6hp96wgxzp0nfjwr9vhinkd-qtmultimedia-6.11.2
  /nix/store/16ppazybi3qsmsp4i7x2viwhqd583lwm-qtmultimedia-6.11.2-dev
  /nix/store/s7yyjifafsp5lw8yzhqkpjg7zbh9fbir-qtnetworkauth-6.11.2
  /nix/store/m0pm5qfc0mlxnj0b0s9zvazhl9xflklq-qtpositioning-6.11.2
  /nix/store/d2b83awbx6vqlqvy0r1v3izlqky3478y-qtquick3d-6.11.2
  /nix/store/44m7b2w5ffg6nrv4yax49k4mn3bg559z-qtquick3d-6.11.2-dev
  /nix/store/9zlfl90ar084jpm0fj6s6qvh22jd7cny-qtquickcontrols-5.15.19
  /nix/store/hzvxp5jayvyypclw61dfqh3cs0bn4jqc-qtquickcontrols-5.15.19-dev
  /nix/store/rfyi3x2gyir7077giw0nnyaiyvafpnn5-qtquickcontrols2-5.15.19
  /nix/store/vqsb8xn8xvhcq71zbq0daym14mkgzwn4-qtquickcontrols2-5.15.19-bin
  /nix/store/m8mx8fxn0j3pwya81wr4649li15xrhy3-qtscxml-6.11.2
  /nix/store/iah2009sh2bd1f3sp3zs8a1hz36nfbfd-qtscxml-6.11.2-dev
  /nix/store/viinqdrvahm6h96n51p946z0parkf4gx-qtsensors-6.11.2
  /nix/store/jaxszki7zmxi8mpqrnf87dslz18q0cbx-qtserialport-6.11.2
  /nix/store/dsxfg6z1wfycw4ms2dvqb4k4mm9xpzq7-qtshadertools-6.11.2
  /nix/store/bybf9g2p4sc94zcj843ndvyd88l58n89-qtshadertools-6.11.2-dev
  /nix/store/iw8fdp72c6mcsbn2j1drp0kw2m40sd94-qtspeech-6.11.2
  /nix/store/4p9fb0hrg89h4qs1sl3hlizvbjp82x9h-qtsvg-5.15.19
  /nix/store/4h785sjns59fx375v60d70zdqgpd5291-qtsvg-5.15.19-bin
  /nix/store/wq21n1mb1v5s4hwmd5c4pi62srm0xd00-qtsvg-5.15.19-dev
  /nix/store/zpn6qyn74wn3ji8g39mg340ha5pykph1-qtsvg-6.11.2
  /nix/store/1rrj6nvrlkbjbgn1nrly2hhc015a993p-qtsvg-6.11.2-dev
  /nix/store/kgb2n3wglw9zsg4ly4bfby9z72g0wc00-qttools-5.15.19
  /nix/store/9lbijr8sngi36h7c7abjq74jswr71ynp-qttools-5.15.19-bin
  /nix/store/zl9j32ik1fbnww5skqxjvybcvbk0i3q9-qttools-6.11.2
  /nix/store/sh2nbn8yhladqqx29lqkl2shg0c9xilz-qttools-6.11.2-dev
  /nix/store/1pq0ayvpfsggk5zg9689f1hsqi7dk08w-qttranslations-5.15.19
  /nix/store/446lqn2f26nqpax60r8izqbvyiai6hrw-qttranslations-6.11.2
  /nix/store/f1d1qprwnvb3yv8wxyi9n7llh43ry8iq-qtvirtualkeyboard-6.11.2
  /nix/store/kbjxi53x99p5p80dfvikdwwjbmq9s9ry-qtwayland-5.15.19
  /nix/store/2fydc9ssqg4lrxhvazxs7x8iiq3gskyc-qtwayland-5.15.19-bin
  /nix/store/cfh8glyabbnhvjzm5rr5pc5pzbiynxlv-qtwayland-5.15.19-dev
  /nix/store/h3gbi1vsl4mcrll3yy6l1r54vs2czl6d-qtwayland-6.11.2
  /nix/store/y0k4xg1691hr66z68x2vwjpik0xz2581-qtwayland-6.11.2-dev
  /nix/store/j3yzy0dlyzzc6b1rmgbwq7hb6hfj6dwl-qtwebchannel-6.11.2
  /nix/store/j1xfqka1qhpyf7i7r1f417npv1h6j970-qtwebengine-6.11.2
  /nix/store/lz5yjp9g07pyd8if0a2v5y37vhbhbwfb-qtwebsockets-6.11.2
  /nix/store/5bkhwvgpyc6bz4q8sb8zzkapaffink2j-qtwebview-6.11.2
  /nix/store/nbgqm0d5gnd2cn85nab2ixpw51vx3nhw-qtx11extras-5.15.19
  /nix/store/5phvdb99fipp7sj5l2706p3salz68nv7-quazip-1.5
  /nix/store/98ql77r1vkx9fb858ckyckpry50d8f2x-quazip-1.5-dev
  /nix/store/zla3jir1nbmli67xnirpz3yis21r2dil-quinn-0.11.9
  /nix/store/0m4mcd4zwspyvvf3kma147r9wpzp41bk-quinn-proto-0.11.13
  /nix/store/5w7g3rp0dsm84zgijah3h67i6xq41x15-quinn-udp-0.5.14
  /nix/store/8p1hwqw8hxmk22gj8h2cnkn2y794yhmz-quote-1.0.44
  /nix/store/kwfsxaavgbhk2ggfljql2nc3c4pg5m83-r-efi-5.3.0
  /nix/store/lvpf57yjpvirxn0d3w2hi497y6hhpvdq-rand-0.8.5
  /nix/store/d7wbr9fs7jv7k6dsxbdz2z822s0fan7m-rand-0.9.2
  /nix/store/dqzyfdgaa6724hb48hgdp72bhya6fgh2-rand_chacha-0.3.1
  /nix/store/wvjjwj42bjb12p8l1w3awagp8cgakpbj-rand_chacha-0.9.0
  /nix/store/zd4m6rgyrrpbdfcff5r0h3vnz9k0iqjy-rand_core-0.6.4
  /nix/store/mssghkdazyinkj83bb0c0z3mdwx19awq-rand_core-0.9.5
  /nix/store/xws1nwn562pwwhqfb1imdmj8nqmqsc9b-rand_distr-0.4.3
  /nix/store/nkg1smmn05j9ig33vb1rbphc1ffn5yzf-raptor2-2.0.16
  /nix/store/pc2vjl4xvjvs6mfdw6yff5y0viz9j2v2-rasqal-0.9.33
  /nix/store/wpv8903igiv9v2d5d4a5zm75z0q76ks5-rayon-1.11.0
  /nix/store/bd9lm8aw5ng5lffg9mxvnssql88iq9sq-rayon-core-1.13.0
  /nix/store/2ywdhy32wdx77595ijkn54pcq4s15zmr-rdma-core-64.0
  /nix/store/pkbv160i0kq3g7k52r79a5axmyavhrlh-rdma-core-64.0
  /nix/store/c6mgy63s5y1353152dp2s2jaig026j3h-readline-8.3p3
  /nix/store/q3pcv4x2wxj5jbf10k95s5l8722dxrxb-readline-8.3p3
  /nix/store/jpz5hcx9yhn7wh7nch1qi402l9i22rlb-redland-1.0.17
  /nix/store/x53sdkdd1f5agxfx3qpi9ydfwsfz7rhs-redox_syscall-0.5.18
  /nix/store/gyx75zg952ggbhb5hvp3bwnhvn743fg6-regex-1.12.3
  /nix/store/pbkahf66rlm0xl5asgxw4h3id8yya4rp-regex-automata-0.4.14
  /nix/store/0hgk15s4pbx7mfwds429y0swrszzawgf-regex-syntax-0.8.9
  /nix/store/8yyq6ifh5l3y1pd5j0yd10gqvixcj9rn-remmina-1.4.43
  /nix/store/s4w8p9d5p7w5xgql4j38zl9fc3wsqln2-removeStubsFromRunpathHook
  /nix/store/cyf43xn0xax25vn06zkpppq70gvh64hv-rhash-1.4.6
  /nix/store/d4zqqj1q21wjvv1apq1gl4cm068lca20-ring-0.17.14
  /nix/store/zc6fy62c341aibk36p4ywff7rf9wn4wx-ripgrep-15.2.0
  /nix/store/vs4mzsq46a07yzdgbxah02zw0hc4kzgw-rnnoise-0.2
  /nix/store/2k8w7wdwiifiasx488mf5h382dyydwvy-roc-toolkit-0.4.0
  /nix/store/5011i59wyj76idvwyy0n816xb594mdr9-roc-toolkit-0.4.0
  /nix/store/qb4p1bc62q8ldv4fz0dv290w88dnqbh6-rootlesskit-2.3.6
  /nix/store/cnfiwpp8b21al55xsa07m5ca74fbdify-rsync-3.5.0
  /nix/store/68k8b64zc1zfdwyf1lwkrqd6wkz9s86d-rt5677-firmware-4.16-10-zstd
  /nix/store/skbhgmry23hjv6192gzyc9rxbxm34x1v-rtaudio-5.2.0
  /nix/store/jdq0ssnlbwsyhd6x5r27affhc52mfr9k-rtkit-0.14
  /nix/store/0irzy0hrlhqlxq2yg44gv9a21iy8m9b8-rtl8192su-firmware-0-unstable-2016-10-05-zstd
  /nix/store/kvi03q0ixmy2pzpwh2lxry818mifxpkk-rtl8761b-firmware-rtk1395-zstd
  /nix/store/sajsf391wlaa028x37j4iz1743ii0463-rtmpdump-2.6
  /nix/store/y6ns3kgrn8dmh4y5gyxp5q356rnaqhb6-rubberband-4.0.0
  /nix/store/wvg8wpsa52867glcdjrmm3pvaq2mwmvy-ruby-3.4.9
  /nix/store/850wl524s427kn24s2clh329mz42gsx0-ruby3.4-lolcat-100.0.1
  /nix/store/06ywlc958n1vrs0cgn55wbhxw347q83n-ruby3.4-manpages-0.6.1
  /nix/store/126m5yslxwli3dnmzq8qz41w707670wp-ruby3.4-optimist-3.0.1
  /nix/store/6622aigzzpl7gagwfa2723477z0p2g68-ruby3.4-paint-2.3.0
  /nix/store/8dbnfw0p780m3qwfpjb67283446rl53d-rust-stemmers-1.2.0
  /nix/store/cqlx62f919g8xf2f39bmykslpjdh9z0j-rustc-1.97.1
  /nix/store/0jic5r91bdk8xa025v99s50r958l4b0f-rustc-hash-1.1.0
  /nix/store/6nw98gpb1z67ryz1k16z8phvax45hgdx-rustc-hash-2.1.1
  /nix/store/yaa1sq5g4jar7rvlspy7kk2wd98nj6qh-rustc-wrapper-1.97.1
  /nix/store/rfdwnp39kgdrnbx0il3hn370fd57iimb-rustix-1.1.3
  /nix/store/9g7vx641w6x718d7yx2czhp8z1pv550z-rustls-0.23.36
  /nix/store/bbdai5a0cs8vf0xrd0vcjw44vww683z3-rustls-native-certs-0.8.3
  /nix/store/f4dsri74syg56z3lyx9wwrxnhc4f9q6d-rustls-pki-types-1.14.0
  /nix/store/2xc0pzk9hxl19ziw5q89hqgh3gy57vkr-rustls-platform-verifier-0.6.2
  /nix/store/wxkayl9hynl8cz3iq8am8waid5zs73m1-rustls-platform-verifier-android-0.1.1
  /nix/store/z542vdwyb85krfn4x5knwm454lxfl0vc-rustls-webpki-0.103.9
  /nix/store/qhnp1723gbaj2mx24vax943bzahnzgj3-rustversion-1.0.22
  /nix/store/s4bidzvxphw5cnc9jmw0n8vp3rrpg981-ryu-1.0.23
  /nix/store/gkna446367b3di7jdyzbplbcwjf457ca-s2n-tls-1.7.6
  /nix/store/qd2bdhcf7wg5bz451c2kh09f7paw8jnp-samba-4.23.10
  /nix/store/9hc4lr7psxdj7xqbg6aqhkr8nx7rbp66-same-file-1.0.6
  /nix/store/24ws1wn9psb1lpgx76r7w509kqrd420w-sbc-2.2
  /nix/store/a70bhwvbzmg5hfg8gsmn1kw42g24nxc3-sbc-2.2
  /nix/store/hyin3aq3grxn93qx5frid6xrnypfj0ml-sbctl-0.18
  /nix/store/qypg5xr8zl3zh9lq7x4iam284nkxy3rc-schannel-0.1.28
  /nix/store/i5mhvxnmwa1s7m12b5v6mpfqxcjz510i-schroedinger-1.0.11
  /nix/store/6ifzyibhpdsijf6m63m8z25j7cmxxw5d-scopeguard-1.2.0
  /nix/store/hq5wzyk5m1x6rzh7rbj6vhirmqwczpg9-sd-switch-0.6.4
  /nix/store/0b6yr6w7hz2yl0c8wy2xym8vv9qy43bz-sddm-unwrapped-0.21.0
  /nix/store/pi5p8z36hjg4wjhgizb1h18718aq2zh8-sddm-unwrapped-0.21.0-man
  /nix/store/dkbzp9mb9xhfs099gh6wwv7bzs6pgcwq-sddm-wrapped
  /nix/store/b06mr6kj8aznfhscif17bis325khpw30-sddm-wrapped-man
  /nix/store/da69qm9bail6gvla94gdx29kk7gvlmvj-sdl2-compat-2.32.70
  /nix/store/r8yajgyp53gwa83zyxp8wb2yk0d7l9wq-sdl2-compat-2.32.70-dev
  /nix/store/63ai3hhggv9r9bxvw2qmzml9gh108b9h-sdl3-3.4.14-lib
  /nix/store/kwng81vqzy1zfcy31gi8azpg2fh6dp0q-sdl3-3.4.14-lib
  /nix/store/ssf1fannk5yxzn4sc7ihws07aq8czgg6-sdl3-ttf-3.2.2
  /nix/store/rcwvn48vi65zr4jzgk0rp3y7czfd1a9m-seatd-0.9.3
  /nix/store/5h314snpjq2rlh6y8ms326ii7501riy4-security-framework-sys-2.15.0
  /nix/store/25w8i68jmgx6v50561n8ffba2hr95w9l-security-wrapper-chsh-x86_64-unknown-linux-musl
  /nix/store/kz5pjp83y5ysr3fpqpcc3h1mdn4xdms0-security-wrapper-fusermount-x86_64-unknown-linux-musl
  /nix/store/2pgrskyi0mnqazlsvljs16dvgisxhdrd-security-wrapper-fusermount3-x86_64-unknown-linux-musl
  /nix/store/b0q237ajr70yf52ik3grws592avsrn0w-security-wrapper-gnome-keyring-daemon-x86_64-unknown-linux-musl
  /nix/store/2b9hvx5xgiwmg34ydnn5gxkf90vs5z1w-security-wrapper-ksgrd_network_helper-x86_64-unknown-linux-musl
  /nix/store/ajshvl5ysaaj0a1jm2n99qjklmxrm7vm-security-wrapper-ksystemstats_intel_helper-x86_64-unknown-linux-musl
  /nix/store/3ii72qrkwjaq7sx7snp7yrm4z2ln2yyx-security-wrapper-kwin_wayland-x86_64-unknown-linux-musl
  /nix/store/l1396sdsf0h2vjidpdqbm1y3pmdrv7d2-security-wrapper-mount-x86_64-unknown-linux-musl
  /nix/store/d1ldmgswr3bizk2cww8z520ci75zssaf-security-wrapper-newgidmap-x86_64-unknown-linux-musl
  /nix/store/9a8swiv3n758qlxffyz0dxi3xzkrd89n-security-wrapper-newgrp-x86_64-unknown-linux-musl
  /nix/store/5vwqpnrr164xdwrd9am06hp5n86bi00l-security-wrapper-newuidmap-x86_64-unknown-linux-musl
  /nix/store/4famq0b3syfcb5si3i2gcmhlchh65hhm-security-wrapper-passwd-x86_64-unknown-linux-musl
  /nix/store/v3x8q62gylac8wqq89sh0famf9bclb8p-security-wrapper-sg-x86_64-unknown-linux-musl
  /nix/store/92zji8hyzlvzarmpj37z4qlcwm7xy0xb-security-wrapper-su-x86_64-unknown-linux-musl
  /nix/store/vkb0x0j6l8ivhxwbpvc0m3k6y39j1qis-security-wrapper-sudo-x86_64-unknown-linux-musl
  /nix/store/fcx6ly140rw2883algb3gxlvff0csni9-security-wrapper-sudoedit-x86_64-unknown-linux-musl
  /nix/store/p15girr69yqvyhmx62lswq6jlw7qq2rf-security-wrapper-umount-x86_64-unknown-linux-musl
  /nix/store/fzif7vrnia7fmgs09v5bs2143801ch6b-security-wrapper-unix_chkpwd-x86_64-unknown-linux-musl
  /nix/store/j1pgy0y3js71r5rxin19dpg2qcjqy6i2-serd-0.32.10
  /nix/store/xwfx6qm2n0q4w74nbadz79ysic3bh9k6-serd-0.32.10
  /nix/store/crql5d3jx6kw9v77qb5fkga8c5k0czqc-serde-1.0.228
  /nix/store/r12gzrd0ynvaf4g6md668lq1gg6ik6r1-serde_core-1.0.228
  /nix/store/aqikhxip445pnwmrgfvj33q4qakxbsvw-serde_derive-1.0.228
  /nix/store/zz2ggld8676bxf31421py5rb6lynbm0n-serde_json-1.0.149
  /nix/store/hgav10pzsajbdnxip6gdm9cikvkfzp0r-serde_spanned-1.0.4
  /nix/store/ma9wr3rh0rr0plzz5dmh87dxk734n7hk-set-java-classpath-hook
  /nix/store/b31794j1sciflwg7d8lq5cy5bal066gk-setup-cuda-hook
  /nix/store/nmrah0zi4n7cz584xl1malji1znm40pq-setup-debug-info-dirs-hook
  /nix/store/yaszmgraww7cfzggxz3l6rc6lpx68bw0-setxkbmap-1.3.4
  /nix/store/abkgpvz5wxld2k940l54xgzls6yhy0g9-shaderc-2026.1-lib
  /nix/store/qikidl3z4p1i05wri3y53ya4gq2nb8as-shadow-4.20.2
  /nix/store/5xx77qsc55n42d8ncciq8nrhq958sigb-shadow-4.20.2-man
  /nix/store/s4agqlvvaaq9j6lmh68k329pgpahnsij-shadow-4.20.2-su
  /nix/store/6qr93hk6vd4yq9z508lvshbglq0j14f6-shared-mime-info-2.4
  /nix/store/96d5lcrcp1x0ccyliwwk8xh7rssm4hdx-shared-mime-info-2.4-dev
  /nix/store/895bshj6vvcqi1risy5am7drrb0mzl09-shlex-1.3.0
  /nix/store/r5vcl1pky6gk8ds4xcx4n4lgvyxg85cg-signal-hook-registry-1.4.8
  /nix/store/46x20vc833xsd6sx5gyx06arnv7zafhc-signond-8.61-unstable-2023-11-24
  /nix/store/7kqagn2j45smcmcmgv451wik0sdl9jpi-simde-0.8.2
  /nix/store/pk17pfbv9kknm5vxiy8lnpcjv2wp148r-simdjson-4.6.5
  /nix/store/gr4m16ipyv5b5ilhrg54s12b7pqin75w-simdutf-6.5.0
  /nix/store/j4qg8flsdxhdnc7a4hdawdkkg16d5li9-simdutf-9.0.0
  /nix/store/55ib0h9ch3qq7fhh9nr2mfp2bmc3zdk4-sitelen-seli-kiwen-2.2
  /nix/store/wyr1lvhhq68m5as3xali1n0gdkawhy1r-sketches-ddsketch-0.3.0
  /nix/store/c2ldxbwqn6zyhpdx5r9mdd80iv0g8863-slab-0.4.12
  /nix/store/i3z40z49s5lk3rbfinv0m2b4w3hqkg6c-slang-2.3.3
  /nix/store/qd8cyh5b6c78wch2zwjm3w85i0l8lihq-slang-2.3.3
  /nix/store/nnm2q82309yipp2h03f86wsywq9mnl5z-slirp4netns-1.3.4
  /nix/store/bxavdgf6j9dmgy8bgrifwlybwnls98wg-smallvec-1.15.1
  /nix/store/m8y2011d3b18fm6bfm5bcmmgsr1hjrqr-smartmontools-7.5
  /nix/store/01pgqzypar9w93zgcfvyi1yxa50fjbj1-smartmontools-7.5-doc
  /nix/store/cls1fk80ngzvpq29vjwb3nvifabbim6i-smartmontools-7.5-man
  /nix/store/053j4saamm52v5mh2ryvkjwgli2z9i4m-snappy-1.2.2
  /nix/store/9hfnl4wvcxiag2lrmsxzmls4cb2pw7d7-sndio-1.10.0
  /nix/store/a8hj1bz1gd378sxz4fabmgrl61ad202p-socat-1.8.1.3
  /nix/store/hlf9l0fl1iviw1w0y0kn4i9ajb7g2a8k-socket2-0.6.2
  /nix/store/xrpd4ml27864q6vyf2y4175clcb5rad0-sof-firmware-2025.12.2-zstd
  /nix/store/i1hxm5lwp2g0kh0bdsql08i3ywbd3ppl-solid-5.116.0
  /nix/store/8gxrh4dn1vwspswsrfwc3yy6bhg8vlh9-solid-5.116.0-bin
  /nix/store/zma3zfvdy1fmk3l50qcdpgxvwv2yiiss-solid-6.29.0
  /nix/store/0hyyr0wk4zpq9hglx7j95044y8akfig7-solid-6.29.0-dev
  /nix/store/wjzk6l1vq270vmixby8x96iaylqvsfvr-sonic-unstable-2020-12-27
  /nix/store/midqzmr4bf51mb9rnk96r152yjc8nfnx-sonnet-5.116.0
  /nix/store/62ix841xgdp1xjg9r0r37q9wrs2frwv7-sonnet-5.116.0-bin
  /nix/store/57s6yqpjmi4nazhi1kc5vi8n9l56fkra-sonnet-6.29.0
  /nix/store/9vlk37b1fgklzwl5bl9xb2dk8sn947ih-sops-3.13.3
  /nix/store/2pdmpcspnk3y430cjcyrns4z8zhvpnvn-sord-0.16.22
  /nix/store/dg1idqnxgl389kjiks8jymh43cl73lp4-sord-0.16.22
  /nix/store/8i0iih8gi24l93clcr51lzgby0h51dvy-sound-theme-freedesktop-0.8
  /nix/store/yag7pa3vqb03hf5ga2jfv7ib0yzg6ilx-soundtouch-2.4.1
  /nix/store/22w7czjai6f30wpii0snwim29k844bj4-source
  /nix/store/55m1xs6y51krd819xrp521az3y9i4rim-source
  /nix/store/5rwc0bsch429s49lg7264p3xqr9ahfhh-source
  /nix/store/di61sysp4abszngwy6a5q8vx168d5a98-source
  /nix/store/j7rj9zyyy7kfixrnmb1b2yw92jvbdw4d-source
  /nix/store/kv95pv4fdgx7c3m0qrmz9j7p29x1y3y6-source
  /nix/store/kyw57g0cayl4icg3f1agkrjq703qiqc1-source
  /nix/store/x28mapfl80f01iqrai1h9g33rg2rq50z-source
  /nix/store/4qhfv0grklrfmvfi8xxqpgah2nqwp322-source-highlight-3.1.9
  /nix/store/7wq7i5fiakxskcqx4nwm8s779gdrc6ar-sox-14.4.2-unstable-2021-05-09-lib
  /nix/store/85dr3d0wkq4ypfyh43y4gka83v0k6p8x-sox-14.4.2-unstable-2021-05-09-lib
  /nix/store/3s1jsaz534diyw2wzwa78zbiv7skiv69-soxr-0.1.3
  /nix/store/8m79rq8m60siv0rvfx0ry74nbjmcv5ri-soxr-0.1.3
  /nix/store/0fsbnxagd21zlp7nl3y6g3y3pa5fg2jb-spandsp-0.0.6
  /nix/store/ljihngad0wck9lh5df8inac5d0m2lviv-spandsp-0.0.6
  /nix/store/x8n3i66y4vw76zfg5r8m1ss2qc7bwd79-spectacle-6.7.4
  /nix/store/0x6r91115mmg0xz5b805a7x8a1acpdf4-speech-dispatcher-0.12.1
  /nix/store/j2x0lpfbdinq114n20x19l3yaa123j40-speech-dispatcher-0.12.1
  /nix/store/4ry6a8hb049lipy8scxc20k3q9n4ya95-speex-1.2.1
  /nix/store/ck3mffgl0pmkxz1w93hn03xplyzysp3j-speex-1.2.1
  /nix/store/2jwn7m89b86mqq6qdmy3aj16xk53krm2-speexdsp-1.2.1
  /nix/store/bmnxdan488ji1jvpff82pghzy1cijj9c-speexdsp-1.2.1
  /nix/store/db268vyjgggyqymsymzl5wg9gi8ri5iz-spice-gtk-0.42
  /nix/store/0ii1vxhd94d50fx33csi0k6f8rb3cr3q-spidermonkey-140.13.0
  /nix/store/6w2734c9gvkw9qz2rsdjmzahi2hv2l7p-spirv-headers-1.4.357.0
  /nix/store/4mcx165b8f1l94ahz06105zph63x13kn-spirv-tools-1.4.357.0
  /nix/store/hdl9ym2qn9d9hqfcym51npddasrz2cr0-spirv-tools-1.4.357.0-dev
  /nix/store/vs80hwhffqwp62lw60scaq0bij8qywds-spirv-tools-1.4.357.0-lib
  /nix/store/n41bzd2ddawpsq2b8yvcq8hf1bw2alq7-sqlite-3.53.3
  /nix/store/xcv2rrfly0za0kdhzvmc0j2a6074zkib-sqlite-3.53.3
  /nix/store/6slrxch2idk9v1hz54yf8bw8sknpxwhc-sqlite-3.53.3-bin
  /nix/store/538744yaz5y7xyx780wpfw2azby9iqxj-sqlite-3.53.3-dev
  /nix/store/bp2dja7vnci8gqn9aljii7snj530bnka-sqlite-connector-odbc-0.99991
  /nix/store/d5dm8qlb15mqys576fdffd1cgmfi6ffk-squashfs-tools-4.7.5
  /nix/store/gc11v5pzr51wzdnbddk1qbyw8vqk59kr-squashfuse-0.6.3
  /nix/store/b8pwpch3xcphymxvrbjqnydk0rvs4f9s-sratom-0.6.22
  /nix/store/h87vbspzld8bwx1938v771xm3xa3swqg-sratom-0.6.22
  /nix/store/2ql841mypwpf6h5l2kxcgig4a755c7kl-srt-1.5.6
  /nix/store/qpgsljqciz2yhjhy6hls65kkali3p2jx-srt-1.5.6
  /nix/store/nz3b611bmq1ghcw2siq5yryrwwqhai0i-sshfs-fuse-3.7.6
  /nix/store/cbrpmwv66zqgd0yr9g4h3lc0wpjvq980-stable_deref_trait-1.2.1
  /nix/store/1lx24asdfzmm3mw8842fd07ipl24cpkz-stdenv-linux
  /nix/store/9n93cw9bf9psd513yvvf8dw71nn2rj81-stdenv-linux
  /nix/store/ar8vbhwis772dv7axxrb5mnavfqg8g00-stdenv-linux
  /nix/store/dvj9bnk0vdbzzhn76wsnzk1dv6c6jbx1-stdenv-linux
  /nix/store/n48dlk4jjp7d34f2p9c0h23dfm3jmg3f-stdenv-linux
  /nix/store/gk2waq8jq7b22kj6shg6qkya3yj06vdr-stdenv-linux-no-cc
  /nix/store/img0js3ra4jmw7qq8fqwhvg21k6dg0xv-stdenv-linux-no-cc
  /nix/store/crzq1vdv4g284w6f633qm5d83iv40yvy-steam-devices-udev-rules-1.0.0.61-unstable-2026-06-25
  /nix/store/abwv7appz8s4aqzgr5ipi4qlj2ybklf5-stoken-0.93
  /nix/store/08vy0kmn5h3sazb03mpv64mprz5fzb8i-strace-7.2
  /nix/store/3b9ibd09ycx1f2m50xkc5yizvf9qzbc5-strace-7.2-man
  /nix/store/dfzd3p3vm4d3h95lf3wgbf32dp8d3gma-strongswan-6.0.7
  /nix/store/q2dg4chffdlrajpqjqnyw81ndkhlfra3-strsim-0.11.1
  /nix/store/ndizvzqjkyl4nxg6fyiijn9xbbg8jg33-strsim-0.8.0
  /nix/store/ckfd0jf00zf6h8znkl1bh4ysnrhd32gc-subtle-2.6.1
  /nix/store/s05dz73dggmw5dz5x9v6phzgdlvvgf00-sudo-1.9.17p2
  /nix/store/4f08imnh571wvrzpywlk91vixrm7xn0n-sudo-1.9.17p2-doc
  /nix/store/yc6idkk6xsgc1b87jma1sc6zj3fqyf0b-sudo-1.9.17p2-man
  /nix/store/rwpcdmp6hyh4m2y8zagn4cpx79k7a9jy-supports-color-3.0.2
  /nix/store/jy87349mrlp410y87rgga65h3dgkyw1x-svt-av1-4.1.0
  /nix/store/n04f7dj0arg3v9h1h8y01spf1qkbnmvh-svt-av1-4.1.0
  /nix/store/l9ryvsi9rlwcw3c14fkbl7x91qxsshh6-swh-plugins-0.4.17
  /nix/store/k953xspqi6q2c34y7h51ydj3471yg2i2-switch-inhibitors
  /nix/store/n0anxkhzl1psx02r056rq1xw27d6b45d-switch-to-configuration-0.1.0
  /nix/store/qd1d78sb07s5dwqfazagflmviy2xldik-syn-2.0.114
  /nix/store/i3my5lrbj5g450097rdhbd3pvd71liqp-sync_wrapper-1.0.2
  /nix/store/nxc31faznkkmzixcnpgvr9br6rjalip2-syncthing-2.1.3
  /nix/store/igdciwx13waqlrwp8s3vk7dc79v846x6-syndication-5.116.0
  /nix/store/i51lpjzfavjsii0m14h3ny7yvqmxfrsl-syndication-6.29.0
  /nix/store/asyy7py38avrxqmhivz1q9zw74i1k0al-synstructure-0.13.2
  /nix/store/95cgik21g8x8c58h84x34r9r558n7gyd-syntax-highlighting-5.116.0
  /nix/store/g4819imp2xxx5c8bh32w4d0r51vlhwkc-syntax-highlighting-5.116.0-bin
  /nix/store/ymwi7kn3b5r75bpbyb4yw70l9nsxrxgk-syntax-highlighting-6.29.0
  /nix/store/6b85s5mbpsr5xj0rxsix8l8v1zw3ywgi-sysstat-12.7.7
  /nix/store/kvfgqkprc32m4rn5m6vk8fkhlb4y000h-system-config-printer-1.5.18
  /nix/store/n6mmj3d5r08g8vy2p5kjva6910i975xc-system-configuration-0.7.0
  /nix/store/ml4hcch8cwy670405bcr71bvvlj7mdqi-system-configuration-sys-0.6.0
  /nix/store/g2lja5h5fzry7jnc4pp0v9bawphs7l43-system-sendmail-1.0
  /nix/store/sm8d6jpilwdy3bw3yq2lv8rr8jld26pb-systemd-261.2
  /nix/store/x9mqqv7bkfdz2ngs6y3j23qrcabk2i7x-systemd-261.2
  /nix/store/sx6v3j6nlzb4dpxrv5v1pkzkappy6n7d-systemd-261.2-dev
  /nix/store/fymqir88fw6va1zvqy8r3s7ik2fxiac2-systemd-261.2-man
  /nix/store/2r4bdx6p6qw8g8gdh04g8pf4llwg5250-systemd-default-tmpfiles
  /nix/store/jc4ly9i9ply965i013c4hm97fwvcpxxi-systemd-generator-environment.json
  /nix/store/4v5h4fnb8m9zf0fix0rxnwpgymz34wrv-systemd-minimal-261.2
  /nix/store/w739x4v97c261v1vwcsk4jpw99qy9qgf-systemd-minimal-261.2
  /nix/store/4hlgp6r4j5p6b2b9sxw01cba0x3fjxd6-systemd-minimal-libs-261.2
  /nix/store/wmqqs8720wbpqqsxka903wgr7dvxfzfy-systemd-minimal-libs-261.2
  /nix/store/00vmp292cjgwhzp089cszl51xiq8ncrj-systemd-minimal-libs-261.2-dev
  /nix/store/kaz9w3axnk3byibj1fqfahdd0w3v6d25-systemsettings-6.7.4
  /nix/store/7jw3jphcvakg7s7ypifgxrq6f8ihf3xj-taglib-1.13.1
  /nix/store/3a1y4a1cnxj1w89vphixqlpbjqwspjlg-taglib-2.2.1
  /nix/store/lfqbsp1wh59izfbs39sf9yds7dp0jwdj-tailscale-1.102.3
  /nix/store/2ihyg24nknnvi3fyx9kiwskh1dg1f0wr-talloc-2.4.4
  /nix/store/5mx3hl1w4vfgk9wxnf2ajzq5p8r9rz82-tantivy-fst-0.5.0
  /nix/store/cm1r1dml740xsbfaxxvxrgnn3n2ma8k7-tcb-1.2
  /nix/store/vylybvan9x6w1qvyirr2ikjd1scv94jn-tcl-8.6.16
  /nix/store/kff0blfwma5w1h6zfiwhych3fsf30ab3-tdb-1.4.15
  /nix/store/8m1ag98yg081p8jr319lvffzzpid1zk2-termcolor-1.4.1
  /nix/store/bv3yzxlghi529ia2vfnpy2x80yy1qhb2-tesseract-5.5.3
  /nix/store/abrdf6gyd3a86i5bnjivj8gg23v3v57h-tevent-0.17.1
  /nix/store/mlsg4880asfj91q6n7g1p4gj4j6zxdai-texinfo-7.3
  /nix/store/462ccf0fjgdgd2mb814xb1rx43wz6v3i-texinfo-interactive-7.3
  /nix/store/7dvqqxp3c6pca7lr380g8nrs33g8jm0c-textwrap-0.11.0
  /nix/store/qfpx1xwb3r6d8szmydj1kr5wasqsgp5x-thin-provisioning-tools-1.3.2
  /nix/store/w2sw12k5w662fyd96l6zzm4mv6s19yxz-thiserror-1.0.69
  /nix/store/qlhrw59bc349lhj704kh0f5sm023idqb-thiserror-2.0.18
  /nix/store/mn305crl4hv00gq5jzmami1cz1lnd7gv-thiserror-impl-1.0.69
  /nix/store/b2k79nh12jk9ak83wpyg0qacjllyqas7-thiserror-impl-2.0.18
  /nix/store/x5019sjyjn62x96fni9bz7kmpz7i81hr-threadweaver-6.29.0
  /nix/store/5v2j8ivh3f7zw81q5jj11fnl1pv2zjzm-thunderbird-unwrapped-154.0
  /nix/store/mfqbkra3wywc2h5mqzjq0ig6iisy5rb0-time-0.3.47
  /nix/store/0b6n1yq24vs9xwlxzbla0jvidaghwabz-time-1.10
  /nix/store/0539wq66j5s0mqiclsgaqhzy4kfyl7lr-time-1.10-info
  /nix/store/4iyfpafxfrfa9crz6ccpm52x8w1fgbdw-time-core-0.1.8
  /nix/store/04hfqkkvfzr4gx950bakbd2vmf3jnai0-time-macros-0.2.27
  /nix/store/s0bbidsq529dibw3in8wimxk6jsf6yrg-timidity-2.15.0
  /nix/store/vgzsyq4nhmbgfzfxfjqvc3vg61sn4px3-tinysparql-3.11.1
  /nix/store/wlc7za1p8zwiv1hfixcrzvlnscsnz9wm-tinystr-0.8.2
  /nix/store/7m0h1yg9x7rm9njbzw29f4dn5m7qfpjf-tinyvec-1.10.0
  /nix/store/k0jfss4jqk721fpi9kjrkxqzs6kli11p-tinyvec_macros-0.1.1
  /nix/store/zlrqzrkgs0hqa172gqj2wpcr6sijfh2p-tmux-3.7c
  /nix/store/0qbs05r63cgis4k8dpsbvhj4czgswxc8-tmux-3.7c-man
  /nix/store/fga6vvgh7szb1n2swg8inkxsn7n3mwyx-tokio-1.49.0
  /nix/store/27yk204h9aiyn9w570n7r1ynm93n5qy7-tokio-macros-2.6.0
  /nix/store/7jwlkvlsxyngbhad94i3pclxrr323hhv-tokio-rustls-0.26.4
  /nix/store/r0k77fqfk2h1r2h9jpwh80k5kignqjjr-tokio-util-0.7.18
  /nix/store/imhfn4kwpsq2gbg234jr0g7k8p00ymg0-toml_datetime-0.7.5+spec-1.1.0
  /nix/store/2fnjr0dl01fkd5hhi02rfwwdgz9m9527-toml_writer-1.0.6+spec-1.1.0
  /nix/store/ii76lb64v3pzca97q8m62mdw7z53ywjq-tomlplusplus-3.4.0
  /nix/store/iar2pgh3n1xbcr1vqyv4r7yscngjc3w1-tower-0.5.3
  /nix/store/fipa5iakrj1xp4yfy13qzq62mwap5hqz-tower-http-0.6.8
  /nix/store/mh6a2wpnkpwhs9cgwwdrgvxdy8418ybi-tower-layer-0.3.3
  /nix/store/s4fa64l39idc9cby1lzjx4pfwy2ld8jq-tower-service-0.3.3
  /nix/store/6905zbz5ajxc6frmzhk43r7zm88zkds2-tpm2-abrmd-3.0.0
  /nix/store/c4xcgcy5dhbncpxpizcyj9qqd7ihj8q1-tpm2-tools-5.8
  /nix/store/8kdw4bzswar0130r5m5cd2m3ga22lmax-tpm2-tss-4.2.0
  /nix/store/nvfwgjk1mp7wrw4r3yx79zvjcv7nf790-tpm2-tss-4.2.0
  /nix/store/7h4747l8p2crmk6p8dywqlk61w5gbvgp-tracing-0.1.44
  /nix/store/mwv5mzgb9zj0aw83aay8qd23w16kb9q5-tracing-core-0.1.36
  /nix/store/k8jxapmcy9w8hq4n2nbgd173nv704v4s-transmission-4.1.3
  /nix/store/1rjdshmscq87ylkgagg6m21v68zd2h0k-tree-2.3.2
  /nix/store/1fdnx9ccgjbqm7m7bvnvj9ad8gqbkksi-tree-2.3.2-man
  /nix/store/95gf6wyzwb40llsqxkyaml0qslrdcr0q-try-lock-0.2.5
  /nix/store/9rzklckhsa0d19a4dcz88n6nhqh0x60h-tuba-0.10.3
  /nix/store/w4v852maldlbh2065d59kyrlqbmyjpka-twolame-2017-09-27
  /nix/store/p0ff33dca0fbkskqwrl3spvxcn5974h0-tzdata-2026c
  /nix/store/zsvnwwqzpyvk89j28l4lhsg8z768lkzj-tzdata-2026c
  /nix/store/fws7l2xnvw9y64c1037al83wllp2rzgg-udev-check-hook
  /nix/store/qalh8v9y1d60yfy1c8cc1r9jpaqvw119-udev-fido2
  /nix/store/2rypfklqw1s7y1ym2z20wjqzahjrg8lg-udisks-2.11.2
  /nix/store/va70fy5p2r78s1xs1jyfkp3myjv20nzx-udisks-2.11.2-man
  /nix/store/7q2xxbbd1m71fx62dmrasv4dmi2p1sz0-ulauncher-5.15.7
  /nix/store/d1lr5gxnfj96v1brdpk85gz7v6d5ywxq-umockdev-0.19.3
  /nix/store/pv5xx8zgaqvpis3qwqd0jsf0y51nn9sa-unbound-1.26.0-lib
  /nix/store/qvh3wmxf35f8cb8sgb99cysrqikijzvj-unbound-1.26.0-lib
  /nix/store/h2miywckgv13n3s56rkh9g8fkqrzvrjm-unicode-ident-1.0.22
  /nix/store/h382r8w5mbw3n7vragwlpzbj4ix14ik7-unicode-ident-1.0.23
  /nix/store/3bpi2sspk9zjyrmq5ic14yd3j8mbz851-unicode-width-0.1.14
  /nix/store/y3ws2lwl36ni4151118i2sgv8pza8ydz-unifont-17.0.05
  /nix/store/r3y8ga4jfv82j7ccdz688gar6zv421v2-unifont-17.0.05-bin
  /nix/store/3c8541s3ylmhh6ms0zikhah72355zbax-unifont-17.0.05-man
  /nix/store/v7bqdfrrsy5jvzj0kjf1b82y83kh7aky-union-6.7.4
  /nix/store/mn7phb16qi17g5s0id8fdqzhmj7mvq7y-unit-script-wpa_supplicant-start
  /nix/store/y41kl9bdj5js1asbixdxavnasagn7r8h-unixodbc-2.3.14
  /nix/store/vpssg26g9hfk36p391n6yvb3y9c3k1ak-untrusted-0.9.0
  /nix/store/bwr215dlsd7k4r1j00m05h425i32hff9-unzip-6.0
  /nix/store/7n9ldpw06qbqlnf0iaig26agpn2aazfl-update-autotools-gnu-config-scripts-hook
  /nix/store/8dj0z811igxg8253f01smmljv79h9y40-update-autotools-gnu-config-scripts-hook
  /nix/store/mf2592fgcxxp0n185j86jbyfwgxndjgi-update-autotools-gnu-config-scripts-hook
  /nix/store/5mg55wxbm96v7fqfmmyg8xl7zp15g32s-upower-1.91.3
  /nix/store/lni80x61ghbkn7dhhq5c3mmhb9297a86-uriparser-1.0.2
  /nix/store/ap0v3rggpvycxsm1nczjrf1i80451ckj-url-2.5.8
  /nix/store/9284sl338l6lsb5g16crvkclrc8cv5iv-usbmuxd2-unstable-2023-12-12
  /nix/store/bn8jgfwnxv5dlf32yk6cf67lflhz1mfl-usbredir-0.15.0
  /nix/store/jy2wa1w10h8q8inmsn10f4rfb0n7r2ss-usbutils-019
  /nix/store/xm4v3vd4vzvqcrzn2q1djbzydhblfm8y-usbutils-019-man
  /nix/store/kq1q4wlqnq58sgsjin3nbry8b376mdi2-utf8-ranges-1.0.5
  /nix/store/ss0p3alf829vjqmxq0cff5sgbzkh53i7-utf8_iter-1.0.4
  /nix/store/7hq6cvqn5f8ml7mhxd3gin7zspn3bbrf-utf8parse-0.2.2
  /nix/store/hy3ixrsxjp28hn13g1b4fyaxjdlqfhb4-utf8proc-2.11.3
  /nix/store/ydr5qvcdq2ahmik8n636k6ryss117zpk-util-linux-2.42.2
  /nix/store/zwv3i1aawb8zmxj029x7lyd0an5q4nj6-util-linux-2.42.2-bin
  /nix/store/jbabbms2wag2gp01ilzwjka1j1danq3g-util-linux-2.42.2-dev
  /nix/store/rm1pxpky3hd09wa7aa8w4yfa19141sl5-util-linux-2.42.2-lastlog
  /nix/store/rkdfqfbwyiwg2pgvw7rkd0g71b702s4l-util-linux-2.42.2-lib
  /nix/store/cnlcnkrhd3h67g92jhxij3w864ynhi6n-util-linux-2.42.2-login
  /nix/store/s6glfxnfja5a2kb1rv2ln2qyppiyy19k-util-linux-2.42.2-man
  /nix/store/7x021x160xhywqya2vwigp49ax8hzgv4-util-linux-2.42.2-mount
  /nix/store/zygwm8dln4ck42wc90gzc668jbrhdvpz-util-linux-2.42.2-swap
  /nix/store/r18mzj4svh0z26l11q0jlkpcp5bxsl64-util-linux-minimal-2.42.2
  /nix/store/65ql38i4yki6adklv0d83amba6c5cd9i-util-linux-minimal-2.42.2-bin
  /nix/store/17xmg38m60inc59az3frp540ccrwn2r8-util-linux-minimal-2.42.2-lib
  /nix/store/sivpcqqz85px5xxyi5ssv8r1dksmhpbj-util-linux-minimal-2.42.2-lib
  /nix/store/5xym1gmpk8kxl2vvfaaxja52qap9g49l-util-linux-minimal-2.42.2-login
  /nix/store/8zssg9kcpfpnhqv6java50jigrmpdbhf-util-linux-minimal-2.42.2-login
  /nix/store/lcfbxbkjf1cjb0w6drxn8ynxp6iv0cl5-util-linux-minimal-2.42.2-man
  /nix/store/59qsa2rfqvj2frvnd3lz2w52bh3xzjci-util-linux-minimal-2.42.2-mount
  /nix/store/y5wm7dfqpbqjx7nsmp67dpazfdkfqxlh-util-linux-minimal-2.42.2-mount
  /nix/store/mkrc0dnys009hh8hl04pczp6kldcg87v-util-linux-minimal-2.42.2-swap
  /nix/store/pk57x9ah1zz13zwarp0k0g2jzfi7chdm-util-linux-minimal-2.42.2-swap
  /nix/store/8s9m903a0jksk4bcrxv7akf1dxdz5wq5-uuid-1.20.0
  /nix/store/dx4ixdly13b4q9n71ikww2ghg8j0n330-uvwasi-0.0.23
  /nix/store/4ilvnjx56dbih94vh2q92v5ghrh7fz5b-v4l-utils-1.32.0
  /nix/store/gdjjpkvvb81kyc63n0cpw6738yg0afml-v4l-utils-1.32.0
  /nix/store/7dhh67p9dhcw6n06gwxkc769dvd7zfzh-v4l2loopback-0.15.4
  /nix/store/417ksj5vn392rn9hkrnvcjmw6p8ip8il-v4l2loopback-0.15.4-bin
  /nix/store/bmycdspfn8fm1lh8lq6n9wgym2zgqndf-vala-0.56.19
  /nix/store/hn7mm7s2g92m3w0ayhx0h31brc6k144l-vamp-plugin-sdk-2.10
  /nix/store/9ijkdm69gqg9waxj8g70aaah10s9x0wp-vcpkg-0.2.15
  /nix/store/f134l0flmrxxsih8zb14mg0vrbj6bfpa-vec_map-0.8.2
  /nix/store/cg4fyskyr8ydsfb1qd1d64jpqrahk4ll-vid.stab-1.1.1-unstable-2025-08-21
  /nix/store/wm6nhgcsc1d7m287f6adm9qaswdr1w9x-vid.stab-1.1.1-unstable-2025-08-21
  /nix/store/mgv08mjriyb4sbf18znpg1qmhdjnsprf-virtualbox-7.2.16-kvm-dev-20260201.patch
  /nix/store/kpq6igl0d7p0b4q869w4149l91s7nisr-vlc-3.0.23-2
  /nix/store/p61dqikb4axa1pxwaq5g066j49g646br-vlc-3.0.23-2-doc
  /nix/store/5dv1nc3h73lnvkk576b4mpzr4505jfvy-vlc-3.0.23-2-man
  /nix/store/j167zaj78cmkw7dk5a6k8cyvxypcsp42-vo-aacenc-0.1.3
  /nix/store/p9bcsp994nk0c33nvdfnh1ha58y4mm2b-volume_key-0.3.11
  /nix/store/mfpq2i04rkbfpwskqbd44m6s473rn6y4-vpnc-scripts-unstable-2026-06-29
  /nix/store/kw4is6f89jv5wr8nk4gpq7i3h65p6025-vscodium-1.126.04524
  /nix/store/5zz5h90qbklz80277av7zr01bzk8jbnf-vte-0.84.1
  /nix/store/y4wax74bc4q368vn9gszqfpqm08pdg01-vulkan-headers-1.4.357.0
  /nix/store/4q9i3yxr7g8qh589bcclkig63rp9kzih-vulkan-loader-1.4.357.0
  /nix/store/lk4614327cn1h9z3m6cvnls95n13m1cj-vulkan-loader-1.4.357.0
  /nix/store/v3cjb49fng33cddf41nj18z5idlkj86a-vulkan-loader-1.4.357.0-dev
  /nix/store/p50b856pwzpcwyd6jip71lzqc3zjamzg-vulkan-tools-1.4.357.0
  /nix/store/vyw07h6dpxcf2ihn62ghxfwf50rxppfv-w3m-0.5.6
  /nix/store/ip3as7hny7kwp99nbyw0rlw5aqiisk5a-walkdir-2.5.0
  /nix/store/xb3gpn91d34lnp08prwm7v332riwvmib-want-0.3.1
  /nix/store/4l6rnjcqyz6pj94irjzvv99q5qyrvhd2-wasi-0.11.1+wasi-snapshot-preview1
  /nix/store/qlmms46pkagv419b7warigna7rg8lq0n-wasip2-1.0.2+wasi-0.2.9
  /nix/store/kylfvh3p5rx1xjhkcgrd8qgqshys1n8q-wasm-bindgen-0.2.108
  /nix/store/y50yqpj36hn4wwpwzy7cppff9xvksvax-wasm-bindgen-futures-0.4.58
  /nix/store/kfpjy8d99bqnxngg8pr0ls3zbq8w5vn9-wasm-bindgen-macro-0.2.108
  /nix/store/frq3wf1316wj1p3j501r2i9jf73xmv4y-wasm-bindgen-macro-support-0.2.108
  /nix/store/sx1bvm2klalrbxlyij39wbb4xfr2r3z9-wasm-bindgen-shared-0.2.108
  /nix/store/35i3226kw4ja8zg9lkbg231kpmfrxka6-wavpack-5.9.0
  /nix/store/lyy1xpd0abam55lk1dr7p65klak174f4-wavpack-5.9.0
  /nix/store/7xg4b9bpn5hpd8qdkjywks6yy2qd2883-wayland-1.26.0
  /nix/store/vjcwhp0milwa1jqy1inpjxrsh8hjrgwc-wayland-1.26.0
  /nix/store/7svfxf5fpqsn4jjf8r044f65a030f40x-wayland-1.26.0-dev
  /nix/store/nizwbyhv68mxq0yh0p1lxla22l31l5ql-wayland-1.26.0-dev
  /nix/store/4whfad9bjjrdzsym60dmssi7h8icas4y-wayland-1.26.0-man
  /nix/store/20ry3g7frrcvkiyhbqrs6zi1zll0jvvj-wayland-protocols-1.49
  /nix/store/2nlq43n0gc4s8cbjjxpnfg97kgmk8blh-wayland-protocols-1.49
  /nix/store/bbddyj6z3hiacsj2yx5p3gvygrb941f8-wayland-scanner-1.26.0
  /nix/store/f77w2dl63fcb44js76r3fkvkzaiw7qfc-wayland-scanner-1.26.0
  /nix/store/6cjldjsp40m8jmwc4ynnnvdkbxjwcc8h-wayland-scanner-1.26.0-bin
  /nix/store/6py8w9h5bqx0yfsdw53kr9959ic60kkq-wayland-scanner-1.26.0-bin
  /nix/store/ra1zj8jfav5ifwa2j05ij0hhlma7sjxq-wayland-scanner-1.26.0-dev
  /nix/store/vxskdd8aynmbwn73p4d1m28izg9hkaqn-wayland-scanner-1.26.0-dev
  /nix/store/d1n59ws9cxgy1c8hj0janvj30fa7vc3m-wayland-utils-1.3.0
  /nix/store/fysijdlpkn6x4ph1cnp8zqv0cip4ijkg-web-sys-0.3.85
  /nix/store/ljpd6sfmw74a1jzpbn4s7aszdgmy5shm-web-time-1.1.0
  /nix/store/f8dxgv2x140iwmzisq03lbgl74jvhqc7-webkitgtk-2.52.6+abi=4.1
  /nix/store/glvd2r8dlhac81vkgjapp1zcs4bbdzq6-webkitgtk-2.52.6+abi=6.0
  /nix/store/x5xy1yi899wg5kh6xfxci79ck3lfschl-webkitgtk-2.52.6+abi=6.0-dev
  /nix/store/6bi0c07q7xrmz8jzws6lh58yv1zzxs3k-webp-pixbuf-loader-0.2.7
  /nix/store/im3cmxr4zcdb6r001sjxivqjb0fkmskl-webrtc-audio-processing-1.3
  /nix/store/428v2q278zfcq10qkmh3iyfnm0zlbrwz-webrtc-audio-processing-2.1
  /nix/store/cypv6wi63p95pdlx985fn72sm8lzspi6-webrtc-audio-processing-2.1
  /nix/store/g74qm971q5fdjj0w8fd6bafznbl6gf63-weylus-unstable-2025-10-08
  /nix/store/r52hj4qxkk77bh94hkzyh6460dk04369-wget-1.25.0
  /nix/store/wzcyfd66wgvgjpl9l1l69lccfhyp1fnb-which-2.25
  /nix/store/hs5lj139zafzp1qkjdgxjwbi9zaj11an-which-2.25-info
  /nix/store/47g35cmhjr87nh3m60kxyz4jjp3snyxs-which-2.25-man
  /nix/store/3yn11zahvczkb7ic50n5si85bsdil5xv-wildmidi-0.5.0
  /nix/store/k4j9fmjzbdya22ldvjf9sbj46s1ljzsk-wildmidi.cfg
  /nix/store/yz2ck4d6114knmvhib0y352cdpkp4dkj-winapi-0.3.9
  /nix/store/gkpxqhvyp125dbsx96m70in85d5hz042-winapi-i686-pc-windows-gnu-0.4.0
  /nix/store/1bl19pvwcnc2gkq2rmwav1qmkwby0638-winapi-util-0.1.11
  /nix/store/b8ipcfx271drdv0qldvl1zhnk754izav-winapi-x86_64-pc-windows-gnu-0.4.0
  /nix/store/8qjlfgdg6fb9y0c3z1237kgyk28cp8vl-windows-link-0.2.1
  /nix/store/zr130ldgy9a2mcfgp0ngn5hcj425v952-windows-registry-0.6.1
  /nix/store/a0k2bhal2cqpxksd50gmgj7mcxicaz0z-windows-result-0.4.1
  /nix/store/ljvdsnavczqcl3ay2xzmsjv0i7rw272b-windows-strings-0.5.1
  /nix/store/909jdqwhp89nzr0z6pbv1hghcbp5a9x7-windows-sys-0.45.0
  /nix/store/6g7wyhcr39p7izn3xl0fixdzhz7iybd1-windows-sys-0.52.0
  /nix/store/j81fm3m9y8fg27iqa5j5fy0571q7z26v-windows-sys-0.59.0
  /nix/store/29h7k3317cy8wadzkdi1d96ssr4mfjv7-windows-sys-0.60.2
  /nix/store/hlzz8xlkal75dclw3f783g32wrh0bgz4-windows-sys-0.61.2
  /nix/store/8r9wsg9darhfnz0j39imwjzpvdv9x1ms-windows-targets-0.42.2
  /nix/store/dqygqlza4chpxymkww20apqyqhv55ssp-windows-targets-0.52.6
  /nix/store/lf2jr9829x18d6w3c0z2b5113vpjxazf-windows-targets-0.53.5
  /nix/store/n72axm8c71nyfwj3idyx1ba309f474yl-windows_aarch64_gnullvm-0.42.2
  /nix/store/1zs2an2a28z9qwd16w29yp2lkvyajp2k-windows_aarch64_gnullvm-0.52.6
  /nix/store/bcg39i1pywwi55805ymbkya1fgrzw02w-windows_aarch64_gnullvm-0.53.1
  /nix/store/v9a4lzx143f3dxb1fkbg4nd4aaaz2w4j-windows_aarch64_msvc-0.42.2
  /nix/store/ycrmwj4n6l3gm9yf093dvv16bp3vjlf1-windows_aarch64_msvc-0.52.6
  /nix/store/gav9ayr5c9a8gd2wb0pf72hhad5xmk2q-windows_aarch64_msvc-0.53.1
  /nix/store/b9grzksaw66m9xgxjxrf8asp67263brx-windows_i686_gnu-0.42.2
  /nix/store/679jf8qlz233flq2vw1sigw601ahh5b8-windows_i686_gnu-0.52.6
  /nix/store/x157wg0vpnlhx7vnrmc53c4xwdha8kap-windows_i686_gnu-0.53.1
  /nix/store/lpcrcs7y6x9200f1n8603ixnd17zjjim-windows_i686_gnullvm-0.52.6
  /nix/store/a3sy0f42wixg4fl6ydk29xk5f0fzq17w-windows_i686_gnullvm-0.53.1
  /nix/store/n1wabz5ccmbarrwn09w5pnam8f66y04j-windows_i686_msvc-0.42.2
  /nix/store/dpnb13jpgasymlx135yzj9yxvpyb5jp2-windows_i686_msvc-0.52.6
  /nix/store/f2m8h2phdx7vfc9va2wxda114wbadjjr-windows_i686_msvc-0.53.1
  /nix/store/5v6mhh9wb1d837bawbj5v1kvgns47y99-windows_x86_64_gnu-0.42.2
  /nix/store/r5prhaygfgkzzlvp80lgnls345hpbj8l-windows_x86_64_gnu-0.52.6
  /nix/store/3q313xn80gjdjbng9wr4v3qn8arv6x5z-windows_x86_64_gnu-0.53.1
  /nix/store/v6wdqq5rah65cd033fkaql3ly8s85n52-windows_x86_64_gnullvm-0.42.2
  /nix/store/wz11x3yps4n5gjhbxgzfb0c3f21dzi93-windows_x86_64_gnullvm-0.52.6
  /nix/store/17lylppf019kfxl8y7w95cm85jvq1dhp-windows_x86_64_gnullvm-0.53.1
  /nix/store/cbyqwaggvziqfm6b1vwxlf0ncbi380jd-windows_x86_64_msvc-0.42.2
  /nix/store/jacf5z1pvxib9lb6wf7i4w8as9v3ybri-windows_x86_64_msvc-0.52.6
  /nix/store/v8x6waw77jd5sfyybidshidpg2jjhyp9-windows_x86_64_msvc-0.53.1
  /nix/store/hqmikjc7jxai7ar2pf3hcjf9r2ihxh28-winnow-0.7.14
  /nix/store/n14f1a44ill5brlbvlp29qn9rcsvhn6j-wireless-regdb-2026.05.30-zstd
  /nix/store/xbi9x6vsf7sh502fqwwqkmabr001rs3q-wireplumber-0.5.15
  /nix/store/qb7icx7qnasmga7h459gwcl6nn51zmnv-wireplumber-0.5.15-doc
  /nix/store/k7sp1gdn1jvw2902ss4qc6xig1nczwcl-wit-bindgen-0.51.0
  /nix/store/ybk4yp9ff757c8r9x174i64ls5h2zp7h-wlrobs-unstable-2024-12-24
  /nix/store/rm3q2p32j4g98jwqc0ssrjyimbga6m78-wmctrl-1.07
  /nix/store/5d1mqz851xmxs7skfz2fizrvysyqmn8w-wpa_supplicant-2.11
  /nix/store/7xhy3rh46qv6swvdg87pxwi4jmjv0x4l-wrap-gapps-hook
  /nix/store/w8k744yv99aa3h22n17rix89xf17wcb4-wrap-gapps-hook
  /nix/store/ic029npxykhpvafk7znrn2pc57a94xf0-wrap-qt5-apps-hook
  /nix/store/hbpmicjdicbh6h7cyl80k5l2rcyd7vc5-wrap-qt6-apps-hook
  /nix/store/lq5rzg8vhszchxkvksnl2kcvv00p7aa1-writeable-0.6.2
  /nix/store/hmm3cvk7yv30vdl8rwz6z5ks77v88nxb-wslay-1.1.1
  /nix/store/y6ghy70jlyj03iy5z1qiif33ivz0l2p4-x264-0-unstable-2025-01-03
  /nix/store/9s7i07jrgg70yj37dgp730mn0a0k0vhz-x264-0-unstable-2025-01-03-lib
  /nix/store/h9910ivs5wwqjzvxirs6m8b8r9i926nq-x264-0-unstable-2025-01-03-lib
  /nix/store/2yzgya5igaynsy5l9rlsvkxdv7jxbxl4-x265-4.2
  /nix/store/5wcsaxpfdqvc2fbd8m441krc7cc6gk9f-x265-4.2
  /nix/store/sizcjfzal7p4qah8w30k403rnckvjyfd-x86_64-unknown-linux-musl-binutils-2.46
  /nix/store/mrdd7m2vbllhmpbx7g2bjwfm2lh26fwl-x86_64-unknown-linux-musl-binutils-wrapper-2.46
  /nix/store/fa091ir3g423w083am75s0xc5vk3mkxm-x86_64-unknown-linux-musl-gcc-15.3.0
  /nix/store/kkd998rair4hp5y8fn3xi71chrdv6ika-x86_64-unknown-linux-musl-gcc-15.3.0-lib
  /nix/store/cn1drziywixrw4x47hv3wxrz0pgjyrmb-x86_64-unknown-linux-musl-gcc-wrapper-15.3.0
  /nix/store/fgfg40nb69y96yxjr0w2gck53zrg38f6-xapian-1.4.31
  /nix/store/lnkgbi5rv8z2115882j2bfy6rl6danx3-xauth-1.1.5
  /nix/store/iacfrqbxbb703mn87cs3vwv8w3r8ixq3-xbitmaps-1.1.3
  /nix/store/f7xsnr78wdqfvijx9mjl33pi97hsn23n-xdg-dbus-proxy-0.1.7
  /nix/store/hwfl4n2p049q0pa2gzsrjfiqlgf6cbny-xdg-desktop-portal-1.22.1
  /nix/store/rkw3wzziv59inxy9j8bmkc42459b62cm-xdg-desktop-portal-gtk-1.15.3
  /nix/store/lslsmmqi36qx8pnqafg4zinyp1sqbl8r-xdg-desktop-portal-kde-6.7.4
  /nix/store/6qkprm8aadpavwnil09zwqmlzfih8mml-xdg-user-dirs-0.20
  /nix/store/lb1ljsmf7vzak4416flqz9d5mws9bfbs-xdg-user-dirs-0.20-lib
  /nix/store/zmlby8ahp5iy0dnpb8grv0vfp38bf507-xdg-user-dirs-0.20-man
  /nix/store/cadc1hk45xzbwcxrlpfrl89912i5fq76-xdg-utils-1.2.1
  /nix/store/w264vf46sfx6mvrf6a670qgg51b9pywm-xdpyinfo-1.4.0
  /nix/store/ddkp333wnjhq6jc4bjm5yhi69wshybzv-xf86-input-evdev-2.11.0
  /nix/store/18hxa875gjv2ldrncq6n3rc32k88jnhj-xf86-input-libinput-1.5.0
  /nix/store/r9p7gxkam5576823gn91pjk46dklp993-xfce4-clipman-plugin-1.7.0
  /nix/store/s0jallv9x4hsyic2644d717j2qhk623b-xfce4-panel-4.20.8
  /nix/store/257syka3m9vcgfsg06lvbglj8rga21fr-xfce4-panel-profiles-1.1.1
  /nix/store/fzr4lrb5a716x1zqnisi7d1bmh1ind03-xfce4-pulseaudio-plugin-0.5.1
  /nix/store/8c3kgzkknkvhz3xl890xqyavg4wn6crg-xfce4-terminal-1.2.0
  /nix/store/lj6h988m71ng650bj6v2b08kc7mm1nyq-xfce4-whiskermenu-plugin-2.10.1
  /nix/store/q92ri3snhf7yi7w7gkzf1gwsik1nwk1r-xfconf-4.20.0
  /nix/store/zzyn4iljzgvf7isqj2kdsb4bbq5ms5z4-xfsprogs-7.1.1
  /nix/store/c4bh8ipd5jwxq44g4m630jswac1bqa6d-xfsprogs-7.1.1-bin
  /nix/store/l6rxsrpla8nhnq61i08mkskiqv3r1rpj-xfwm4-4.20.0
  /nix/store/8ifgrxpdzj11mjxhw0nhfhdfdn8bkhi8-xgcc-15.3.0-libgcc
  /nix/store/ssvq1r0xd8f7paf6zqgpfql1a4drwhy2-xgcc-15.3.0-libgcc
  /nix/store/ic8vbb0qh51a5zldfm0szrrp9k4ghvcb-xhost-1.0.10
  /nix/store/prwvhdh1097fxbnmb0i5m03w3h8ir67p-xinput-1.6.4
  /nix/store/avr167sh72qrjw1589m3bckv6cs8i9s5-xkbcomp-1.5.0
  /nix/store/2r787dqs56ki0wk41i1w3alns3rgl3fh-xkbvalidate
  /nix/store/4vij9dvkfsdglc3mng0ib3fflam2j9k9-xkeyboard-config-2.48
  /nix/store/n0zz47nk99hzdq3c0nw68cpk61jhzak0-xlsclients-1.1.6
  /nix/store/18p5qfcjkx5gw8q6kyccpyys82jzpid5-xmessage-1.0.7
  /nix/store/k670z4riwf1sh4mdp9f1misgnaqidzkg-xmlsec-1.3.7
  /nix/store/h5djmfa0i5ghzbm3h4iyjyr55pfm342q-xorg-locale
  /nix/store/5w897qjkd3wgx28h8gnzk2zah213g6lf-xorg-server-21.1.24
  /nix/store/0rxdvk02f6cbj7gv2mydf17dh7kbvrqz-xorgproto-2025.1
  /nix/store/y4k7f46xqci803kfbi78sfy09r1a978x-xorgproto-2025.1
  /nix/store/c59nif4kg2knyb8sy34bi0dfdgcfrbg7-xorgxrdp-0.10.5
  /nix/store/sc1nis0y3nxwhwsi6g23ax3vxbqpnfc1-xprop-1.2.8
  /nix/store/6j7x7hg0d5mrrphqfl6mlxvsmlfg22ag-xrandr-1.5.4
  /nix/store/16ddvjq0pgxrfvgw2g3a5h40z4v2xmpl-xrdb-1.2.3
  /nix/store/s66cj9zd7pdq6sv5338132c4l06g1g25-xrdp-0.10.6
  /nix/store/aizc0p2wynp58q43c9z9q3y8drc9xi3d-xset-1.2.6
  /nix/store/z04i68yg8h098gmn3f791cyq9nky56yq-xsetroot-1.1.4
  /nix/store/giql147c74zif8jxzaa02g1l22fjm3rn-xsettingsd-1.0.2
  /nix/store/8a55d6svjqxmwwvhz0z2yf6gpxmjaj0m-xsimd-14.3.0
  /nix/store/5mfh2rajzlwdyjkl8ky19kyhff39mhmz-xterm-410
  /nix/store/vlm6b696dk29bq9y316l48l15p2naj6j-xtrans-1.6.0
  /nix/store/p95z7j6n9vkq2dlz07w63k55jrir2c2v-xvidcore-1.3.7
  /nix/store/qc5sj9r960p6nzlkb1ypk8b06f4zirjr-xvidcore-1.3.7
  /nix/store/pn4012z2vcmik22kg4dp5j8fr478mx4h-xwayland-24.1.13
  /nix/store/2z9djva9pzz2qydf6q7bprz0s4i40q7n-xwayland-24.1.13.tar.xz
  /nix/store/kprk0hfljdxg538ipvlnhc7ibz42xxi4-xwininfo-1.1.6
  /nix/store/6ql22ji70r4z83rch0bz5c9lcyb9bq6d-xxhash-0.8.3
  /nix/store/bdwsskqikgdlq94xqh5dvyd8263w995g-xz-5.8.3
  /nix/store/w3rv5x7bj23b3s3k9pli0fjcnx1f4mjv-xz-5.8.3
  /nix/store/0fb3jrf20z28598alm6g7rrsw6dz2cqj-xz-5.8.3-bin
  /nix/store/wvjhv846npc1bq7g6i6ch0jayzg3hdz5-xz-5.8.3-bin
  /nix/store/gbzc2cpjmhylnmwljbqa1pwmli5a2n1v-xz-5.8.3-dev
  /nix/store/yyp2lz5xq2qz5x30hglmxcggmnly18sq-xz-5.8.3-doc
  /nix/store/2d927hlqcqyi7q7a6qpmcmhii08g2dny-xz-5.8.3-man
  /nix/store/sqh5795wz2zp5nbrc93bcwdk85hxs435-yaml-cpp-0.8.0
  /nix/store/8y3zirawym4fw73j406zaqal24cv398q-yasm-1.3.0
  /nix/store/30m8d4jibqrw8r0nr17mf77sxxwfyfbx-yelp-tools-42.1
  /nix/store/d4ifzq8dqf2h9pvysvsdiaqm8479xm55-yelp-xsl-49.0
  /nix/store/phqmdl1mbwd8r50my2hgiqgfja3cwsd9-yoke-0.8.1
  /nix/store/0yzyrv02s6yvi1gxibpgndawr8ffzw6l-yoke-derive-0.8.1
  /nix/store/8m3invfc9mp7g28qv3zj4hyrzsf8a51r-yt-dlp-2026.08.19
  /nix/store/w6fl20gn45iyw84zq11czav68nn5inca-yt-dlp-2026.08.19
  /nix/store/my77d02bb2vl7jizwl8ykz46gm7nf3jj-yt-dlp-2026.08.19-doc
  /nix/store/6h0n5w1jwrp6kic88hsgbvbamh7wshxr-yt-dlp-2026.08.19-man
  /nix/store/iqrlg6fwsgpikla4nvd25099r94mdrd3-zd1211-firmware-1.5-zstd
  /nix/store/jnxaamnk3x259cxqr6g2fx03f73y5zd0-zenity-4.2.2
  /nix/store/jvld6rznzbfwgsng9xmwldya97vdg28r-zerocopy-0.8.39
  /nix/store/j0c8v7z78ldv89pc4hy5q5a52k1x4d0h-zerocopy-derive-0.8.39
  /nix/store/pwfipgnp9w9y6qy11nwpw01cmy6xmj2n-zerofrom-0.1.6
  /nix/store/wzbr7sw89sqnc9ak44bc75w43s9xvvq7-zerofrom-derive-0.1.6
  /nix/store/y917n86f4svn8bpzl07zncj7zpanjcc0-zeroize-1.8.2
  /nix/store/kki7zvm93j8lasyqwfzwjw6hh9bfxnfi-zerotrie-0.2.3
  /nix/store/ccic1vjvcqi74dw59wi69c5gyd1f3m7w-zerovec-0.11.5
  /nix/store/ihvr03k230a4w2hya4237dbl0860r0z7-zerovec-derive-0.11.2
  /nix/store/dz1vfnhn550j74kbrv6nv1hp0g33q1x6-zfs-user-2.4.4
  /nix/store/9z81h3x56qnr146a5b6gjg9z0dfqip72-zfs-user-2.4.4-man
  /nix/store/41954sdr882wqm5w2ss985sc3clpb408-zimg-3.0.6
  /nix/store/j61ix28x4qnax9s7p3g9h6l2nkvvc0wy-zimg-3.0.6
  /nix/store/dkg1fjw0bjx5avi80dbg18bz3kin1cjx-zint-2.16.0-lib
  /nix/store/qwj8k0j2bsczcnmdgdd6p8d8i9w0rjhi-zix-0.8.2
  /nix/store/ys2pf7pp5jvzzh1s8xgfjv1xg7km3hf1-zix-0.8.2
  /nix/store/l3p6y554mkxi4vipnnp8809kxj0g1lyv-zlib-1.3.2
  /nix/store/zajs6r8s3kjgf6zdyry3yzagj9hk0q6b-zlib-1.3.2
  /nix/store/nd34kmibbq6y7qmp78rhw38adsj5ffd0-zlib-1.3.2-dev
  /nix/store/l6rfigcz9yzg4dbn6z0k0r44rz6g2fsg-zlib-1.3.2-static
  /nix/store/s17x7bnrq6yxyq7bczn6z0vqscz3dj42-zlib-1.3.2-static
  /nix/store/b2kyqjnd18jp3warmd21qw4izfd86jw9-zlib-ng-2.3.3
  /nix/store/xhys7j677l4irqi9d8chgd3ihlq35mas-zmij-1.0.20
  /nix/store/gq622ypnsxlw4wgzv3hdqwslik9kwq9r-zopfli-1.0.3-lib
  /nix/store/5vp1hcqpm1p4bdifjpzmyvj5qlwddb6v-zsh-5.9.2
  /nix/store/d91y8lwss49j4s4g76b09n9z91cf6zfv-zsh-5.9.2-doc
  /nix/store/f7163wpah4jq1nazpjf24x2s60zxqxw1-zsh-5.9.2-info
  /nix/store/z6ximbfm8khcc3ajyzh0v22p077wczhj-zsh-5.9.2-man
  /nix/store/vyw16gf6bzs0shvpzmj2lmrsp6dphh76-zsh-autosuggestions-0.7.1
  /nix/store/9jdk6xa5d8d7r2xsnl8yp4zw59xrigbx-zsh-syntax-highlighting-0.8.0
  /nix/store/z6fldynz8688civdjhca31m4g1g4f9ac-zstd-0.13.3
  /nix/store/k1m2jq9j084hwgy92mgsh31bslnxz5x1-zstd-1.5.7
  /nix/store/xcwclh5qgw2x6qc39x6ixara06xczzlw-zstd-1.5.7
  /nix/store/npsbrz5sr41nk35fap059a8ps05wjj63-zstd-1.5.7-bin
  /nix/store/ghks3c4bpqll9b1909vr47qx892c3zzw-zstd-1.5.7-dev
  /nix/store/g0rxpcpp0dgfl3hjbv9k0vwz4ykrdxn5-zstd-1.5.7-man
  /nix/store/a0znx022ylklgxlrkc8n1frzh1fjdacc-zstd-safe-7.2.4
  /nix/store/73zdiii4hzdknrgnib0karfyaszvl9nj-zstd-sys-2.0.16+zstd.1.5.7
  /nix/store/q1hc5r6sv0zrda5y8vay7grxvxg6sf1s-zug-0.1.2
  /nix/store/56gqdjg897s8m5g3hpqxx33q72q0mplp-zvbi-0.2.45
  /nix/store/ajx424g03bjmfni8fl7fbrdxxky68zck-zvbi-0.2.45
  /nix/store/cqxyw5yg95n5m87yx9f007h223lzwpih-zxing-cpp-3.1.1
copying path '/nix/store/sh2hzx697dh86kwh534n80k315dshdjm-linux-7.2' from 'https://cache.nixos.org'...
copying path '/nix/store/0pdz52yr94kwb5dwg4pbnw4w7877fhra-postgresql-configfile-check' from 'https://cache.nixos.org'...
copying path '/nix/store/s3pf8v5ybkwlc2ak5fy48khah56rmv7c-postgresql-user-clauses-check' from 'https://cache.nixos.org'...
copying path '/nix/store/k953xspqi6q2c34y7h51ydj3471yg2i2-switch-inhibitors' from 'https://cache.nixos.org'...
copying path '/nix/store/8xm6r77f43vydhmnkwx2708wsrqll4gr-die-hook' from 'https://cache.nixos.org'...
copying path '/nix/store/six1l5qjghxdznn5i2bn7a1i0d2vvfmz-empty-inhibitors' from 'https://cache.nixos.org'...
copying path '/nix/store/wi6kaycsa2479qrxv9xy6yg3q5ggfs6j-gcc-15.3.0-libgcc' from 'https://cache.nixos.org'...
copying path '/nix/store/dxagrpxl8wg2z16al3ls3zaci6dvhnnn-gnu-config-2024-01-01' from 'https://cache.nixos.org'...
copying path '/nix/store/yh8rykx8wakl1ccn8rc351f6r2wbg4cn-libunistring-1.4.2' from 'https://cache.nixos.org'...
copying path '/nix/store/ssvq1r0xd8f7paf6zqgpfql1a4drwhy2-xgcc-15.3.0-libgcc' from 'https://cache.nixos.org'...
copying path '/nix/store/91qcsjs5kkcwrvwfbhjh5pjkc23l0q58-55-nixos-aslr-entropy.conf' from 'https://cache.nixos.org'...
copying path '/nix/store/a39jzx3hf92x930cmv8phzwhfb27mi48-acl-2.4.0-doc' from 'https://cache.nixos.org'...
copying path '/nix/store/1z8mz5z3aql66yqb5x3n8amf2rmz9xnj-acl-2.4.0-man' from 'https://cache.nixos.org'...
copying path '/nix/store/25gm59jwi12mhrq784xbrajflc137cck-alsa-firmware-1.2.4-zstd' from 'https://cache.nixos.org'...
copying path '/nix/store/z7xa3m3fwnpbnib4gavnmfiam25i5szx-attr-2.6.0-man' from 'https://cache.nixos.org'...
copying path '/nix/store/8akigbb0dj8miyw119ipbnvs6y2mrb9p-attr-2.6.0-doc' from 'https://cache.nixos.org'...
copying path '/nix/store/vib3hsag5pik6rf0j4588dlay3y3l73m-16-no-update.patch' from 'https://cache.nixos.org'...
copying path '/nix/store/rm5mscq98v08z5zz0mj8g04q037a9id7-VirtualBox-7.2.16.tar.bz2' from 'https://cache.nixos.org'...
copying path '/nix/store/30axpl69hm5309360ing7z76zsddwwyk-alloc-no-stdlib-2.0.4' from 'https://cache.nixos.org'...
copying path '/nix/store/6d9lzx182pwzz18rfid2alqrhbvyvmag-alsa-topology-conf-1.2.5.1' from 'https://cache.nixos.org'...
copying path '/nix/store/adj0qnslr67378ph51dm5c79diry32i7-anstream-0.6.21' from 'https://cache.nixos.org'...
copying path '/nix/store/7s0vhzddx32kh7bjnkiislj0f3hyhjki-IPC-Run-20231003.0.tar.gz' from 'https://cache.nixos.org'...
copying path '/nix/store/mq4zaqrsrvmd9nz00vd6ddpkm4v3y81b-add-driver-runpath-hook' from 'https://cache.nixos.org'...
copying path '/nix/store/72my7kpg1pzsk6hgzzi3hxv3w7sxymqp-aho-corasick-1.1.4' from 'https://cache.nixos.org'...
copying path '/nix/store/yavw4an0xnv3l9qal1191yym1jcrfjcv-Readonly-2.05.tar.gz' from 'https://cache.nixos.org'...
copying path '/nix/store/l0mnnfgp0fcyky2rrim7qhp37rkifqib-ansi_term-0.12.1' from 'https://cache.nixos.org'...
copying path '/nix/store/6vqkgczanxhrc2jlz5xhz86k6xkl0bfq-allocator-api2-0.2.21' from 'https://cache.nixos.org'...
copying path '/nix/store/7fprvvznwijlm16bna59jx6gp53f6aw6-IO-Tty-1.20.tar.gz' from 'https://cache.nixos.org'...
copying path '/nix/store/r5lfrd2pl56frf8ip9xl25r2lva3cmpk-alloc-stdlib-0.2.2' from 'https://cache.nixos.org'...
copying path '/nix/store/qf2spz54pgnxvfr4wmy98fja7y5idz2p-alsa-topology-conf-1.2.5.1' from 'https://cache.nixos.org'...
copying path '/nix/store/fyd07vmdcf2wpyc09a0a5yqkyb1i31q9-amd-ucode-20260810' from 'https://cache.nixos.org'...
copying path '/nix/store/0dxqk63r2zm5gzjq39lsnplg6ih78amm-Time-Duration-1.21.tar.gz' from 'https://cache.nixos.org'...
copying path '/nix/store/2snycmrxpf51ijh3bqgk89j5c858cc13-anstyle-1.0.13' from 'https://cache.nixos.org'...
copying path '/nix/store/nwz4vpj5prxhpdpz2xmw4lc086hbhfj3-anstyle-parse-0.2.7' from 'https://cache.nixos.org'...
copying path '/nix/store/ql909ifm690fvsrln7zj8k8aawyvw6js-anstyle-query-1.1.5' from 'https://cache.nixos.org'...
copying path '/nix/store/6j81d9kgk4yr0cq9p3j6qwlrknynr0dd-anstyle-wincon-3.0.11' from 'https://cache.nixos.org'...
copying path '/nix/store/lay9imjlw5y5amnyf1sbfjr121v9mhp8-appimage-run-fhsenv-profile' from 'https://cache.nixos.org'...
copying path '/nix/store/m3i2rn65sxi09vgacnq3cx6r98f8xvnl-async-compression-0.4.39' from 'https://cache.nixos.org'...
copying path '/nix/store/dzha5f0yv1nsb2rw800dy58brzxhihrb-anyhow-1.0.101' from 'https://cache.nixos.org'...
copying path '/nix/store/gcnqjshfgpk4bnxyxcx9w6qnra1a5p0d-async-trait-0.1.89' from 'https://cache.nixos.org'...
copying path '/nix/store/vc6l3130zbdhgnb2kbkrps1n4ninbwbj-arc-swap-1.8.1' from 'https://cache.nixos.org'...
copying path '/nix/store/09wmzj544my9iirwb6czhcddk3fbwx6x-atomic-waker-1.1.2' from 'https://cache.nixos.org'...
copying path '/nix/store/4mgsc9zfz0a3dyamrmm2rs6b2ppanrrj-atty-0.2.14' from 'https://cache.nixos.org'...
copying path '/nix/store/04ky6pvpb6vy1q5ifwca5zjb8d929y0v-auto-fix-elf-files' from 'https://cache.nixos.org'...
copying path '/nix/store/vs5dgplzmipp330gsvh3mn4bvss8iqy9-autocfg-1.5.0' from 'https://cache.nixos.org'...
copying path '/nix/store/v7vx6ymivbclbqpnzv0zdfrsj4i7580y-avahi-0.8-man' from 'https://cache.nixos.org'...
copying path '/nix/store/7glm02cm9ik8p6yb3hqpzw3wcdll14l4-base64-0.22.1' from 'https://cache.nixos.org'...
copying path '/nix/store/8ygssg19xrsmkqinfchrjc2gzcglv8zd-bash-interactive-5.3p15-doc' from 'https://cache.nixos.org'...
copying path '/nix/store/8z4ss3bnpvgg3rvkcyj4v4ss1p2cy8jg-bash-completion-2.18.0' from 'https://cache.nixos.org'...
copying path '/nix/store/sc3vkdyr914xb1fwik5xbqsyc4rf2ba3-bash-interactive-5.3p15-info' from 'https://cache.nixos.org'...
copying path '/nix/store/08wc8x4jxsbc438nbxjwmrrlfqhxvm90-auto-add-driver-runpath-hook' from 'https://cache.nixos.org'...
copying path '/nix/store/d3nf7v96himh0q02p1wi3ncz7gnxi3a5-bash-interactive-5.3p15-man' from 'https://cache.nixos.org'...
copying path '/nix/store/mi8apjw9sfxy3qlk9ay67982k91z4621-bash-interactive-5.3p15-man' from 'https://cache.nixos.org'...
copying path '/nix/store/0aapb6vy86v1iwkqx9fpykmfjg5dri0m-bibata-cursors-2.0.7' from 'https://cache.nixos.org'...
copying path '/nix/store/ff7xg8dfzzydkrfdxp7apx4yy8370agc-bin' from 'https://cache.nixos.org'...
copying path '/nix/store/6ykf2v31w9mcafrfl503nvpcfh4b9n9x-bind-9.20.26-man' from 'https://cache.nixos.org'...
copying path '/nix/store/gapbq2cy2ss71iavrk3zgv1kanrmg1j2-bitflags-1.3.2' from 'https://cache.nixos.org'...
copying path '/nix/store/yl2mqahx3s9s0ynvl58ncw8z12j40kl4-bitflags-2.10.0' from 'https://cache.nixos.org'...
copying path '/nix/store/kwv0s9s1dqwikrs4n7nki89llj64bxrl-breeze-gtk-6.7.4' from 'https://cache.nixos.org'...
copying path '/nix/store/fr908v1sqlnxyzgnxbhbngwnn4nkqcs8-brotli-8.0.2' from 'https://cache.nixos.org'...
copying path '/nix/store/4czy8q7bb0jrfcacm834scvxm35kk1bh-brotli-decompressor-5.0.0' from 'https://cache.nixos.org'...
copying path '/nix/store/x3ly6yh272d0k1ljgfnzwyazvhxcb2yh-bstr-1.12.1' from 'https://cache.nixos.org'...
copying path '/nix/store/k80zcb1f043dcsp2bpfhlz0536cs4sn3-bumpalo-3.19.1' from 'https://cache.nixos.org'...
copying path '/nix/store/n43nd2kfhbx4w8as8krj1hgj0k6rndh3-busybox-1.37.0' from 'https://cache.nixos.org'...
copying path '/nix/store/3l66wb6x9722bb77ryl4xfhss7wcj3m5-byteorder-1.5.0' from 'https://cache.nixos.org'...
copying path '/nix/store/hnc5lni967p6c4ffswcbn4b6wbs0ab6x-bytes-1.11.1' from 'https://cache.nixos.org'...
copying path '/nix/store/7xyhx36z23dlmh8m7xs52vp71rh31nd8-bzip2-1.0.8-man' from 'https://cache.nixos.org'...
copying path '/nix/store/4gzmsr9npyb02f6wdygxyhgbiiqwy5m0-cargo-install-hook.sh' from 'https://cache.nixos.org'...
copying path '/nix/store/v579l5lawvy0892q179zg83236ixdgj6-cargo-src-adler2-2.0.1' from 'https://cache.nixos.org'...
copying path '/nix/store/8480wdr37d7ngpzig1zcpah72nqpj4wa-cargo-src-aho-corasick-1.1.4' from 'https://cache.nixos.org'...
copying path '/nix/store/mv4lsr5wbahn1rg3sl99x0qq6kxdx3q7-cargo-src-ahash-0.8.12' from 'https://cache.nixos.org'...
copying path '/nix/store/8bpyli07zaqpd2wwga3mw4nyy7c0rs8x-cargo-src-aligned-vec-0.6.4' from 'https://cache.nixos.org'...
copying path '/nix/store/la81gfx980497nv5g655931myrdp9c52-cargo-src-android_system_properties-0.1.5' from 'https://cache.nixos.org'...
copying path '/nix/store/9v182nvgn3wmqizyahs76bymci5gyv3n-cargo-src-anstream-1.0.0' from 'https://cache.nixos.org'...
copying path '/nix/store/r0n47c5f137jl50lvfizknm6h5gjs32z-cargo-src-anstyle-parse-1.0.0' from 'https://cache.nixos.org'...
copying path '/nix/store/w5qlbw15ggq5rwn71ncc8lvmi7imyxgw-cargo-src-anstyle-1.0.14' from 'https://cache.nixos.org'...
copying path '/nix/store/yc4z9smxhdn5l46xyw7hir16k60002xj-cargo-src-anstyle-query-1.1.5' from 'https://cache.nixos.org'...
copying path '/nix/store/5d36pg0xmq4m8abfy2minhw4b651kkr8-cargo-src-anstyle-wincon-3.0.11' from 'https://cache.nixos.org'...
copying path '/nix/store/z9dx3lixxh8l6rxf3ddvx50v4dh4igqs-cargo-src-arbitrary-1.4.2' from 'https://cache.nixos.org'...
copying path '/nix/store/xdyh9fb4p8q8zzdw5abz1inm9c0zrzrk-cargo-src-anyhow-1.0.102' from 'https://cache.nixos.org'...
copying path '/nix/store/iyi8r31wsqwhwz573ypwgi0zm89qa46x-cargo-src-arrayref-0.3.9' from 'https://cache.nixos.org'...
copying path '/nix/store/jnfqgdbgblsdrbfjz7pgyvj64i1cbaxj-cargo-src-arrayvec-0.7.6' from 'https://cache.nixos.org'...
copying path '/nix/store/gh3wz4r4nl8vhppxpkkp7hirlkr232qs-cargo-src-async-trait-0.1.89' from 'https://cache.nixos.org'...
copying path '/nix/store/mnf8dcdhjr76prmfv20hvrq2hw1c3v8q-cargo-src-atomic-waker-1.1.2' from 'https://cache.nixos.org'...
copying path '/nix/store/w0m9m5jbc4sclhxz4jmj24ar5zfcc54p-cargo-src-bit-set-0.8.0' from 'https://cache.nixos.org'...
copying path '/nix/store/h6wkdw811pwz23pnn2n3p7brc3ss4a2w-cargo-src-autocfg-1.5.0' from 'https://cache.nixos.org'...
copying path '/nix/store/h9arkpkdi19p1kdn7lbsdgxs5bifymny-cargo-src-bit-vec-0.8.0' from 'https://cache.nixos.org'...
copying path '/nix/store/cqdpaa9h8l53hplgk9zn9kxak834zmml-cargo-src-bitflags-1.3.2' from 'https://cache.nixos.org'...
copying path '/nix/store/jrxvxigihs76d4j29y7z5rvwy40i9ni4-cargo-src-bumpalo-3.20.2' from 'https://cache.nixos.org'...
copying path '/nix/store/gbij6a2ii6hdynigxr9cq95nfk11f8qk-cargo-src-bytes-1.11.1' from 'https://cache.nixos.org'...
copying path '/nix/store/djcrn2ldcgyrdf7nm6rlj8h1r4hqq6ks-cargo-src-cfg-if-1.0.4' from 'https://cache.nixos.org'...
copying path '/nix/store/8hvsak4lg2fsk1d3vik9shm4aj0pw03k-cargo-src-cfg_aliases-0.2.1' from 'https://cache.nixos.org'...
copying path '/nix/store/swj8bhafnn2gzj1abjmzz54ad5ynbwk6-cargo-src-clap_builder-4.6.0' from 'https://cache.nixos.org'...
copying path '/nix/store/iw7v2gsrvrk07j72xp7ys7bpxzsrf52q-cargo-src-clap_lex-1.1.0' from 'https://cache.nixos.org'...
copying path '/nix/store/6fc3llgyf4sl2gb1ggp43gr1rchrckh1-cargo-src-clipboard-win-5.4.1' from 'https://cache.nixos.org'...
copying path '/nix/store/b0zxqfjdz25k6sf1szh1i09wqgkswr3m-cargo-src-codespan-reporting-0.12.0' from 'https://cache.nixos.org'...
copying path '/nix/store/vbq47bg0cz04rrdbxd4d5sq1lrh4k5cf-cargo-src-colorchoice-1.0.5' from 'https://cache.nixos.org'...
copying path '/nix/store/4pcdnr987klhl01iafcnbw5qslqngmgy-cargo-src-combine-4.6.7' from 'https://cache.nixos.org'...
copying path '/nix/store/hmsf74dvmc852vp6l3x7z4bmmxy5l5gg-cargo-src-concurrent-queue-2.5.0' from 'https://cache.nixos.org'...
copying path '/nix/store/vp0w7kp0vffwvs232va9dd36p1x4i3ds-cargo-src-core-foundation-0.10.1' from 'https://cache.nixos.org'...
copying path '/nix/store/dz26f1s8qj2k5jm418l7mx1xml4hyf6r-cargo-src-core-foundation-0.9.4' from 'https://cache.nixos.org'...
copying path '/nix/store/xxqiiigzkd8ax5xr1ny1afmj2mwc3nmm-cargo-src-core-foundation-sys-0.8.7' from 'https://cache.nixos.org'...
copying path '/nix/store/l747g11fs8w4ldyy4mcqlzihd0yfd427-cargo-src-cpufeatures-0.2.17' from 'https://cache.nixos.org'...
copying path '/nix/store/mxi17l8hj3zxnz2xwm1z6njhs4r41mg1-cargo-src-crc32fast-1.5.0' from 'https://cache.nixos.org'...
copying path '/nix/store/d42id5rn6qfaz762grx48f3dmxm6lp9r-cargo-src-crossbeam-deque-0.8.6' from 'https://cache.nixos.org'...
copying path '/nix/store/17jw44d0v1ivcacvdcsk88rl8vc8xq91-cargo-src-crossbeam-epoch-0.9.18' from 'https://cache.nixos.org'...
copying path '/nix/store/hc5m27mkl8sahmxrgdvc84fiwxi3f2zh-cargo-src-crossbeam-utils-0.8.21' from 'https://cache.nixos.org'...
copying path '/nix/store/lyy53bmn372zipicmm0yq716cklkc6xp-cargo-src-crunchy-0.2.4' from 'https://cache.nixos.org'...
copying path '/nix/store/zxxv8fd6wy9mddkrmjwggn86swgrp4hq-cargo-src-crypto-common-0.2.1' from 'https://cache.nixos.org'...
copying path '/nix/store/grjf28jlp241gi5m5nmqx5xic2j1lh1z-cargo-src-darling-0.20.11' from 'https://cache.nixos.org'...
copying path '/nix/store/hyjl2pl3p98lywchj30kk800814fzwxw-cargo-src-darling_core-0.20.11' from 'https://cache.nixos.org'...
copying path '/nix/store/2w0ny1gmb3karv6n10vfhk4kc86i13d3-cargo-src-darling_macro-0.20.11' from 'https://cache.nixos.org'...
copying path '/nix/store/3sk812akyc3jzmnzwghx58arj683z6si-cargo-src-displaydoc-0.2.5' from 'https://cache.nixos.org'...
copying path '/nix/store/zj00dkgvfyj9vyz05n01qsb1i4shfjh6-cargo-src-either-1.15.0' from 'https://cache.nixos.org'...
copying path '/nix/store/gi3riy33kcgs6f3x0l06xwxk6k98igpl-cargo-src-env_filter-1.0.1' from 'https://cache.nixos.org'...
copying path '/nix/store/hcs1xx4pb3al1psqp31zjpksg2965r1l-cargo-src-env_logger-0.11.10' from 'https://cache.nixos.org'...
copying path '/nix/store/cy45gj504amww1ivmyshcg2pxfi93qfv-cargo-src-equator-0.4.2' from 'https://cache.nixos.org'...
copying path '/nix/store/wjjgjyp3wwa5mg9kfvymxr9js2kjimnw-cargo-src-equator-macro-0.4.2' from 'https://cache.nixos.org'...
copying path '/nix/store/n5chfcqwdpx73y71y92pzi4dgh6mrxw7-cargo-src-equivalent-1.0.2' from 'https://cache.nixos.org'...
copying path '/nix/store/5s4va35y3xbribn7gwl8xc18irr4jdda-cargo-src-error-code-3.3.2' from 'https://cache.nixos.org'...
copying path '/nix/store/8bpp03ipc37nvbillmgslakcbndrz26n-cargo-src-event-listener-5.4.1' from 'https://cache.nixos.org'...
copying path '/nix/store/dr9ihcq23r0a48ivlxkidlqn8hgp388c-cargo-src-fastrand-2.3.0' from 'https://cache.nixos.org'...
copying path '/nix/store/5kdrn0ifqf81npkz7mwccl1pkx03nc3i-cargo-src-errno-0.3.14' from 'https://cache.nixos.org'...
copying path '/nix/store/bdxmswx1ajb698vcsjjx08bbis7s81ar-cargo-src-find-msvc-tools-0.1.9' from 'https://cache.nixos.org'...
copying path '/nix/store/4njfja6h1rvzy0rflidp96fzira4v4vn-cargo-src-flate2-1.1.9' from 'https://cache.nixos.org'...
copying path '/nix/store/2vzxc859r9czqp24fym87zslyry21jij-cargo-src-fnv-1.0.7' from 'https://cache.nixos.org'...
copying path '/nix/store/qcs3w6p8pzsy6lsp0sx5iizv5jm570dm-cargo-src-foldhash-0.1.5' from 'https://cache.nixos.org'...
copying path '/nix/store/zxwlw506al3c836002wq18nw28y66dn3-cargo-src-foldhash-0.2.0' from 'https://cache.nixos.org'...
copying path '/nix/store/s6kl80sx90azm7a4zimkz1cq5m0kadkw-cargo-src-futures-0.3.32' from 'https://cache.nixos.org'...
copying path '/nix/store/0nfkcaqcvkcd1ni09y0fsqpa8v2f4k33-cargo-src-futures-channel-0.3.32' from 'https://cache.nixos.org'...
copying path '/nix/store/58kajf1qszsvmr2k1krx5da1zcd3fhlb-cargo-src-futures-executor-0.3.32' from 'https://cache.nixos.org'...
copying path '/nix/store/gks8zv9rsqkvj5isw1z4837q30bd45a8-cargo-src-futures-io-0.3.32' from 'https://cache.nixos.org'...
copying path '/nix/store/qqy8flkz2jixwlr1fp2wrzgw68b2bczb-cargo-src-futures-core-0.3.32' from 'https://cache.nixos.org'...
copying path '/nix/store/5vhah6nj9b4zq7w7ld2h9jj8mrsbgyjz-cargo-src-futures-macro-0.3.32' from 'https://cache.nixos.org'...
copying path '/nix/store/r6ym60ipvjhmr3crr15jk14a7534rm7c-cargo-src-futures-sink-0.3.32' from 'https://cache.nixos.org'...
copying path '/nix/store/nwxwy5l4qccv97sfpsm54ydvyghz7vbp-cargo-src-futures-task-0.3.32' from 'https://cache.nixos.org'...
copying path '/nix/store/gx4d5nx8g4895dg1hj8krvvw2ysj3sjl-cargo-src-futures-util-0.3.32' from 'https://cache.nixos.org'...
copying path '/nix/store/jd2xilb68bvpdcy9b1spvggp5z84j9gg-cargo-src-gethostname-1.1.0' from 'https://cache.nixos.org'...
copying path '/nix/store/3vcwp5h3639qdcnssbz91ypsrig9nqb1-cargo-src-getrandom-0.3.4' from 'https://cache.nixos.org'...
copying path '/nix/store/x7r2wrkfy5vy2zlhqqr1ph6kzlpxkird-cargo-src-getrandom-0.4.2' from 'https://cache.nixos.org'...
copying path '/nix/store/5ra0iajgpxj9z6aqyax10p3hq3j9sfqc-cargo-src-hashbrown-0.15.5' from 'https://cache.nixos.org'...
copying path '/nix/store/8grqjqhirzf6y9c4lr84i9vh8k0cm43s-cargo-src-hashbrown-0.16.1' from 'https://cache.nixos.org'...
copying path '/nix/store/j5v4g3dvhss5hah5wz5riyciv0grkgng-cargo-src-heck-0.5.0' from 'https://cache.nixos.org'...
copying path '/nix/store/dg4cy79iwd7hqgmc0060p3h3qxva03f7-cargo-src-hermit-abi-0.5.2' from 'https://cache.nixos.org'...
copying path '/nix/store/yqqn5l26sj8l62zxlj10kk6xx87fjw6j-cargo-src-hex-0.4.3' from 'https://cache.nixos.org'...
copying path '/nix/store/pl87b882mmsrypiyx5rsfn5k52z60rb8-cargo-src-id-arena-2.3.0' from 'https://cache.nixos.org'...
copying path '/nix/store/j128qfwmzzk31xwa4igpmj02ia9cdrjm-cargo-src-ident_case-1.0.1' from 'https://cache.nixos.org'...
copying path '/nix/store/pfbz4cpi6nsska1l4b9wkw259fkhldd9-cargo-src-is_terminal_polyfill-1.70.2' from 'https://cache.nixos.org'...
copying path '/nix/store/nxn9ja9wc8kh47cxmxy1i85hls3lxwj0-cargo-src-itoa-1.0.18' from 'https://cache.nixos.org'...
copying path '/nix/store/8n5h7q3rsnxhwwwh5l0d0ya929qf3j2b-cargo-src-itertools-0.14.0' from 'https://cache.nixos.org'...
copying path '/nix/store/gqssmfvgqdczyb6kh59cny4afrsn753d-cargo-src-jni-macros-0.22.4' from 'https://cache.nixos.org'...
copying path '/nix/store/81cj4wq7akd1kmsls8jbsll1cc45alqh-cargo-src-jni-0.22.4' from 'https://cache.nixos.org'...
copying path '/nix/store/h00jza1alyr9law6a653a9rz3id7al3n-cargo-src-jni-sys-0.4.1' from 'https://cache.nixos.org'...
copying path '/nix/store/c6gfdvqifby86y7ihx6c4jlrrdxsqvd0-cargo-src-jni-sys-macros-0.4.1' from 'https://cache.nixos.org'...
copying path '/nix/store/8mlx1y40nl2jvg3y1bsl3gzpmbsxsc69-cargo-src-jobserver-0.1.34' from 'https://cache.nixos.org'...
copying path '/nix/store/z1w3rkxl898ki26dbafmxg29173968vl-cargo-src-lazy_static-1.5.0' from 'https://cache.nixos.org'...
copying path '/nix/store/lys175pb88izk78i40vm0d8kfjxrss9n-cargo-src-leb128fmt-0.1.0' from 'https://cache.nixos.org'...
copying path '/nix/store/sy3lg15fr159pfkpikyr4jmylizywawg-cargo-src-libm-0.2.16' from 'https://cache.nixos.org'...
copying path '/nix/store/ffsgja6pkqrafdccr5ixcdwwb59c6bw9-cargo-src-linux-raw-sys-0.12.1' from 'https://cache.nixos.org'...
copying path '/nix/store/81553n28hv3nqj9v1226qc16dvlqxh9y-cargo-src-linux-raw-sys-0.4.15' from 'https://cache.nixos.org'...
copying path '/nix/store/g1vd9qqwxa1dl039qfpcr89lcv4hkssb-cargo-src-lock_api-0.4.14' from 'https://cache.nixos.org'...
copying path '/nix/store/3lh7n62rmwrk8c2dyhpyf2i8f3lqslbk-cargo-src-log-0.4.29' from 'https://cache.nixos.org'...
copying path '/nix/store/fx9szxihs5hbpv1czdw49bbf7k007pas-cargo-src-memchr-2.8.0' from 'https://cache.nixos.org'...
copying path '/nix/store/vmdbzhk3rvy0mfcb86zvdahdjhizhv08-cargo-src-memmap2-0.9.10' from 'https://cache.nixos.org'...
copying path '/nix/store/g54h7a01y6kaa4xk0dmnj2z6j00j1imh-cargo-src-memoffset-0.9.1' from 'https://cache.nixos.org'...
copying path '/nix/store/lx5niywdn4x3hplfwgd9rddfbpw1mgfx-cargo-src-miniz_oxide-0.8.9' from 'https://cache.nixos.org'...
copying path '/nix/store/nkc7dzqbvbaw4rc71wh97iwjzahymrmq-cargo-src-mio-1.2.0' from 'https://cache.nixos.org'...
copying path '/nix/store/49387z3yzm84ldv8sjh4r73571xsd9fn-cargo-src-new_debug_unreachable-1.0.6' from 'https://cache.nixos.org'...
copying path '/nix/store/xlfaiw47drzljp78r3wi53r36brs7jwd-cargo-src-nix-0.29.0' from 'https://cache.nixos.org'...
copying path '/nix/store/6n39hmf71zvmpq0psjjm4cisdcqw43b7-cargo-src-num-integer-0.1.46' from 'https://cache.nixos.org'...
copying path '/nix/store/n0qryplrp9ahl57s0w6a52qrzwijsppw-cargo-src-num-iter-0.1.45' from 'https://cache.nixos.org'...
copying path '/nix/store/d0bmy92adsziz1ps8z4ffmbw3dl74w26-cargo-src-num-traits-0.2.19' from 'https://cache.nixos.org'...
copying path '/nix/store/kv6knqnwjqamai1g37z647607qxjafw0-cargo-src-num_enum-0.7.6' from 'https://cache.nixos.org'...
copying path '/nix/store/c36zgxrjin0kkj6rjcql7q72sp885hin-cargo-src-num_enum_derive-0.7.6' from 'https://cache.nixos.org'...
copying path '/nix/store/v114dav71gbddq0s8ld716hfrmyragdl-cargo-src-objc2-core-foundation-0.3.2' from 'https://cache.nixos.org'...
copying path '/nix/store/04vnr9ykmvqj7v44khiylwnr1dln2li3-cargo-src-once_cell-1.21.4' from 'https://cache.nixos.org'...
copying path '/nix/store/jhvmnskg5208mm5ayypd6z6h1blq6irp-cargo-src-once_cell_polyfill-1.70.2' from 'https://cache.nixos.org'...
copying path '/nix/store/dcidg1855ilgmqp3f9c230j02jsxq5ys-cargo-src-ordered-float-5.3.0' from 'https://cache.nixos.org'...
copying path '/nix/store/k1kawwhh57rcj6d7jgdsqjdcqmy5l77r-cargo-src-parking-2.2.1' from 'https://cache.nixos.org'...
copying path '/nix/store/k9v4brsfbwjvy0drjanc6iswd19izzz2-cargo-src-parking_lot-0.12.5' from 'https://cache.nixos.org'...
copying path '/nix/store/qiawkf6s7lfqsbf8nc20x9hd2bvfbxwj-cargo-src-parking_lot_core-0.9.12' from 'https://cache.nixos.org'...
copying path '/nix/store/d4qzig1vdfk97n67wxr2j4r86sj7igyz-cargo-src-paste-1.0.15' from 'https://cache.nixos.org'...
copying path '/nix/store/b6kl4llpgfp01jml4lh0vz3pc223xzkz-cargo-src-percent-encoding-2.3.2' from 'https://cache.nixos.org'...
copying path '/nix/store/69mirhjviw833v26cy1an5js7qrk0xxq-cargo-src-pin-project-lite-0.2.17' from 'https://cache.nixos.org'...
copying path '/nix/store/kipx7mpfx9l1f5lvz24sf941aa0f1bkk-cargo-src-pin-utils-0.1.0' from 'https://cache.nixos.org'...
copying path '/nix/store/fy1ysfmkh55dbkfn2qj8ysbg60mvaw73-cargo-src-pkg-config-0.3.32' from 'https://cache.nixos.org'...
copying path '/nix/store/r4pdi3xs6133041jfw89y0kzcz8prh37-cargo-src-plain-0.2.3' from 'https://cache.nixos.org'...
copying path '/nix/store/i8bzwc6y2rgl0zpvhpyg92hd9jjhpz72-cargo-src-portable-atomic-1.13.1' from 'https://cache.nixos.org'...
copying path '/nix/store/g4cz22x8j7lxc5aq55rw6lig3dkn6c4l-cargo-src-ppv-lite86-0.2.21' from 'https://cache.nixos.org'...
copying path '/nix/store/f264jwbknpnf1yvjcc69yw002qsabwlb-cargo-src-prettyplease-0.2.37' from 'https://cache.nixos.org'...
copying path '/nix/store/6qk3isgj0wkqhh40m25awgkmdv6x6s07-cargo-src-proc-macro-crate-3.5.0' from 'https://cache.nixos.org'...
copying path '/nix/store/3lm9ri9lk37f3yhmnybb31ikaj6imivh-cargo-src-proc-macro2-1.0.106' from 'https://cache.nixos.org'...
copying path '/nix/store/r6p2bqslifcgwa46cs4igxmy15zm6znr-cargo-src-quote-1.0.45' from 'https://cache.nixos.org'...
copying path '/nix/store/l0afbrh8slsil518qw8gzfcfppmada8q-cargo-src-r-efi-5.3.0' from 'https://cache.nixos.org'...
copying path '/nix/store/jwj62k76zw6f6sh1mrr1hdwwhc34fqpm-cargo-src-r-efi-6.0.0' from 'https://cache.nixos.org'...
copying path '/nix/store/lam759njqqznlvbf1d27hamjcmn1bqcg-cargo-src-rand-0.9.2' from 'https://cache.nixos.org'...
copying path '/nix/store/5nny0s2br89wgm96l6qdjsicdsvny0wq-cargo-src-rand_chacha-0.9.0' from 'https://cache.nixos.org'...
copying path '/nix/store/kcwd6ssrqkv5fpkmq8avmq93i0jd06s8-cargo-src-rayon-1.11.0' from 'https://cache.nixos.org'...
copying path '/nix/store/nhvf8q8dz78r747ih2bk96jh4miwhgf3-cargo-src-rand_core-0.9.5' from 'https://cache.nixos.org'...
copying path '/nix/store/idppik5ndas9bmxm38kd325dbhmbc5x6-cargo-src-rayon-core-1.13.0' from 'https://cache.nixos.org'...
copying path '/nix/store/xbm8ykkh2hch53ifwgcxqzk120rxklsp-cargo-src-redox_syscall-0.5.18' from 'https://cache.nixos.org'...
copying path '/nix/store/2ynd70sqs4r41hjvas6ykw5qb4lw702c-cargo-src-regex-1.12.3' from 'https://cache.nixos.org'...
copying path '/nix/store/jgpcv9cjh281ajwiravc2s294zy21f02-cargo-src-regex-automata-0.4.14' from 'https://cache.nixos.org'...
copying path '/nix/store/byb7xv9bvvbgwb71gzw2s4x7b9f7lx3a-cargo-src-regex-syntax-0.8.10' from 'https://cache.nixos.org'...
copying path '/nix/store/hmzb36kh4548ghl0jlvm1ryixl856x4l-cargo-src-rustc-hash-2.1.2' from 'https://cache.nixos.org'...
copying path '/nix/store/8w573k51jp86gbw98mm7w3ilf4lz03zk-cargo-src-rustc_version-0.4.1' from 'https://cache.nixos.org'...
copying path '/nix/store/86anawi4j69j91s4shw6xvh46bh5khcm-cargo-src-rustix-0.38.44' from 'https://cache.nixos.org'...
copying path '/nix/store/c8cvppdv2j7xrii12iq2di9rzjl6xypp-cargo-src-rustix-1.1.4' from 'https://cache.nixos.org'...
copying path '/nix/store/azvdi1y6k4ccss7xx3nkhcn989m3khq7-cargo-src-rustversion-1.0.22' from 'https://cache.nixos.org'...
copying path '/nix/store/pgwdsbhaj7snv41pxsabf0kmiwhi4182-cargo-src-safe_arch-0.7.4' from 'https://cache.nixos.org'...
copying path '/nix/store/hhn6afrn112jyhc940wagpmzyggfx5wb-cargo-src-scopeguard-1.2.0' from 'https://cache.nixos.org'...
copying path '/nix/store/1rqkymizspz41l8254y670g7cscvzm3k-cargo-src-same-file-1.0.6' from 'https://cache.nixos.org'...
copying path '/nix/store/1zqn16jn3rrsjh9qzb86wb44m930hac3-cargo-src-semver-1.0.27' from 'https://cache.nixos.org'...
copying path '/nix/store/8lmcx5f6k7kiw4mrdzxard4y89xwlnfp-cargo-src-serde-1.0.228' from 'https://cache.nixos.org'...
copying path '/nix/store/shbyfm9xc7hxpfymgwx77kvyynsb5zr6-cargo-src-serde_core-1.0.228' from 'https://cache.nixos.org'...
copying path '/nix/store/6jxz2n087xgk2mlrpcab20jdplr1632x-cargo-src-serde_derive-1.0.228' from 'https://cache.nixos.org'...
copying path '/nix/store/fn116hs75a66c7chdipvahkq5fil8ddd-cargo-src-serde_json-1.0.149' from 'https://cache.nixos.org'...
copying path '/nix/store/w3is36hy91vnm0f0r9in1fzgkky7vki5-cargo-src-serde_repr-0.1.20' from 'https://cache.nixos.org'...
copying path '/nix/store/v3z3l5wdab1pl5na9n4sqdpih1x1g6p4-cargo-src-shlex-1.3.0' from 'https://cache.nixos.org'...
copying path '/nix/store/ghdnxx5irgxn0j7wwybrx6na4a03rsw4-cargo-src-signal-hook-registry-1.4.8' from 'https://cache.nixos.org'...
copying path '/nix/store/69hcciz5inll73p78s46l3aq61rcrilj-cargo-src-simd-adler32-0.3.9' from 'https://cache.nixos.org'...
copying path '/nix/store/14qmgia2mn9164vd6nn3sj7n2cy9hkrx-cargo-src-simd_cesu8-1.1.1' from 'https://cache.nixos.org'...
copying path '/nix/store/f7p4vyyf8cqgagnjg89adai71gprk9ay-cargo-src-simdutf8-0.1.5' from 'https://cache.nixos.org'...
copying path '/nix/store/x5sigk0kzf34drlaqx1j3l3zqq6vncxr-cargo-src-slab-0.4.12' from 'https://cache.nixos.org'...
copying path '/nix/store/y7xklc7rjlf4rvdl8pv81545n6mlh10y-cargo-src-smallvec-1.15.1' from 'https://cache.nixos.org'...
copying path '/nix/store/nl6393h4avn67n0rpd0wwl5npjwaj6rc-cargo-src-socket2-0.6.3' from 'https://cache.nixos.org'...
copying path '/nix/store/ixrpnfa9plnbic64q5rnmap9rsv9478l-cargo-src-static_assertions-1.1.0' from 'https://cache.nixos.org'...
copying path '/nix/store/hw89abn7q4vhyg5651yk9npl1kbfji6k-cargo-src-stable_deref_trait-1.2.1' from 'https://cache.nixos.org'...
copying path '/nix/store/c5fxr1hydkq978bay1bm5y6ia1638gy6-cargo-src-strsim-0.11.1' from 'https://cache.nixos.org'...
copying path '/nix/store/rxqf4xv2hpynya19d42z9hrwk7afahzq-cargo-src-syn-2.0.117' from 'https://cache.nixos.org'...
copying path '/nix/store/598cram4jxw3q087n9w82wymkxfknvlg-cargo-src-synstructure-0.13.2' from 'https://cache.nixos.org'...
copying path '/nix/store/zbm227bs5gz49wsq6i5n5f6275aidkcp-cargo-src-tempfile-3.27.0' from 'https://cache.nixos.org'...
copying path '/nix/store/d6hrf24z3ffr7rrb09aj8dlb8lw6a1qz-cargo-src-termcolor-1.4.1' from 'https://cache.nixos.org'...
copying path '/nix/store/kc6rwp9kkw975jy1d21p18m7g59v1ifi-cargo-src-thiserror-1.0.69' from 'https://cache.nixos.org'...
copying path '/nix/store/yhh0zbgwipjaj2ycj3l6zqs5m1qrpl2i-cargo-src-thiserror-2.0.18' from 'https://cache.nixos.org'...
copying path '/nix/store/cj7gc8ghgbcsz1jyfc7zfnpkkn68h4fq-cargo-src-thiserror-impl-1.0.69' from 'https://cache.nixos.org'...
copying path '/nix/store/640j6jzyxk3kghjgyaan62k2922102ds-cargo-src-thiserror-impl-2.0.18' from 'https://cache.nixos.org'...
copying path '/nix/store/m9zwr2r471crb4523ycbf5kg5c1wha3p-cargo-src-tinyvec-1.11.0' from 'https://cache.nixos.org'...
copying path '/nix/store/zfmhbswy6a1vwi3jmfv0bjhswhk3p123-cargo-src-tinyvec_macros-0.1.1' from 'https://cache.nixos.org'...
copying path '/nix/store/cmvgrhj9gahyp4rb695m81xcxfd9all9-cargo-src-tokio-stream-0.1.18' from 'https://cache.nixos.org'...
copying path '/nix/store/2v3ia6q7fa1h2dk9p1qx4p6cmgz5795l-cargo-src-toml_datetime-1.1.1+spec-1.1.0' from 'https://cache.nixos.org'...
copying path '/nix/store/idnar5f5ig9jxw9115knqzchyn4qw13z-cargo-src-toml_parser-1.1.2+spec-1.1.0' from 'https://cache.nixos.org'...
copying path '/nix/store/c31flw0vbg5bss6p4ynsrixnvznqfx8g-cargo-src-tracing-0.1.44' from 'https://cache.nixos.org'...
copying path '/nix/store/rraj1c5nlsdjwhhm7drazmd5zy6fpwps-cargo-src-tracing-attributes-0.1.31' from 'https://cache.nixos.org'...
copying path '/nix/store/j5sjcszkn9gfc86kck0x7ggjvdx3j92x-cargo-src-tracing-core-0.1.36' from 'https://cache.nixos.org'...
copying path '/nix/store/allrgkdxym4wirq59wby4spkaxgajbxd-cargo-src-unicode-bidi-0.3.18' from 'https://cache.nixos.org'...
copying path '/nix/store/kcllyvn45pjvkfc3sn23ynk7h57mg4ky-cargo-src-unicode-ident-1.0.24' from 'https://cache.nixos.org'...
copying path '/nix/store/mkkba50bzp4vhk8128pmwfzm415scaad-cargo-src-unicode-linebreak-0.1.5' from 'https://cache.nixos.org'...
copying path '/nix/store/hq0rskn5237cjdsyijvhp8p8l53wri8x-cargo-src-unicode-segmentation-1.13.2' from 'https://cache.nixos.org'...
copying path '/nix/store/xj83z3qc60fdbyq45d31njq8c2sc8407-cargo-src-unicode-width-0.2.2' from 'https://cache.nixos.org'...
copying path '/nix/store/kcdygmsyr35xbj6yz9mam7h3by34fmbg-cargo-src-unicode-xid-0.2.6' from 'https://cache.nixos.org'...
copying path '/nix/store/33dfvgzgrm8shksrjb3rjdgr2xm5p6nj-cargo-src-utf8parse-0.2.2' from 'https://cache.nixos.org'...
copying path '/nix/store/2pd3w60wbdvw3qls7wbdxhpbbn96m2q3-cargo-src-version_check-0.9.5' from 'https://cache.nixos.org'...
copying path '/nix/store/x7mas9gzk6hkr72fvnja37hd0xb1xgw6-cargo-src-walkdir-2.5.0' from 'https://cache.nixos.org'...
copying path '/nix/store/ffqbbq535ipbwg1vl0ayhdic79gxfw7h-cargo-src-wasi-0.11.1+wasi-snapshot-preview1' from 'https://cache.nixos.org'...
copying path '/nix/store/qqf978zl9q84lz7cc0glpp9frnd7mi2w-cargo-src-wasip3-0.4.0+wasi-0.3.0-rc-2026-01-06' from 'https://cache.nixos.org'...
copying path '/nix/store/wwil2jc1q2sx5pf6b056rxcpxrqxb4kw-cargo-src-wasm-encoder-0.244.0' from 'https://cache.nixos.org'...
copying path '/nix/store/xrkrfj257prcqpygl0qk9mkv6hxa9j7p-cargo-src-wasm-metadata-0.244.0' from 'https://cache.nixos.org'...
copying path '/nix/store/n7n5z2m2wvdbyg8dy5yik9l1v5pdswl7-cargo-src-wasmparser-0.244.0' from 'https://cache.nixos.org'...
copying path '/nix/store/i991cabmmw1zsgs75plvxbm7b46dddc4-cargo-src-web-time-1.1.0' from 'https://cache.nixos.org'...
copying path '/nix/store/9q4n01lxfkw3lx40m7im6hj2lhslnd97-cargo-src-wide-0.7.33' from 'https://cache.nixos.org'...
copying path '/nix/store/drfhaf6zsgihz6v4w5f3agpwq50hr57r-cargo-src-winapi-0.3.9' from 'https://cache.nixos.org'...
copying path '/nix/store/chq2d0szrxyvfizdlg88c5dbcgb8wr2m-cargo-src-winapi-i686-pc-windows-gnu-0.4.0' from 'https://cache.nixos.org'...
copying path '/nix/store/ldjhh5zgx730wq6af1bcs0k68in1yda5-cargo-src-winapi-util-0.1.11' from 'https://cache.nixos.org'...
copying path '/nix/store/xgjkrh2417mx018fywkclnvf2bb2ws6d-cargo-src-winapi-x86_64-pc-windows-gnu-0.4.0' from 'https://cache.nixos.org'...
copying path '/nix/store/46pld6zskvdw99yiqp8zqpnlaz373037-cargo-src-windows-0.62.2' from 'https://cache.nixos.org'...
copying path '/nix/store/ak0xsrjmhqf6h3p0n58rz9sjimfr3xv4-cargo-src-windows-collections-0.3.2' from 'https://cache.nixos.org'...
copying path '/nix/store/61f0qfxk0xq72mmckhjir7s1h6vc2vzy-cargo-src-windows-core-0.62.2' from 'https://cache.nixos.org'...
copying path '/nix/store/2r8gcjvqd7w1kvkg33d652hrgdknvq5b-cargo-src-windows-future-0.3.2' from 'https://cache.nixos.org'...
copying path '/nix/store/6qrkzdnxl9c91vnfmjkxbpvr4shv2rva-cargo-src-windows-implement-0.60.2' from 'https://cache.nixos.org'...
copying path '/nix/store/scmmrr3l6zw7qyn6clhvh50xx6996irr-cargo-src-windows-interface-0.59.3' from 'https://cache.nixos.org'...
copying path '/nix/store/mxc148fyvgppdriy9f01hwn9nabb78yb-cargo-src-windows-link-0.2.1' from 'https://cache.nixos.org'...
copying path '/nix/store/wybl7r36ibvlxlghrh03p86hi5cb9ax2-cargo-src-windows-numerics-0.3.1' from 'https://cache.nixos.org'...
copying path '/nix/store/k5k17ilgwnzak47viziv3px55ll8rh61-cargo-src-windows-result-0.4.1' from 'https://cache.nixos.org'...
copying path '/nix/store/p0a1dw9wzlvqjwjldkfck29hd6n84yp5-cargo-src-windows-strings-0.5.1' from 'https://cache.nixos.org'...
copying path '/nix/store/mzv3bqz7z9gjdjy7gabgqnal0nfsjvbw-cargo-src-windows-sys-0.52.0' from 'https://cache.nixos.org'...
copying path '/nix/store/csygk7q9cknsdhwpvr3vbi7i1m3dnkcb-cargo-src-windows-sys-0.59.0' from 'https://cache.nixos.org'...
copying path '/nix/store/gy18krblkxrj4w0bdayc3hx9rm43iyzh-cargo-src-windows-sys-0.61.2' from 'https://cache.nixos.org'...
copying path '/nix/store/f6w7pxfjjavms5v7gk41l9d4iby5qhdp-cargo-src-windows-targets-0.52.6' from 'https://cache.nixos.org'...
copying path '/nix/store/205p1wn4vsr1akhhac0v04dj3iipjv2b-cargo-src-windows-threading-0.2.1' from 'https://cache.nixos.org'...
copying path '/nix/store/41v0jlfb12kq15lmzvr8ql7dhqjgi2cy-cargo-src-windows_aarch64_gnullvm-0.52.6' from 'https://cache.nixos.org'...
copying path '/nix/store/qvhfk26ajaj8im37mxn37sjgdqhbara2-cargo-src-windows_aarch64_msvc-0.52.6' from 'https://cache.nixos.org'...
copying path '/nix/store/8759w0w79mphlvihsyxaph1f1k1sz3v3-cargo-src-windows_i686_gnu-0.52.6' from 'https://cache.nixos.org'...
copying path '/nix/store/rf4y5khrcwy4dgy5hpayrxjzr98wv2s0-cargo-src-windows_i686_gnullvm-0.52.6' from 'https://cache.nixos.org'...
copying path '/nix/store/i3c7ri1jr87kl5w5lcwhw3w6kddml8jc-cargo-src-windows_i686_msvc-0.52.6' from 'https://cache.nixos.org'...
copying path '/nix/store/g414f7dw52ssnz5gn7rik0l7fibyd9gv-cargo-src-windows_x86_64_gnu-0.52.6' from 'https://cache.nixos.org'...
copying path '/nix/store/q36sk8ypgii3nwfwhsydi7w6zifqbkyr-cargo-src-windows_x86_64_gnullvm-0.52.6' from 'https://cache.nixos.org'...
copying path '/nix/store/kfr7l7ngj4hx4ryl3l98q3qvqrsnk8hs-cargo-src-windows_x86_64_msvc-0.52.6' from 'https://cache.nixos.org'...
copying path '/nix/store/jpz83ysl1vv6v7v3fwgfg4zh6mxqwj66-cargo-src-wit-bindgen-0.51.0' from 'https://cache.nixos.org'...
copying path '/nix/store/ki94jv55j2mwjfb425q9np66sv22cn4d-cargo-src-wit-bindgen-core-0.51.0' from 'https://cache.nixos.org'...
copying path '/nix/store/s58xxvckjz56hpmjwy7alpfd0wr5ls4a-cargo-src-wit-bindgen-rust-0.51.0' from 'https://cache.nixos.org'...
copying path '/nix/store/2zb6pxkwgy6hmwaplxjc70ilnjn1z79i-cargo-src-wit-bindgen-rust-macro-0.51.0' from 'https://cache.nixos.org'...
copying path '/nix/store/4i537w3jyyjkmif3q8s83gwq72plksz3-cargo-src-wit-component-0.244.0' from 'https://cache.nixos.org'...
copying path '/nix/store/vskx4dn7j2qg90y2nvxs4y6xy0a46x8c-cargo-src-wit-parser-0.244.0' from 'https://cache.nixos.org'...
copying path '/nix/store/56nbx3rvil3vbviisldr0r4bnsv85xw6-cargo-src-zerocopy-0.8.48' from 'https://cache.nixos.org'...
copying path '/nix/store/8y9fab5q162hzsryh3br7l67kchyk6lw-cargo-src-zerocopy-derive-0.8.48' from 'https://cache.nixos.org'...
copying path '/nix/store/ab0gji0g0d1hz2jc642n463jy86y9p58-cargo-src-zmij-1.0.21' from 'https://cache.nixos.org'...
copying path '/nix/store/c3b56yf66bs68048h3r17p7cskamqjhf-cc-1.2.55' from 'https://cache.nixos.org'...
copying path '/nix/store/7lm8m7rbl51rksb1m8zqq7sfh8ihiisy-census-0.4.2' from 'https://cache.nixos.org'...
copying path '/nix/store/rfjs1fcacfd1xysy7cmvxsrb9znz6iln-certdata.txt' from 'https://cache.nixos.org'...
copying path '/nix/store/janqcjnqz9vl9nfbgsv2wd48bzfac04p-cesu8-1.1.0' from 'https://cache.nixos.org'...
copying path '/nix/store/v7s7qb33ga0493kqgsg0g6djvxliz76h-cfg-if-0.1.10' from 'https://cache.nixos.org'...
copying path '/nix/store/b2k10h9hc9xgrgdv9w67bif170h6qdbm-cfg-if-1.0.4' from 'https://cache.nixos.org'...
copying path '/nix/store/ap96mjd3sccqv7hnfbiqrl6bkg7mhi83-cfg_aliases-0.2.1' from 'https://cache.nixos.org'...
copying path '/nix/store/s8njynr97ikvlka2s2pk41b41wllv695-clap-2.34.0' from 'https://cache.nixos.org'...
copying path '/nix/store/bq3pbwywj7fzjxnjy7gbpahcsa36m1qw-clap_derive-4.5.55' from 'https://cache.nixos.org'...
copying path '/nix/store/sx53fb4y78zq479vf51jgdh6r02bjwzv-cmake-0.1.57' from 'https://cache.nixos.org'...
copying path '/nix/store/ia1qfyqc8m6dyyh7g4k5yiahpc830c5s-colorchoice-1.0.4' from 'https://cache.nixos.org'...
copying path '/nix/store/kyffcqnqxa0b07kap2j7bg61ybmc0cdb-combine-4.6.7' from 'https://cache.nixos.org'...
copying path '/nix/store/by8kb1sx8f1qm0zppk5f8z92pxa2h4yq-comic-mono-font-2020-12-28' from 'https://cache.nixos.org'...
copying path '/nix/store/f5nmhbn8y42xz06vfri2v3216x0l3cf3-comic-relief-1.1' from 'https://cache.nixos.org'...
copying path '/nix/store/9l0zs56bpw6vqpyk2l6wyzqprfcp78wn-compression-codecs-0.4.36' from 'https://cache.nixos.org'...
copying path '/nix/store/fnp6a17789prm4if5n4zl87xka862k96-compression-core-0.4.31' from 'https://cache.nixos.org'...
copying path '/nix/store/b7p44qhlcqb00jb26ry4bdwl9agr61da-core-foundation-0.10.1' from 'https://cache.nixos.org'...
copying path '/nix/store/shvrvj3ddfxqybc7qc3f59kahmwc8hdx-core-foundation-0.9.4' from 'https://cache.nixos.org'...
copying path '/nix/store/n2mmval723pk12rdfgcd0p9zrkwwp3mv-core-foundation-sys-0.8.7' from 'https://cache.nixos.org'...
copying path '/nix/store/f59g01z9knrhjzz3wna0wxb2mcan24yq-coreutils-full-9.11-info' from 'https://cache.nixos.org'...
copying path '/nix/store/6knrbdfc3cnqcn855vyz4slwvia42x8s-crate-clap_lex-0.7.7.tar.gz' from 'https://cache.nixos.org'...
copying path '/nix/store/5bn0f4v79j04931gghfjw42pmyiijnq2-crate-countme-3.0.1.tar.gz' from 'https://cache.nixos.org'...
copying path '/nix/store/csz1djss1ijsd103dsmnyxxcxbkcali5-crate-hashbrown-0.9.1.tar.gz' from 'https://cache.nixos.org'...
copying path '/nix/store/5l6l9qaid92gmz2s4xgrj5j19hpzp2pp-crate-oneshot-0.1.13.tar.gz' from 'https://cache.nixos.org'...
copying path '/nix/store/vznnksyw3qw0jaf997vmdvk6z9da4609-crate-owo-colors-3.5.0.tar.gz' from 'https://cache.nixos.org'...
copying path '/nix/store/jiqqjhqmak9kxsrn5y8ax26krw4wvi4y-crate-pretty_env_logger-0.5.0.tar.gz' from 'https://cache.nixos.org'...
copying path '/nix/store/1gih5y1hh5mb9ajrfa38yzqgspsp4yx8-crate-reqwest-0.13.2.tar.gz' from 'https://cache.nixos.org'...
copying path '/nix/store/jfh9wb439v1n0nrsrz5szb3nqvjsw3cn-crate-rnix-0.11.0.tar.gz' from 'https://cache.nixos.org'...
copying path '/nix/store/x0yz6mrzyvqpc71yl4gl79yfg0fikahs-crate-security-framework-3.5.1.tar.gz' from 'https://cache.nixos.org'...
copying path '/nix/store/71nj7g5gb0zh4b2nh4chjdph8vbvyv1c-crate-smol_str-0.1.24.tar.gz' from 'https://cache.nixos.org'...
copying path '/nix/store/3zgsrnhlj23f5rvql69l86d0q6yqkq3c-crate-supports-color-2.1.0.tar.gz' from 'https://cache.nixos.org'...
copying path '/nix/store/q6xrwzvirf89q3jz308nvafy3j768hdq-crate-tempfile-3.24.0.tar.gz' from 'https://cache.nixos.org'...
copying path '/nix/store/j5vc2ha2shimmrj0qcg6s7b4fxx9ncnj-crate-text-size-1.1.1.tar.gz' from 'https://cache.nixos.org'...
copying path '/nix/store/cgcza8hhi1vsr4nbrw277y26bsd0hgx6-crate-toml-0.9.11+spec-1.1.0.tar.gz' from 'https://cache.nixos.org'...
copying path '/nix/store/js9b7rrj7rjx8fcq72sl17kj38h020gc-crate-toml_parser-1.0.6+spec-1.1.0.tar.gz' from 'https://cache.nixos.org'...
copying path '/nix/store/vszqpdlhb9a5rzf8kxw6wf2wl867kz0z-crate-users-0.11.0.tar.gz' from 'https://cache.nixos.org'...
copying path '/nix/store/p1d317399rah8b5xgkl0ixi9i1l01jkf-crate-webpki-root-certs-1.0.6.tar.gz' from 'https://cache.nixos.org'...
copying path '/nix/store/d8062y0g2fj54gyzmrqc43zzl6rdnllq-crc32fast-1.5.0' from 'https://cache.nixos.org'...
copying path '/nix/store/s495mq82knr9cc18wfh73vfr3my12ncn-crossbeam-channel-0.4.4' from 'https://cache.nixos.org'...
copying path '/nix/store/95yza39f64ryy5frpqds52s5b0hc6iw6-crossbeam-channel-0.5.15' from 'https://cache.nixos.org'...
copying path '/nix/store/qnjzl0gjs4wgl1fl8gqp3xwvjg3csag3-crossbeam-deque-0.8.6' from 'https://cache.nixos.org'...
copying path '/nix/store/mw2fsrwx4v1m8hi1mf0fa9xlq3jq645f-crossbeam-epoch-0.9.18' from 'https://cache.nixos.org'...
copying path '/nix/store/h6bvkqvsv7iirv0bhm8xh6cknc4w6dar-crossbeam-utils-0.7.2' from 'https://cache.nixos.org'...
copying path '/nix/store/dq5m898j2sfkaw37nvlalxx305xqaz38-crossbeam-utils-0.8.21' from 'https://cache.nixos.org'...
copying path '/nix/store/mdxnz7wk22ky8mj7504z26qk9pcvn8ff-crunchy-0.2.4' from 'https://cache.nixos.org'...
copying path '/nix/store/f4zwb5czn0h4xldqxv40wb8yli1n39pf-cryptsetup-2.8.7-man' from 'https://cache.nixos.org'...
copying path '/nix/store/kfpn4jvkizwid30ni8lv1c5g00ganwry-csv-1.4.0' from 'https://cache.nixos.org'...
copying path '/nix/store/2wvg1npjz93sqr9lx2602bpvn9mqr7vr-cups-2.4.19-man' from 'https://cache.nixos.org'...
copying path '/nix/store/8cz786qgkclc69bcpxhbmrbysdqjm0hi-csv-core-0.1.13' from 'https://cache.nixos.org'...
copying path '/nix/store/fpdj9gdzan78gzdjh42if6iifycdrz1p-curl-8.21.0-man' from 'https://cache.nixos.org'...
copying path '/nix/store/hnddvhacaxmc5iw2qdl6alvvj1vi4ix9-curl-8.21.0-man' from 'https://cache.nixos.org'...
copying path '/nix/store/w3dlylcx0xazp41dml02z4gfqlzp6zmi-curl-8.21.0-man' from 'https://cache.nixos.org'...
copying path '/nix/store/6gaq90c4hbz63yjb82ay2zb48xhmkmid-cuts.tar.gz' from 'https://cache.nixos.org'...
copying path '/nix/store/jw10w3frczd6a0i5amk4axdyrr858jvy-daemon.json' from 'https://cache.nixos.org'...
copying path '/nix/store/x8jb567dcim8a6ddc07aaplia823cbgz-darling-0.23.0' from 'https://cache.nixos.org'...
copying path '/nix/store/hpdqkb9kr16r173898j4834kvbih1y6r-darling_core-0.23.0' from 'https://cache.nixos.org'...
copying path '/nix/store/lghirq823yz8cvxfvj6vx3q3cwpyih1h-darling_macro-0.23.0' from 'https://cache.nixos.org'...
copying path '/nix/store/99ljqzwdp8sjsvh2fma8xnp0nkmr7g62-dbus-1.16.2-doc' from 'https://cache.nixos.org'...
copying path '/nix/store/xcvinycr8rjw6gla6wrskhj6f2dgyhz9-dbus-1.16.2-man' from 'https://cache.nixos.org'...
copying path '/nix/store/jx2p7qc10ld3b6xy595y889l4w9mlji6-dejavu-fonts-minimal-2.37' from 'https://cache.nixos.org'...
copying path '/nix/store/zqhby0xidpi0xsafsbl4l7dc72imqqq6-dejavu-fonts-minimal-2.37' from 'https://cache.nixos.org'...
copying path '/nix/store/lzdw78m99zyiq8fa4zr9p95p31fxiw5q-deranged-0.5.5' from 'https://cache.nixos.org'...
copying path '/nix/store/yic653pwfdn9a1sadxq51x8zad8ky2as-die-hook' from 'https://cache.nixos.org'...
copying path '/nix/store/i5707n1syb1xcrxxyzljc44w59fkw72d-diffutils-3.12-info' from 'https://cache.nixos.org'...
copying path '/nix/store/1r5m947mkvdmbrfgdqph57pd7bsh5kfj-displaydoc-0.2.5' from 'https://cache.nixos.org'...
copying path '/nix/store/kldmms2m8ld1wb3sv7qjh7vwsrad4vgw-djvulibre-3.5.30' from 'https://cache.nixos.org'...
copying path '/nix/store/26m93d2bs16y6s3aby48w3iyi4wrs9gw-dns-root-data-2025-04-14' from 'https://cache.nixos.org'...
copying path '/nix/store/kmazzf6052fvha4rj38ga2b7cy5785gb-dosfstools-4.2-doc' from 'https://cache.nixos.org'...
copying path '/nix/store/gd7vch8127jvgvxgaks341jlla7xy5c2-dns-root-data-2025-04-14' from 'https://cache.nixos.org'...
copying path '/nix/store/0lhf2h2fnjqvpzmk92s5axr2ybvs981s-dejavu-fonts-2.37' from 'https://cache.nixos.org'...
copying path '/nix/store/12kihknjbzpmwd2d40yl88azsvlirb51-dosfstools-4.2-man' from 'https://cache.nixos.org'...
copying path '/nix/store/vhjac6ryk7g1m6vddwl253nzh27fhk3q-dunce-1.0.5' from 'https://cache.nixos.org'...
copying path '/nix/store/0h21lj102x333qdd0vzfpcghq2dw4i0j-e2fsprogs-1.47.4-info' from 'https://cache.nixos.org'...
copying path '/nix/store/qwzmfr59ndkkd21i5qhhyk69why4img9-e2fsprogs-1.47.4-man' from 'https://cache.nixos.org'...
copying path '/nix/store/7gg2ikgih0pybh2h9wvzxvciv0mm72ah-either-1.15.0' from 'https://cache.nixos.org'...
copying path '/nix/store/k3mhb71cav3z6sqpl6rcd7zwrc6w389a-encoding_rs-0.8.35' from 'https://cache.nixos.org'...
copying path '/nix/store/rcwzkwb4hd0mirqg3vjp6w4ph604jlhv-env_logger-0.10.2' from 'https://cache.nixos.org'...
copying path '/nix/store/dxy576m8y9jzdkjaz4ks9ks3wznz2m14-equivalent-1.0.2' from 'https://cache.nixos.org'...
copying path '/nix/store/sv20m17z3pqjgdm4czb1i7a7gcaxiwvk-errno-0.3.14' from 'https://cache.nixos.org'...
copying path '/nix/store/vd2v862h8n1bm108zw6bm8mmm7q8smi6-fallible-iterator-0.3.0' from 'https://cache.nixos.org'...
copying path '/nix/store/y74dm2k9w1rrh8jnplvbl38rgmnpk8ws-fallible-streaming-iterator-0.1.9' from 'https://cache.nixos.org'...
copying path '/nix/store/9d77k8vcwfmsjdhzajym71m31hlpkz2d-fastdivide-0.4.2' from 'https://cache.nixos.org'...
copying path '/nix/store/p37887aykxw4ywgxpiszszdkjdp3hqq7-fastrand-2.3.0' from 'https://cache.nixos.org'...
copying path '/nix/store/bky3bk5kq93dcdsx2mxlh6l4k8pnm78p-ffmpeg-6.0-data' from 'https://cache.nixos.org'...
copying path '/nix/store/dhbkzxcp7ar2nv2xmspdkf5k8gy9qbha-ffmpeg-7.1.5-data' from 'https://cache.nixos.org'...
copying path '/nix/store/da5vcmxzp2g5hns8nnb5920fkpn34j1j-ffmpeg-9.0.1-data' from 'https://cache.nixos.org'...
copying path '/nix/store/mwg91nlnbxib44dpb9g0d6c5yshz98kw-ffmpeg-8.1.2-data' from 'https://cache.nixos.org'...
copying path '/nix/store/9lg10slpk7zppcrqmjz814i5gzyblp2y-ffmpeg-headless-8.1.2-data' from 'https://cache.nixos.org'...
copying path '/nix/store/qkifsw1rh2wyakcx2jjxib1fiydb7h54-ffmpeg-headless-9.0.1-data' from 'https://cache.nixos.org'...
copying path '/nix/store/wrarv3nl9xy9hd23q5zyxypx9nrhp3cp-ffmpeg-headless-9.0.1-data' from 'https://cache.nixos.org'...
copying path '/nix/store/8rkr7ay1k9rr3zq06k72j2yfpkdls9bz-fhsenv-ensure-gsettings-schemas-directory' from 'https://cache.nixos.org'...
copying path '/nix/store/zj4afabr5c57b7l71212zw4pc9jmf21x-file-5.48-man' from 'https://cache.nixos.org'...
copying path '/nix/store/jhbgyj08l70yfnkjd2jl3q83p15fp0hx-find-msvc-tools-0.1.9' from 'https://cache.nixos.org'...
copying path '/nix/store/dsipksxy4rsfl4pfvpdsa6fnkjfz3c31-find-xml-catalogs-hook' from 'https://cache.nixos.org'...
copying path '/nix/store/mch471fpf32dfxqy5vhadkgafz5np0nb-find-xml-catalogs-hook' from 'https://cache.nixos.org'...
copying path '/nix/store/rzwnfl2c98krzgszrbclnn4m3mx8l622-findutils-4.11.0-info' from 'https://cache.nixos.org'...
copying path '/nix/store/q6x25916lxri2ff9gf12lxw51nnbi774-fira-mono-3.2' from 'https://cache.nixos.org'...
copying path '/nix/store/ki7ccpvrjbfv6dvm0sbsvq7w0hx4f0g1-fira-sans-4.301' from 'https://cache.nixos.org'...
copying path '/nix/store/1rl205qlarhqd89mgmsc8yrnlk12vkwl-fix-reproducible-build-issue.patch' from 'https://cache.nixos.org'...
copying path '/nix/store/wbkgf5irdw4lpysc0frrdhyfv435i990-flac-1.5.0-man' from 'https://cache.nixos.org'...
copying path '/nix/store/zric6syjfnir8mfrd4a5cql3f3a7pf7l-flatpak-1.18.1-doc' from 'https://cache.nixos.org'...
copying path '/nix/store/kl5wd86sycf2v0j7pxaxkv0zyxg0n01w-flatpak-1.18.1-man' from 'https://cache.nixos.org'...
copying path '/nix/store/phhzrcsfx116pgwxziznd1z3hfir1jjh-fnv-1.0.7' from 'https://cache.nixos.org'...
copying path '/nix/store/kd5k2rnhzfgyyvs6isip3y90j0wwd91l-foldhash-0.1.5' from 'https://cache.nixos.org'...
copying path '/nix/store/2rdclp88s4kd9nyg24lmk0z3p8vmvlvj-foldhash-0.2.0' from 'https://cache.nixos.org'...
copying path '/nix/store/8r4w4jknlanffmyy0cyfx8pp6vc23sqh-docbook-xml-4.3' from 'https://cache.nixos.org'...
copying path '/nix/store/f5xdvrbqsk8k4mrm6003w22h4f1fxkhr-docbook-xml-4.4' from 'https://cache.nixos.org'...
copying path '/nix/store/dly3ibbv3l5400f5x5wf7kmkrxkn1m2q-docbook-xml-4.5' from 'https://cache.nixos.org'...
copying path '/nix/store/7hmixws7547y8682vh6w97q0d922hh29-docbook-xsl-nons-1.79.2' from 'https://cache.nixos.org'...
copying path '/nix/store/98a7wxbxfbym9gmd3nk3zc4jwz44pc61-docbook-xsl-nons-1.79.2' from 'https://cache.nixos.org'...
copying path '/nix/store/618y5llbjab5ygicq03s9asjb3xkyqp8-docbook-xsl-ns-1.79.2' from 'https://cache.nixos.org'...
copying path '/nix/store/1zv5vl4v0d0l0k443s05dh7jlmkr4csn-font-adobe-100dpi-1.0.4' from 'https://cache.nixos.org'...
copying path '/nix/store/sg99ka11v48v8n3746kp18vy5c0k0rxl-font-adobe-75dpi-1.0.4' from 'https://cache.nixos.org'...
copying path '/nix/store/j7580cg8nvc2c13g89qdlxzfh4cch9k4-font-alias-1.0.6' from 'https://cache.nixos.org'...
copying path '/nix/store/sbkn034wwahqzvvgbaskcdalsl7m4dl6-font-cursor-misc-1.0.4' from 'https://cache.nixos.org'...
copying path '/nix/store/3z6bs83vx71005h5jqg99qfb75g4s2sc-font-misc-misc-1.1.3' from 'https://cache.nixos.org'...
copying path '/nix/store/lpzs15bch379l444pnpc5kqpqgmnjdhm-fontconfig-2.18.2' from 'https://cache.nixos.org'...
copying path '/nix/store/qdbcjg7j3rxr1bvh1qhldk5aqjz7vlx6-fontconfig-2.18.2' from 'https://cache.nixos.org'...
copying path '/nix/store/6hzmp2yj7n3ni0yrw96rwjsbk1xxs6h0-form_urlencoded-1.2.2' from 'https://cache.nixos.org'...
copying path '/nix/store/9s67j8nx9gycffj9hcqyd2zcyqgd9n29-fortify-headers-3.0.1' from 'https://cache.nixos.org'...
copying path '/nix/store/m1krv2mvh97plh2xz94g2qrm3xc2hgzl-freefont-ttf-20120503' from 'https://cache.nixos.org'...
copying path '/nix/store/1qywrpwkli70kbybd82zqssxl9ypbcw3-freepats-20060219' from 'https://cache.nixos.org'...
copying path '/nix/store/k802m2wxm8pkv67xhpaf4w7mks8fbwpi-fs_extra-1.3.0' from 'https://cache.nixos.org'...
copying path '/nix/store/ycz4pqriv0hfrw8j52fgc7cjd46cb5m7-fuse-2.9.9-man' from 'https://cache.nixos.org'...
copying path '/nix/store/3v62pd5xhb0v44v0q3amkjsip1s04r07-fuse-3.18.2-man' from 'https://cache.nixos.org'...
copying path '/nix/store/gbcl412578k03liqhzbd2mycam93fvg8-futures-channel-0.3.31' from 'https://cache.nixos.org'...
copying path '/nix/store/sz0bid34xc5f9gg4lfxp40yakkk5566v-futures-core-0.3.31' from 'https://cache.nixos.org'...
copying path '/nix/store/r498pbadzlhyxv53mlp8hpi2mbsb4lf1-futures-macro-0.3.31' from 'https://cache.nixos.org'...
copying path '/nix/store/6n8f1qwxnmfk62658svqh0avwa1jk38y-futures-sink-0.3.31' from 'https://cache.nixos.org'...
copying path '/nix/store/zr8gagvhdaqwjirrimjfwljn5x0dajny-futures-task-0.3.31' from 'https://cache.nixos.org'...
copying path '/nix/store/7ry5q9c7rrxmm43xblikq4bxvv89086p-futures-util-0.3.31' from 'https://cache.nixos.org'...
copying path '/nix/store/czf8qw533aac872zx1y28ib5vka0hqp1-fwupd-2.1.6-man' from 'https://cache.nixos.org'...
copying path '/nix/store/14k34na8xx38k4c9rdwp8hxr0zhakvsd-fwupd-efi-1.8' from 'https://cache.nixos.org'...
copying path '/nix/store/3i72bvba6v0dawc2ba8djczlg7v01ic2-gawk-5.4.1-info' from 'https://cache.nixos.org'...
copying path '/nix/store/db8wpp1wxyfk3kbzqwfj5gzw5j7yfdap-gawk-5.4.1-man' from 'https://cache.nixos.org'...
copying path '/nix/store/sisak1z6r7jgi56j75nbzdzjhi4x26h4-gcc-14.4.0-libgcc' from 'https://cache.nixos.org'...
copying path '/nix/store/825nqa9aqa3cpg1hv2qpz4b6aqndfh3y-gcc-15.3.0-libgcc' from 'https://cache.nixos.org'...
copying path '/nix/store/d83970g2zm3j81k3wmzx2p4d0860m9n3-gcc-15.3.0-libgcc' from 'https://cache.nixos.org'...
copying path '/nix/store/9c6byphrq6n7wgj3r1sf7gn0lx4m3qqn-gcc-15.3.0-man' from 'https://cache.nixos.org'...
copying path '/nix/store/mi5pjn9dr68dkgmjarff5aicp6v3idia-gdk-pixbuf-2.44.7-man' from 'https://cache.nixos.org'...
copying path '/nix/store/frcpbdgxqxsfj8ni1hlyjyc4ximmf9dx-gemfile-and-lockfile' from 'https://cache.nixos.org'...
copying path '/nix/store/vqpdhjjc2h8ihyf5ns6qlf4fxz8qpram-getrandom-0.2.17' from 'https://cache.nixos.org'...
copying path '/nix/store/8gsb3h95q1z9w44bkynk779qg40cc2ws-getrandom-0.3.4' from 'https://cache.nixos.org'...
copying path '/nix/store/x7l7fgd5iln5gi3akikdcl2d4ry5jxcz-gfortran-15.3.0-libgcc' from 'https://cache.nixos.org'...
copying path '/nix/store/nivzh2w0493z75qvdf7mann29ix72m68-ghostscript-with-X-10.07.1-fonts' from 'https://cache.nixos.org'...
copying path '/nix/store/kqz8zv5m8pa59m09zrb5llfw48x074bs-ghostscript-with-X-10.07.1-man' from 'https://cache.nixos.org'...
copying path '/nix/store/yvx5ayi3k6gh8xgk9yxc9gpy0jb7f14l-git-2.55.0-doc' from 'https://cache.nixos.org'...
copying path '/nix/store/gqp1qc4ssl1rn2295hm5m8alfxifj725-glibc-2.42-84-source-unsecvars' from 'https://cache.nixos.org'...
copying path '/nix/store/6zxixmszg0vbhpaa8rxwfr05by9axj68-glibc-2.42.tar.xz' from 'https://cache.nixos.org'...
copying path '/nix/store/f65j04fnffn1wb67s11m8mhghf3xzpc1-glibc-locales-2.42-84' from 'https://cache.nixos.org'...
copying path '/nix/store/ls74g0nvwrgp0b2j128fxc34wza22n15-globset-0.4.18' from 'https://cache.nixos.org'...
copying path '/nix/store/r4z135zsq82f88fpxi1vf767izqbvldn-gnome-settings-daemon-50.1-gsettings-schemas' from 'https://cache.nixos.org'...
copying path '/nix/store/nqc9wqyiwrz2sjh9afjp09sd4lr3x3sx-gnugrep-3.12-info' from 'https://cache.nixos.org'...
copying path '/nix/store/bb9vwippkyflxfsk40yf5g207hak5vrp-gnu-config-2024-01-01' from 'https://cache.nixos.org'...
copying path '/nix/store/k49zfw0a5avjd48issr4py7qh0fhsr83-gnused-4.10-info' from 'https://cache.nixos.org'...
copying path '/nix/store/v6lwr60f59aqpq4xfzmy488gfyc1sa6c-gnutar-1.35-info' from 'https://cache.nixos.org'...
copying path '/nix/store/1pg2pnhrc3y8nhjhdipzcm69k0fbs5z2-godot-4.7.2-stable-man' from 'https://cache.nixos.org'...
copying path '/nix/store/w7z6y1f2gnm6qx8gpkxzvbnxsw3b3svl-gsettings-desktop-schemas-50.1' from 'https://cache.nixos.org'...
copying path '/nix/store/p73kc38fhp81rk1ii42xjz8z2z16dyg9-gweather-locations-2026.2' from 'https://cache.nixos.org'...
copying path '/nix/store/k0s6chvkwcczk6wmmf38b0w5rdm32ij9-gyre-fonts-2.501' from 'https://cache.nixos.org'...
copying path '/nix/store/8p46f1b0fg4iajzgch12ndvkjsm51ria-gzip-1.14-info' from 'https://cache.nixos.org'...
copying path '/nix/store/3vvq8ixayj97lnimmwv75167794rnrva-gzip-1.14-man' from 'https://cache.nixos.org'...
copying path '/nix/store/kccccvwrqxdv5dmsv96z9sgqq0pava5b-h2-0.4.13' from 'https://cache.nixos.org'...
copying path '/nix/store/n7j26wd3g1zr8yq5yvssr4904lbhs2cc-hack-font-3.003' from 'https://cache.nixos.org'...
copying path '/nix/store/0zxb7wx2bj7dbyfampwgwl0kvcv5sxcw-hashbrown-0.14.5' from 'https://cache.nixos.org'...
copying path '/nix/store/g2ibksjimjk0axrq8hjbjfmydvib9kg4-hashbrown-0.15.5' from 'https://cache.nixos.org'...
copying path '/nix/store/0k3jqrr8f9n4lyvqrm45gnd435mm9g2c-hashbrown-0.16.1' from 'https://cache.nixos.org'...
copying path '/nix/store/qwd286i09nc4ffh0257dvqrvckwl59r9-heck-0.5.0' from 'https://cache.nixos.org'...
copying path '/nix/store/zfknazrzdd518y53a547r7fxi8jg0iyd-hermit-abi-0.1.19' from 'https://cache.nixos.org'...
copying path '/nix/store/dylsm4h36am0ss3ac2yfvanm7h7fh0bx-hermit-abi-0.5.2' from 'https://cache.nixos.org'...
copying path '/nix/store/1azcjkmc5ba1srfp9agqx1k074vxhcxs-hicolor-icon-theme-0.18' from 'https://cache.nixos.org'...
copying path '/nix/store/0xysvkfixmi77gyvgh78lccyfv4vs2v9-hostname-debian-3.25-man' from 'https://cache.nixos.org'...
copying path '/nix/store/rdknwpwjrgn9886zcw776scpdlrjlqpc-htmlescape-0.3.1' from 'https://cache.nixos.org'...
copying path '/nix/store/li8a6ih6b2l65n8sn19q290rfdvd9y0a-htop-3.5.3-man' from 'https://cache.nixos.org'...
copying path '/nix/store/9821by7c52hbms4i92c1vwnrxwl9xmcl-http-1.4.0' from 'https://cache.nixos.org'...
copying path '/nix/store/zx078sbrscnb6rrvs70pdn9caqc7j4n0-http-body-1.0.1' from 'https://cache.nixos.org'...
copying path '/nix/store/bkhh7w5khwy5zmshmy0nd5k1azan6si1-http-body-util-0.1.3' from 'https://cache.nixos.org'...
copying path '/nix/store/9a2bl5xls0p7g4r9h7lnk3vj0kpj1p7b-httparse-1.10.1' from 'https://cache.nixos.org'...
copying path '/nix/store/an7lyxm0y0bc4hv7pgpvfzd8nn4c8brl-humantime-2.3.0' from 'https://cache.nixos.org'...
copying path '/nix/store/4j8rlbda1yigy136j3rqdrarphjbwamv-hwdata-0.410' from 'https://cache.nixos.org'...
copying path '/nix/store/71437l93dh58b1r4z1kai3337if73i8x-hwdata-0.410' from 'https://cache.nixos.org'...
copying path '/nix/store/whzm8wha0cgzmw9k13l52jnzaz7hmlb2-hyper-1.8.1' from 'https://cache.nixos.org'...
copying path '/nix/store/jlj2v6hxay42k8vvc9gsyaan9q2lpdc7-hyper-rustls-0.27.7' from 'https://cache.nixos.org'...
copying path '/nix/store/h2bnrh7c2phgx9c8isr4rmp65rv6gr5v-hicolor-icon-theme-0.18-dev' from 'https://cache.nixos.org'...
copying path '/nix/store/l8g9ab8qdkwh5yn33kjvzkfbxmhjsvcj-hyper-util-0.1.20' from 'https://cache.nixos.org'...
copying path '/nix/store/cr64cgda869bylchfqyjifxxbxq8g96f-hyperloglogplus-0.4.1' from 'https://cache.nixos.org'...
copying path '/nix/store/nb6fq3nrjmyx9f9syrfnmsyfhx1ks9vg-iana-etc-20251215' from 'https://cache.nixos.org'...
copying path '/nix/store/bkkwr682qh7dr81n5jajkzfkvslh4pnv-icu_collections-2.1.1' from 'https://cache.nixos.org'...
copying path '/nix/store/vq0h5xk0sx57s22djpsq25ny813w3sbi-adwaita-icon-theme-50.0' from 'https://cache.nixos.org'...
copying path '/nix/store/qwi9ig2bwrjmx3iadpxhpw9824vblkch-breeze-icons-5.116.0' from 'https://cache.nixos.org'...
copying path '/nix/store/mrxas769bv7mkh9p897kvxfhy7r7fh1m-icu_locale_core-2.1.1' from 'https://cache.nixos.org'...
copying path '/nix/store/a18fhmgxp7y2y1psj6cnyrrnkpafmw9c-icu_normalizer-2.1.1' from 'https://cache.nixos.org'...
copying path '/nix/store/ajymp9p0q30gv316d5l2d457w5mbzik7-icu_normalizer_data-2.1.1' from 'https://cache.nixos.org'...
copying path '/nix/store/g8l4a09vpl4k3y14619rs9a79rx1gydr-icu_properties-2.1.2' from 'https://cache.nixos.org'...
copying path '/nix/store/lhp8iy19r2cfrj8spim8giy2f939riy3-icu_properties_data-2.1.2' from 'https://cache.nixos.org'...
copying path '/nix/store/b9znkqc6rl0azrcxrghvaz9dvpgwiafv-icu_provider-2.1.1' from 'https://cache.nixos.org'...
copying path '/nix/store/a5rzf480r6i3zd0c2qv2w7x6nd2v5mip-ident_case-1.0.1' from 'https://cache.nixos.org'...
copying path '/nix/store/7f36y22jpy7rif2qq2cqrzrqxy304brn-idna-1.1.0' from 'https://cache.nixos.org'...
copying path '/nix/store/42vl1if775p9w2gnbz61khqaqancnb37-idna_adapter-1.2.1' from 'https://cache.nixos.org'...
copying path '/nix/store/afpimsi5gawrhhyg36inbxmsps13s48j-ignore-0.4.25' from 'https://cache.nixos.org'...
copying path '/nix/store/dxv0jqqa2ng12yyfx26zgwfkslahwnmp-immer-0.9.1' from 'https://cache.nixos.org'...
copying path '/nix/store/mxvl80fknql68d28b1621q4xjp3fzjs6-indexmap-2.13.0' from 'https://cache.nixos.org'...
copying path '/nix/store/nqc3scf7f1sq8j916nmd33jrnqknxa93-install-shell-files' from 'https://cache.nixos.org'...
copying path '/nix/store/1k5xk45c65wy5962hclg6y92lr8mk7gn-ipnet-2.11.0' from 'https://cache.nixos.org'...
copying path '/nix/store/mj67qppx4ijv966xqaswd716i3wly0mk-iproute2-7.1.0-man' from 'https://cache.nixos.org'...
copying path '/nix/store/zsxk1y5c7hn73d6qpzx0k6zdcv5v8ird-iptables-1.8.13-man' from 'https://cache.nixos.org'...
copying path '/nix/store/a62aas51l4xjm04qiw8c7068gbhvhppj-iputils-20250605-man' from 'https://cache.nixos.org'...
copying path '/nix/store/rk4cbammfvfamiaim4vc3cvvsqpzi40b-ipw2200-firmware-3.1-zstd' from 'https://cache.nixos.org'...
copying path '/nix/store/x7c4538s0mmvvqgsi703fi127ygxcm5k-iri-string-0.7.10' from 'https://cache.nixos.org'...
copying path '/nix/store/hdqxgn8vkwx4di0v7y04cnbxwm7j7qlh-is-terminal-0.4.17' from 'https://cache.nixos.org'...
copying path '/nix/store/bghlfmwjzapbmn7gq51i5zqc297r6s17-isDeclaredArray' from 'https://cache.nixos.org'...
copying path '/nix/store/zyfll22gqa5xffp2wjyr8bvyb0m2c8rr-is_ci-1.2.0' from 'https://cache.nixos.org'...
copying path '/nix/store/qhs1yhgv6x4rqp6fvchhbagn9j98k1ng-is_terminal_polyfill-1.70.2' from 'https://cache.nixos.org'...
copying path '/nix/store/amzq7dzfjjrxcy6cf03v69rpihigsax5-iso-codes-4.20.1' from 'https://cache.nixos.org'...
copying path '/nix/store/s7jbmw8wnfbddjp3w6l82wrhigdy6syx-iso-codes-4.20.1' from 'https://cache.nixos.org'...
copying path '/nix/store/7m1bqw8w4qw3dps53zr2ddfjqc9aamjm-itertools-0.14.0' from 'https://cache.nixos.org'...
copying path '/nix/store/h10v2xnbhh426r789cahcavvgw6fg3sd-itoa-1.0.17' from 'https://cache.nixos.org'...
copying path '/nix/store/qsv3k43lxq3518wbak19mg9lwlclg1r6-jni-0.21.1' from 'https://cache.nixos.org'...
copying path '/nix/store/48a0ncl6wjwwmfnipvw8qs36ayzms1gq-jni-sys-0.3.0' from 'https://cache.nixos.org'...
copying path '/nix/store/pci4k86rn57s3a4pnwf5izj4bj9mh3zg-jobserver-0.1.34' from 'https://cache.nixos.org'...
copying path '/nix/store/ddch1an7pm2smpi4s5n63ckw44yaq1c2-js-sys-0.3.85' from 'https://cache.nixos.org'...
copying path '/nix/store/fmxawyw0jlvhmi20j3wbgmphsb9dndga-kbd-2.9.0-man' from 'https://cache.nixos.org'...
copying path '/nix/store/xw05vrn1i4jcgmp1ah5qlh8ggpr8p2b5-kmod-31-man' from 'https://cache.nixos.org'...
copying path '/nix/store/09xg3267lvhnjpzi49097a14qlxbi8mz-kmod-blacklist-31+20240202-2ubuntu8' from 'https://cache.nixos.org'...
copying path '/nix/store/lsgqw4rbyp4ji6d3z2j9ysqpx94gy7vq-kmod-debian-aliases.conf-30+20230601-2' from 'https://cache.nixos.org'...
copying path '/nix/store/mw7x6qxmzfd7hqgi2zvv4x1if96ac5cz-lager-0.1.3' from 'https://cache.nixos.org'...
copying path '/nix/store/805bfyl7wxmw8m76lrh4qx0ql3ygm0a1-lazy_static-1.5.0' from 'https://cache.nixos.org'...
copying path '/nix/store/jipfdxb37x9dclc6vaa68d0aqlhcvjq6-lenovo-legion-module-0.0.22-unstable-2026-08-21' from 'https://cache.nixos.org'...
copying path '/nix/store/2yg82cw7idmm382nn6j0vgca2vy66pxh-less-704-man' from 'https://cache.nixos.org'...
copying path '/nix/store/864nc5cadsdf39ii02bm60n7affps1vd-levenshtein_automata-0.2.1' from 'https://cache.nixos.org'...
copying path '/nix/store/xqc0xbxmavm5abg5blkal0f2b7wy9vj1-libc-0.2.180' from 'https://cache.nixos.org'...
copying path '/nix/store/f000bkaxgmfy62af2jif0vaw73g2c4gj-libcaca-0.99.beta20-man' from 'https://cache.nixos.org'...
copying path '/nix/store/sci1fk40vhnn2kjcivij8mx27l6nc26b-libcap-2.78-doc' from 'https://cache.nixos.org'...
copying path '/nix/store/3vrmra4888p2494awcbyvb1kzr0q69x2-libcap-2.78-man' from 'https://cache.nixos.org'...
copying path '/nix/store/pgjwg9yds4k1xk3ladv85nzrgxhrqgim-libcap-2.78-man' from 'https://cache.nixos.org'...
copying path '/nix/store/afiq3l9bp9022zvjsyb0jmy1n0i7h6vc-libdatrie-2019-12-20' from 'https://cache.nixos.org'...
copying path '/nix/store/8r48nfm4db3dsbnlnjr9ishfi4j8rbbn-liberation-fonts-2.1.5' from 'https://cache.nixos.org'...
copying path '/nix/store/whqzy8pc5i7v4lgwsbdqgnxyjnsazgxy-libfaketime-0.9.11-doc' from 'https://cache.nixos.org'...
copying path '/nix/store/6yg4pxrz4361w9gzqgq1b2hf7dsircgy-libfaketime-0.9.11-man' from 'https://cache.nixos.org'...
copying path '/nix/store/cng9vzs70zdialjhagwa9xxq152vkm65-libgcrypt-1.12.2' from 'https://cache.nixos.org'...
copying path '/nix/store/y7llycqq0c2g83bir7sbqc2970lzl9vp-libhwy-1.4.0' from 'https://cache.nixos.org'...
copying path '/nix/store/nga9d6m9iplygw3iqghk2g840nz7b0gy-libidn2-2.3.8' from 'https://cache.nixos.org'...
copying path '/nix/store/4dw0m6g4z0dw6nmb61xl074q8m0agkhr-libjpeg-turbo-3.1.4.1-man' from 'https://cache.nixos.org'...
copying path '/nix/store/iyzjm8a70lfisbl00qchgfbgl3a2ylab-libm-0.2.16' from 'https://cache.nixos.org'...
copying path '/nix/store/9ld7c97lbjm4qb79lpw165xh9jpd8327-libmikmod-3.3.13-man' from 'https://cache.nixos.org'...
copying path '/nix/store/260ylvqxgqzxjvqlynljhw19nqnjy44c-libmpg123-1.33.7-man' from 'https://cache.nixos.org'...
copying path '/nix/store/n51dhmdbik1kfrsm62j5knavmigwrl1a-glibc-2.42-84' from 'https://cache.nixos.org'...
copying path '/nix/store/8h5mc055vqmqjb7g3nac0i97p0aj5h2z-libndctl-83-man' from 'https://cache.nixos.org'...
copying path '/nix/store/53ggb4f4khggljxdwlhz55y0f8qrhrf8-libnotify-0.8.8-man' from 'https://cache.nixos.org'...
copying path '/nix/store/qjxqwv6rybngrcn2r28mkf8jp6z19c27-libpng-1.2.59-man' from 'https://cache.nixos.org'...
copying path '/nix/store/gl1qaff30dy8y881xhbyicbsw1smkb4v-libreelec-dvb-firmware-1.5.0-zstd' from 'https://cache.nixos.org'...
copying path '/nix/store/1x9sdrbqwqp6pbjfskmzddsy5r86ib98-libressl-4.3.2-man' from 'https://cache.nixos.org'...
copying path '/nix/store/v1dm9b0krbjpw67jbglzqbqh1kzgvzrl-libtiff-4.7.2-man' from 'https://cache.nixos.org'...
copying path '/nix/store/liyrw55fds65na7i9nw7lsak7bkf1aw2-libunistring-1.4.2' from 'https://cache.nixos.org'...
copying path '/nix/store/8lb04y62al9sa08hhxhq410f85vpw83w-liburing-2.14' from 'https://cache.nixos.org'...
copying path '/nix/store/h3gy1k53gwpgigkvji9g4vibcrffp4s5-libx11-1.8.13-man' from 'https://cache.nixos.org'...
copying path '/nix/store/gvk6xckjnyaq0z6kwdidb09h0s4gypvq-libxcb-1.17.0-man' from 'https://cache.nixos.org'...
copying path '/nix/store/rai3703bgm09s9cdkal4k814qx8arafq-libxcrypt-4.5.2-man' from 'https://cache.nixos.org'...
copying path '/nix/store/y2vgygvzya9p9yq50r0cgfih67zr19v7-libxcrypt-4.5.2-man' from 'https://cache.nixos.org'...
copying path '/nix/store/ph6dcglnyinfdh4fks2lqdz9raz1aj2j-libxext-1.3.7-man' from 'https://cache.nixos.org'...
copying path '/nix/store/r02pg46ikb26apjn75r8l3gb6psb3zzf-libxi-1.8.3-man' from 'https://cache.nixos.org'...
copying path '/nix/store/xdy2v1jbbcspljqgmvl6c6znf8acy2s7-linux-7.2-modules' from 'https://cache.nixos.org'...
copying path '/nix/store/4jp4251sva17in4rhjzw560p7xdsnlb3-linux-firmware-20260810-zstd' from 'https://cache.nixos.org'...
copying path '/nix/store/0v22r6v3vqqbwg19dkh92xvyqgj5ni2b-linux-headers-7.1' from 'https://cache.nixos.org'...
copying path '/nix/store/43bqa1zvlqdsragx5mx3igwvs2m3qvd3-linux-headers-7.1' from 'https://cache.nixos.org'...
copying path '/nix/store/nk23cc1h6fkmcaw15pfcr5wf58a8pwj3-linux-headers-7.1' from 'https://cache.nixos.org'...
copying path '/nix/store/4zfxzqaq0yjfc8rxry0nq3b1rzvvl3s5-libidn2-2.3.8' from 'https://cache.nixos.org'...
copying path '/nix/store/dm8zcid3nc725nwwqsxalnbi0ix5llal-linux-headers-static-7.1' from 'https://cache.nixos.org'...
copying path '/nix/store/hdbdbxiqblkba8n6rsx73kbiq18hb7vr-linux-pam-1.7.2-doc' from 'https://cache.nixos.org'...
copying path '/nix/store/vaj23013955s5kqrqhgckl06r63d55a1-linux-pam-1.7.2-man' from 'https://cache.nixos.org'...
copying path '/nix/store/na7b5ghlsxadm5h3jzmdwpailfizvwq3-linux-raw-sys-0.11.0' from 'https://cache.nixos.org'...
copying path '/nix/store/6y8sffvk7xnywha37wzrwjfh33liw3qq-litemap-0.8.1' from 'https://cache.nixos.org'...
copying path '/nix/store/y8n88p00ky78fb9lvw1lb302yh01r83k-lm-sensors-3.6.2-doc' from 'https://cache.nixos.org'...
copying path '/nix/store/b738q5ngf889nssban4khw0qrqy98wmp-lm-sensors-3.6.2-man' from 'https://cache.nixos.org'...
copying path '/nix/store/7bf9z5bjd3755bsf6r33b6lz4147nnx5-lock_api-0.4.14' from 'https://cache.nixos.org'...
copying path '/nix/store/841xza4flxgmfpf6zq5v5xz3c4ax6vza-log-0.4.29' from 'https://cache.nixos.org'...
copying path '/nix/store/wd0cvy1z6a4jcw1ay81nff0lpwbqabxv-lru-0.12.5' from 'https://cache.nixos.org'...
copying path '/nix/store/6jnvn1grrjx7b9nbcjvv0lkfyk110cvr-lru-slab-0.1.2' from 'https://cache.nixos.org'...
copying path '/nix/store/ipjin35dq1kaw3k13k9afyjz3gg8hadv-lvm2-2.03.41-man' from 'https://cache.nixos.org'...
copying path '/nix/store/jm7j05gjxjrrj5b3mzx0l3mhgv3lh4pf-lz4_flex-0.11.5' from 'https://cache.nixos.org'...
copying path '/nix/store/h6q94p1jw42irzqybm1049fmxakh8701-mailcap-2.1.54' from 'https://cache.nixos.org'...
copying path '/nix/store/mwqazkayvf7p9spi9v7kp0j4cglm8kcv-mailcap-2.1.54' from 'https://cache.nixos.org'...
copying path '/nix/store/ls2iprf8yw96hyh4ashn3mk4dsyzakva-makeself-2.7.1' from 'https://cache.nixos.org'...
copying path '/nix/store/0dsfh486g28iwr0cql2xqnzszcf43y1j-man-db-2.13.1-doc' from 'https://cache.nixos.org'...
copying path '/nix/store/ihsp67rpzdmjnrbkl0cgmjb0qdmlclp3-mark-for-cudatoolkit-root-hook' from 'https://cache.nixos.org'...
copying path '/nix/store/36xz77k7c683jb82kaikxhrqryap3dr9-maybe-uninit-2.0.0' from 'https://cache.nixos.org'...
copying path '/nix/store/3dnf9xkga7svj72zrm6ydl5p3rg9diwq-measure_time-0.9.0' from 'https://cache.nixos.org'...
copying path '/nix/store/045pkc2ly3ki7g7z1qx0vam42bn1gv4v-a52dec-0.8.0' from 'https://cache.nixos.org'...
copying path '/nix/store/8jnb0l7s676sp8p1mh8n2188gk6vjgwp-acl-2.4.0' from 'https://cache.nixos.org'...
copying path '/nix/store/3jvhyp35lzac78zrprn15mrvhi00r0ga-acpica-tools-20260408' from 'https://cache.nixos.org'...
copying path '/nix/store/bc5bcyl6hfdkvmfvvwdmv4hmpa681hb4-acpid-2.0.34' from 'https://cache.nixos.org'...
copying path '/nix/store/c61422niqnjk1askbwdv63rwwrsc3w81-aha-0.5.1' from 'https://cache.nixos.org'...
copying path '/nix/store/bb2jb295969rw2xmijf6s578yb0pxypr-attr-2.6.0' from 'https://cache.nixos.org'...
copying path '/nix/store/ng5p99a1sgkcwygsymwca9jcpa6pzv7b-aws-c-common-0.12.4' from 'https://cache.nixos.org'...
copying path '/nix/store/9ipfvwnqp1q8ijnmi5sxvlx9r8w34lw3-bash-5.3p15' from 'https://cache.nixos.org'...
copying path '/nix/store/7vxjxywqigl9vsbb0x87wmsz4mjql3c8-acl-2.4.0-bin' from 'https://cache.nixos.org'...
copying path '/nix/store/c56x66gbj3qwv3g7dhadcfiq408q2hay-brotli-1.2.0-lib' from 'https://cache.nixos.org'...
copying path '/nix/store/xz5xsq0nihfs15fbknz5w0yblg04760q-bzip2-1.0.8' from 'https://cache.nixos.org'...
copying path '/nix/store/54rqnl07mbj27r1w2c3rqk3xy29i4180-c-ares-1.34.8' from 'https://cache.nixos.org'...
copying path '/nix/store/lf1cnykz1gbdvlv7h2jpwnyy7gs8j5b6-c-ares-1.34.8' from 'https://cache.nixos.org'...
copying path '/nix/store/m7y4m85n1j33043gy9n76a8vwk0a0v6n-c-rbtree-3.2.0' from 'https://cache.nixos.org'...
copying path '/nix/store/zsc8fb1lbab6dd2q2i7g7bspygl9lpjy-attr-2.6.0-bin' from 'https://cache.nixos.org'...
copying path '/nix/store/cbf9mkvwys6kzsv5ikw226zpcva0c8rl-c-shquote-1.1.0' from 'https://cache.nixos.org'...
copying path '/nix/store/hlpnbn0ywczxnwrglrf38rganwwmvbc3-c-utf8-1.1.0' from 'https://cache.nixos.org'...
copying path '/nix/store/970d4zd12kim63gprlrnzmjcggl2dmg8-acl-2.4.0-dev' from 'https://cache.nixos.org'...
copying path '/nix/store/fv2m3zdfsm1zal57n85379jnw0fkwxaz-aws-c-compression-0.3.1' from 'https://cache.nixos.org'...
copying path '/nix/store/rnhgn1nlm69b54w26p4in96r2xj69pck-aws-c-sdkutils-0.2.4' from 'https://cache.nixos.org'...
copying path '/nix/store/i6vf2hl85mzhaqbr3jivhj5ndapnpycl-acEvent.sh' from 'https://cache.nixos.org'...
copying path '/nix/store/r795vhwzk1v9ml7kaabr9x8cxf5z78jb-aws-checksums-0.2.7' from 'https://cache.nixos.org'...
copying path '/nix/store/34vidkz6jm5pinhhyxi64pj82x70vida-brotli-1.2.0' from 'https://cache.nixos.org'...
copying path '/nix/store/622jkvg8hgffly7dca6iif9drvimingx-bzip2-1.0.8-bin' from 'https://cache.nixos.org'...
copying path '/nix/store/v4s78kgw1fv4jj766wj2q9695msrnpx1-c-ares-1.34.8-dev' from 'https://cache.nixos.org'...
copying path '/nix/store/qm85fkm1wf64p0ibl23dm169f0fz435c-attr-2.6.0-dev' from 'https://cache.nixos.org'...
copying path '/nix/store/3w08yr310i2556cai8pp4r53ccsxkvrr-c-ini-1.1.0' from 'https://cache.nixos.org'...
copying path '/nix/store/i64nsp3pkzch9w1h5flpn6ldk5mpva6f-c-dvar-1.2.0' from 'https://cache.nixos.org'...
copying path '/nix/store/k6y5b1j2pjgixmxpxzs33w04qy6dsz5h-cdparanoia-iii-10.2' from 'https://cache.nixos.org'...
copying path '/nix/store/fcgi3pa82viqpd9dxbzn1drx74ynv0cq-cjson-1.7.19' from 'https://cache.nixos.org'...
copying path '/nix/store/64pnfr6h7ba144qnw8sdk05rhiq04qbl-cmark-0.31.2' from 'https://cache.nixos.org'...
copying path '/nix/store/2adjgb1kksmfjph5v9lr1774zpdlaly9-container-init' from 'https://cache.nixos.org'...
copying path '/nix/store/46hh240hlj9si28zra66dyc3nj85lynw-brotli-1.2.0-dev' from 'https://cache.nixos.org'...
copying path '/nix/store/9vxrnnhc400s1rgq801wqfdxhzpcl1z1-bzip2-1.0.8-dev' from 'https://cache.nixos.org'...
copying path '/nix/store/4bhfkh07c5p6hyn31kq3ppy71bgxjgqn-cpio-2.15' from 'https://cache.nixos.org'...
copying path '/nix/store/wry9fp6v17rykg7dyhafxw4a057938jp-dav1d-1.5.3' from 'https://cache.nixos.org'...
copying path '/nix/store/8axbqnlpykgcwsjgan4jqajfxj8jvb50-dev86-1.0.1-unstable-2026-05-15' from 'https://cache.nixos.org'...
copying path '/nix/store/gfswscw2l4224rarxi7lf1hrpq6rk1zs-discount-3.0.1.3' from 'https://cache.nixos.org'...
copying path '/nix/store/vgp56311i9808r7iiy5jybx3mxq23pm3-dmidecode-3.7' from 'https://cache.nixos.org'...
copying path '/nix/store/783p9qxyq7cqnsxz1s5lg741ld7615d1-docker-tini-29.7.2' from 'https://cache.nixos.org'...
copying path '/nix/store/ifnpj2j6pffqjrh9d6s7fn96add9cp29-dosfstools-4.2' from 'https://cache.nixos.org'...
copying path '/nix/store/3g0idann1sx0lj5in2cgvzghiqwdsl3g-dotconf-1.4.1' from 'https://cache.nixos.org'...
copying path '/nix/store/liwprwgb9larhgyj81lwmwh495zb125y-duktape-2.7.0' from 'https://cache.nixos.org'...
copying path '/nix/store/52jf1mwz8si4za1dv3cv6hijsh8y035j-ed-1.22.5' from 'https://cache.nixos.org'...
copying path '/nix/store/33ryss003yp7v79djyzvw9l9bx8q1lz4-editline-1.17.1-unstable-2025-05-24' from 'https://cache.nixos.org'...
copying path '/nix/store/prn6yv2zdd1v1pgwzlly84j09ris10ws-efivar-39' from 'https://cache.nixos.org'...
copying path '/nix/store/9h9c115wzx6z9k2sd8zb88jzr5450aj4-ell-0.83' from 'https://cache.nixos.org'...
copying path '/nix/store/ca98wjqqvjvp5wk9x214dy017fk08ihp-enet-1.3.18' from 'https://cache.nixos.org'...
copying path '/nix/store/nbfwdpig13nr39k9a7bx0ayrfgzzm2ff-expand-response-params' from 'https://cache.nixos.org'...
copying path '/nix/store/qr1vy6jpp19gzak69851yrpcchnp94i8-expand-response-params' from 'https://cache.nixos.org'...
copying path '/nix/store/2gkqj0v0msfcagwf5ix199rf1lnwf2a1-expat-2.8.3' from 'https://cache.nixos.org'...
copying path '/nix/store/5zirwwxdcbk6qbhygsxa7yaicwv9qgfq-faad2-2.11.2' from 'https://cache.nixos.org'...
copying path '/nix/store/ipaf63kyk755pzl5lql1fj2hn63dlrm5-fdk-aac-2.0.3' from 'https://cache.nixos.org'...
copying path '/nix/store/z1r6nf1pv4lgzdhy0m4wvzc8g0pbrj27-font-util-1.4.2' from 'https://cache.nixos.org'...
copying path '/nix/store/fnwi54n3m48apqgfl6dskyc5zd2bxjp8-fribidi-1.0.16' from 'https://cache.nixos.org'...
copying path '/nix/store/1fayzxymjrr5bm989ri79vycj8qdfzfq-fstrm-0.6.1' from 'https://cache.nixos.org'...
copying path '/nix/store/bpy2ps3f0f3gvgvqjwgqriw1j1n840wd-gawk-5.4.1' from 'https://cache.nixos.org'...
copying path '/nix/store/0vqb1mcas5j8dv6bhbrshinlgsg6bvgi-gcc-15.3.0-lib' from 'https://cache.nixos.org'...
copying path '/nix/store/js998ih76w3n2cqnysa7g27608djj5yn-gdbm-1.26-lib' from 'https://cache.nixos.org'...
copying path '/nix/store/imd7qsps2ch3nd8vc384mm5ra79wd7aw-getopt-1.1.6' from 'https://cache.nixos.org'...
copying path '/nix/store/8wvps5ja1icnmz5mya1clgl17zv2bisa-gfortran-15.3.0-lib' from 'https://cache.nixos.org'...
copying path '/nix/store/iss09vixlpbq7jwf2y5wkmxvcfydgm3v-expat-2.8.3-dev' from 'https://cache.nixos.org'...
copying path '/nix/store/gg5b91g46ygd5vhw88413skmcspz21nh-giflib-6.1.3' from 'https://cache.nixos.org'...
copying path '/nix/store/axmdd5wlxg1c9dbblvj09pjhkawqxmqx-glibc-2.42-84-bin' from 'https://cache.nixos.org'...
copying path '/nix/store/lc6lyn1cgr8a2n78hmrqy4c4dz3f95rd-fribidi-1.0.16-dev' from 'https://cache.nixos.org'...
copying path '/nix/store/vyg12a72mg4dhdcdh5lds45cqh3ilkq2-glibc-2.42-84-getent' from 'https://cache.nixos.org'...
copying path '/nix/store/jrzincyqwpwvl7xvbnfjryyczd3b8a78-gmp-6.3.0' from 'https://cache.nixos.org'...
copying path '/nix/store/yz5vmd4835gljyzk7nrcsc7qahbbdqai-gnu-config-2024-01-01' from 'https://cache.nixos.org'...
copying path '/nix/store/d1mzsdg85x89p28248i5gdv0h9h3x2n0-gnum4-1.4.21' from 'https://cache.nixos.org'...
copying path '/nix/store/hd36xbvbc0vrn9f9idrfwxznri0ax427-gnumake-4.4.1' from 'https://cache.nixos.org'...
copying path '/nix/store/4nylac9gazdpsid79qyk0jpqm312b2jx-gnused-4.10' from 'https://cache.nixos.org'...
copying path '/nix/store/c56b702wjn1ic9vh3vlbn3sk4zna3spg-gnutar-1.35' from 'https://cache.nixos.org'...
copying path '/nix/store/w2mbg6mcq7k3j088sbwfziy8vsdhyk7v-gnutar-1.35' from 'https://cache.nixos.org'...
copying path '/nix/store/bj2njx333qym3kc1jj87cbw27bcn4xgk-gpart-0.3' from 'https://cache.nixos.org'...
copying path '/nix/store/jm29z19hsqh79h7hkwkx1zzjx5zbd0pc-getent-glibc-2.42-84' from 'https://cache.nixos.org'...
copying path '/nix/store/3g57wj9ri3qq5mf9c3r8sfihpz76j5lx-gsl-2.8' from 'https://cache.nixos.org'...
copying path '/nix/store/pdl1gif71z5c6fswbwvvzgvm42czg4if-gsm-1.0.24' from 'https://cache.nixos.org'...
copying path '/nix/store/2z6z4c3izwbiflyglkl7gab6agypk7q8-bison-3.8.2' from 'https://cache.nixos.org'...
copying path '/nix/store/ax4vx5qr1d25rq3pcfzsnb5gg9mf695w-flex-2.6.4' from 'https://cache.nixos.org'...
copying path '/nix/store/n5pnmzbqyslffwplccsip1h6y27xrvl9-getconf-glibc-2.42-84' from 'https://cache.nixos.org'...
copying path '/nix/store/qwi863qp79xkdm2yw3xzjh73dpg9qh67-glibc-2.42-84-dev' from 'https://cache.nixos.org'...
copying path '/nix/store/8i00f1qfq8n9p7hnxqj3bigjqkmhv5j9-gumbo-0.13.2' from 'https://cache.nixos.org'...
copying path '/nix/store/sd9qcv5s2gxvd6hpp5hk5cixq2bd4jd1-gzip-1.14' from 'https://cache.nixos.org'...
copying path '/nix/store/k67z9gy0ydpngdn83wf0lhg1rgj35yxy-hdparm-9.65' from 'https://cache.nixos.org'...
copying path '/nix/store/3d9adp1d030bbmkj6wrbnmx2fx2pw59z-hostname-debian-3.25' from 'https://cache.nixos.org'...
copying path '/nix/store/l61mnd8zb2cg31psb543qwwqnk1hd3vl-hwloc-2.14.0-lib' from 'https://cache.nixos.org'...
copying path '/nix/store/05z2p03f0nwd8w8iagnk0bpjz9cd4bd0-hyphen-2.8.9' from 'https://cache.nixos.org'...
copying path '/nix/store/fa6qrrnjnqsn26ddp3mrg1ljswrbxkrs-antlr-runtime-cpp-4.13.2' from 'https://cache.nixos.org'...
copying path '/nix/store/fhmdw5g0b3d1ahcdi0vl5wxcf5f6ylf8-boehm-gc-8.2.12' from 'https://cache.nixos.org'...
copying path '/nix/store/vc4vqypqzzzbnrkqyn71wgayl88mk062-boehm-gc-8.2.12' from 'https://cache.nixos.org'...
copying path '/nix/store/vlrk99zpb8dw546csb39p3033n6kc09h-brush-0.4.0' from 'https://cache.nixos.org'...
copying path '/nix/store/6x9sy6vwxa4bv7km9xbxxxipkjzbmxn9-cargo-auditable-0.7.5' from 'https://cache.nixos.org'...
copying path '/nix/store/rw88v83wi5pn04s517s3m583jwwn9rai-coinmp-1.8.4' from 'https://cache.nixos.org'...
copying path '/nix/store/3w6dyfaxs2ilxp08ymsw74191lfqfh2i-curl-impersonate-2.1.1' from 'https://cache.nixos.org'...
copying path '/nix/store/9rq51m19b4dniqafi80jvy0vj62wxija-cxx-rust-cssparser-1.0.0' from 'https://cache.nixos.org'...
copying path '/nix/store/vkzbcqvnxj1inwrjymp3gd0bn61kb0wl-db-4.8.30' from 'https://cache.nixos.org'...
copying path '/nix/store/nsz0fdxbfn2c3g4bkirc36wplq0ghrbn-db-5.3.28' from 'https://cache.nixos.org'...
copying path '/nix/store/qfndbn58ffkpc6v1b01i1sndznjjn4yd-double-conversion-3.4.0' from 'https://cache.nixos.org'...
copying path '/nix/store/zfjk880wq0wvhsbmk0z0p606qf7wmwc1-eigen-5.0.1' from 'https://cache.nixos.org'...
copying path '/nix/store/x1p1jkvyp2mynysxr9b9gp9j15073xkg-fftw-double-3.3.11' from 'https://cache.nixos.org'...
copying path '/nix/store/p38wal7kwil7apa3ng3gz0bqq87bc9p9-fftw-single-3.3.11' from 'https://cache.nixos.org'...
copying path '/nix/store/vyzq5zmx0j7fdy3ylrg265ih9wmk3z0l-fhs-rootfs-bulder' from 'https://cache.nixos.org'...
copying path '/nix/store/56bs0vp4bncyxha9h3pnsz07mm6chmmy-fmt-12.2.0' from 'https://cache.nixos.org'...
copying path '/nix/store/kcscaj6b3z87c3hmx53mlcy961chjbkk-double-conversion-3.4.0-dev' from 'https://cache.nixos.org'...
copying path '/nix/store/45qdamf3d261xiy6810dr0llrfl0k150-gcc-14.4.0-lib' from 'https://cache.nixos.org'...
copying path '/nix/store/518bcx82g8m9cyji47sprx9ajmadjk8s-gettext-1.0' from 'https://cache.nixos.org'...
copying path '/nix/store/scpzgxi5i5wbqmrjca7lklqa9kil0sin-gflags-2.3.0' from 'https://cache.nixos.org'...
copying path '/nix/store/m5nwyps66vgzkqk9vnh7yr9ly7z7hhi3-glibc-iconv-2.42' from 'https://cache.nixos.org'...
copying path '/nix/store/4wj2g1qxrxnfydsjspn20r3wp5prz6w6-glslang-16.4.0' from 'https://cache.nixos.org'...
copying path '/nix/store/bmyw1idq6xyp1h4ksmb14s4imwnf8vwa-gmp-with-cxx-6.3.0' from 'https://cache.nixos.org'...
copying path '/nix/store/jwyskbj2mc7izs67ib2msydsh0vbnwl9-gmp-with-cxx-6.3.0' from 'https://cache.nixos.org'...
copying path '/nix/store/r3k50gmygh9r5jbdz2a402aszav2zd7d-graphite2-1.3.15' from 'https://cache.nixos.org'...
copying path '/nix/store/0afb6nd9r79k3dvmwb41lahcz6h2dn18-fftw-double-3.3.11-dev' from 'https://cache.nixos.org'...
copying path '/nix/store/hv6a1zfdbaqmgfmh9m17m97l00mbl43y-groff-1.24.1' from 'https://cache.nixos.org'...
copying path '/nix/store/pbcxfmfqwqzyzc1q662c0asvkq2yif52-gsl-2.8-dev' from 'https://cache.nixos.org'...
copying path '/nix/store/z46frpnh6wxrw5vmww0a8qbvvpvf4ldi-glog-0.7.1' from 'https://cache.nixos.org'...
copying path '/nix/store/3qgy8q2j64v2m9jy3a5jmssacbblhd4r-coreutils-9.11' from 'https://cache.nixos.org'...
copying path '/nix/store/xnnblbr6hhz4r2bsskc1zb0hpm8ybil9-gtest-1.17.0' from 'https://cache.nixos.org'...
copying path '/nix/store/lq0l3zkbnb1rhrwbgnr2w0svjr8wyc4r-graphite2-1.3.15-dev' from 'https://cache.nixos.org'...
copying path '/nix/store/i1v5wha8pczngcj6djf9c84svf6dckhw-hostname-hostname-debian-3.25' from 'https://cache.nixos.org'...
copying path '/nix/store/wjfai7nny77igkc51xj1izpz2gz6j366-gmp-with-cxx-6.3.0-dev' from 'https://cache.nixos.org'...
copying path '/nix/store/6dska75pcrncgx7m5y4qxdcsc69zi4kj-icu4c-63.1' from 'https://cache.nixos.org'...
copying path '/nix/store/61yyii19011pcmm9c1s9sga83md23k7b-icu4c-77.1' from 'https://cache.nixos.org'...
copying path '/nix/store/cnspfnwnymw2m4xav1yim5qq0ifgv4xh-abseil-cpp-20260107.1' from 'https://cache.nixos.org'...
copying path '/nix/store/l6gapc4fk3sk0jw4nl0a2vv5kg524pyp-abseil-cpp-20260107.1' from 'https://cache.nixos.org'...
copying path '/nix/store/3xpivcps020f0jz6i4vp2fcr2f2zd50z-gtest-1.17.0-dev' from 'https://cache.nixos.org'...
copying path '/nix/store/ia8ycxcfs23xblv3s18i4xgqxm5sbkri-icu4c-78.3' from 'https://cache.nixos.org'...
copying path '/nix/store/jwh5352fka574ivz0gcbh23fja8abcss-diffutils-3.12' from 'https://cache.nixos.org'...
copying path '/nix/store/xw09m9cnc9ayb2j53y2rj8jhm1h7kkxa-diffutils-3.12' from 'https://cache.nixos.org'...
copying path '/nix/store/3qj454bpzfqpaxdpdhi455xj5qii54kb-fakeroot-1.38.1' from 'https://cache.nixos.org'...
copying path '/nix/store/i4kjidyvl8ciwbcwm75g75sriq3knav0-findutils-4.11.0' from 'https://cache.nixos.org'...
copying path '/nix/store/dzrjqhvfxydd8kd3miwyxc16jgp2fsvj-ijs-10.07.1' from 'https://cache.nixos.org'...
copying path '/nix/store/ciln0g76amdqw49ljvsha8qsa3y9q6z0-imath-3.2.2' from 'https://cache.nixos.org'...
copying path '/nix/store/7qn467l3pyn4dnga85f521r7jy5lcgy4-glslang-16.4.0-bin' from 'https://cache.nixos.org'...
copying path '/nix/store/2s1mr2ngcbqf5pdv554qf6aglchigfqh-inih-62' from 'https://cache.nixos.org'...
copying path '/nix/store/ndpd5dd1gsza5mw34cy3024zfm28hds5-abseil-cpp-20260107.1-dev' from 'https://cache.nixos.org'...
copying path '/nix/store/9rrrpdv2wqvsdm2ipm5q893hnhn410x5-iniparser-4.2.6' from 'https://cache.nixos.org'...
copying path '/nix/store/mmf0yfjd49vyiscryi3lyi2xq6avkbsy-isl-0.20' from 'https://cache.nixos.org'...
copying path '/nix/store/qq4wws3ilsbn5qv97r2mvsmrkh1pa1q3-isl-0.20' from 'https://cache.nixos.org'...
copying path '/nix/store/w7g6j8g4z3jii569vg5mw7v5vhvd5hi3-jansson-2.15.0' from 'https://cache.nixos.org'...
copying path '/nix/store/5fcmn363c5dmicafpwgarga2vpkpz0bz-jbig2dec-0.20' from 'https://cache.nixos.org'...
copying path '/nix/store/v5z9g7psrkbdb48drs8v213f6jhyvp5i-jemalloc-5.3.1' from 'https://cache.nixos.org'...
copying path '/nix/store/imvc9v7wiw7rh5rrzjdhmrd96s2wszi2-json-c-0.18' from 'https://cache.nixos.org'...
copying path '/nix/store/z5nyfimxqw13zhi8zv2brn45il5g7bqf-inih-62-dev' from 'https://cache.nixos.org'...
copying path '/nix/store/9sbkgyqsn3bw3v69p5k6wnrx2jy6bj0m-jsoncpp-1.9.8' from 'https://cache.nixos.org'...
copying path '/nix/store/1qp6j45anz7r5mwl51vnbvipd3y0n21r-judy-1.0.5' from 'https://cache.nixos.org'...
copying path '/nix/store/lfws0wmi7bgvdy09gdrc9w10m0zkqi9i-jansson-2.15.0-dev' from 'https://cache.nixos.org'...
copying path '/nix/store/8rv2v4541pz5azfq86r2bm7wwwqy8dr0-lame-3.100-lib' from 'https://cache.nixos.org'...
copying path '/nix/store/jg66vcyjabrdwfm6v8bz65vbpxfkhyal-keyutils-1.6.3-lib' from 'https://cache.nixos.org'...
copying path '/nix/store/y82jh68mn0h0d4vnq10hbnf9nj5mcxqa-json-c-0.18-dev' from 'https://cache.nixos.org'...
copying path '/nix/store/d3n2cs7qbbhk6zyfmfkpcf6rmwam9k5h-lcms2-2.19.1' from 'https://cache.nixos.org'...
copying path '/nix/store/cimkqqq4dl3hhfkifdb8zsdfs6g8cgcg-ldacbt-2.0.72' from 'https://cache.nixos.org'...
copying path '/nix/store/0gkhqqk4w0bn790krqlfhgr5a2bkzacc-ldconfig' from 'https://cache.nixos.org'...
copying path '/nix/store/3rynmgnsaz28k69zs2gfqwqnz0ayps5c-lerc-4.2.0' from 'https://cache.nixos.org'...
copying path '/nix/store/rq4zb7ncybsadlin1h9p8hp4vl1fwp8k-libaec-1.1.7' from 'https://cache.nixos.org'...
copying path '/nix/store/gk209caagafsfmpizx7zjil58n1cc8v6-libaio-0.3.113' from 'https://cache.nixos.org'...
copying path '/nix/store/nfvwp1x1bzaiala6nhciaa0ncn0296c3-libapparmor-5.0.2' from 'https://cache.nixos.org'...
copying path '/nix/store/4zwxgx4bjnfv86mcscnhf3c0wqmmfy3x-libargon2-20190702' from 'https://cache.nixos.org'...
copying path '/nix/store/ms2x41rp7nn2wynkganan79zb5f4hpx3-libasyncns-0.8' from 'https://cache.nixos.org'...
copying path '/nix/store/j4ic3cfk2hxdvpdh8igyx10yxd610w6x-libb2-0.98.1' from 'https://cache.nixos.org'...
copying path '/nix/store/xq12x54sadwx4cqdvr53296dv5pcah0k-libbacktrace-0-unstable-2026-05-03' from 'https://cache.nixos.org'...
copying path '/nix/store/3xl852rpg72m4a49k65gmnd77n1ix9df-libcap-2.78-lib' from 'https://cache.nixos.org'...
copying path '/nix/store/q22jwk7vaa69na5akgklgh70bhv9y4al-libcap-ng-0.9.3' from 'https://cache.nixos.org'...
copying path '/nix/store/61534nwjl335kpcv3s3n7nyk5xzmg4sd-libcbor-0.14.0' from 'https://cache.nixos.org'...
copying path '/nix/store/ls8zj4s2qgmaygcdp0npg8ax3g20gnip-libcddb-1.3.2' from 'https://cache.nixos.org'...
copying path '/nix/store/8sv07mfqjbbhb0lac3bn2l0qyigafjzi-lerc-4.2.0-dev' from 'https://cache.nixos.org'...
copying path '/nix/store/8jj3l2nxcqfq68vmysm7rq9j37905zmq-libcdio-2.3.0-lib' from 'https://cache.nixos.org'...
copying path '/nix/store/yxp57a7sckvj2b3qkkcp662hj7m2ygdq-libcerf-3.3' from 'https://cache.nixos.org'...
copying path '/nix/store/2hq2hb36905p7hzx4bam72yrspg71dc2-libconfig-1.8.2' from 'https://cache.nixos.org'...
copying path '/nix/store/h9aq5gw0vzsi401qzggmaimvk81khd5f-libcpuid-0.8.1' from 'https://cache.nixos.org'...
copying path '/nix/store/v7ph7dphp4j8fxnzxk3yc86bw734mv4y-libcxx-21.1.8' from 'https://cache.nixos.org'...
copying path '/nix/store/vnfcxmx4i6nndkj5afvgxg01jnz94140-libdaemon-0.14' from 'https://cache.nixos.org'...
copying path '/nix/store/dj7ivvvdji5244fwp56n7sfjjqda3brd-iputils-20250605' from 'https://cache.nixos.org'...
copying path '/nix/store/f1i90m4xwg5yc3ca5ylp49ni51dx5g24-audit-4.2.1-lib' from 'https://cache.nixos.org'...
copying path '/nix/store/4pj4rsk8ki86m6iyqv9wpw17klhycgrn-libcap-text-verifier-0-unstable' from 'https://cache.nixos.org'...
copying path '/nix/store/48mby3a310a38chigwfxd1fxpcn465iw-libdatrie-2019-12-20-lib' from 'https://cache.nixos.org'...
copying path '/nix/store/sych5ppz29934xx2pm7qkqp6plhfgr25-libde265-1.1.1' from 'https://cache.nixos.org'...
copying path '/nix/store/z8z32zsdziq8b2qkmdm285spbbga1alp-libcdio-paranoia-2.0.2' from 'https://cache.nixos.org'...
copying path '/nix/store/2f0xdvgl9csjsc2yhnfpgm6qyzcypwxl-libdeflate-1.25' from 'https://cache.nixos.org'...
copying path '/nix/store/l4ba5d5zfpnbiqdbdqil9xgfs336rzns-libdisplay-info-0.4.0' from 'https://cache.nixos.org'...
copying path '/nix/store/4yz37ivypldly18s43fjca1jqzhjy9yi-libdmtx-0.7.8' from 'https://cache.nixos.org'...
copying path '/nix/store/2a2q3y49bgcs2sl3qs38cpn1davz7z3l-libdovi-3.3.1' from 'https://cache.nixos.org'...
copying path '/nix/store/35bar4q02vg748d37z793hfi82jy521z-libdvbpsi-1.3.3' from 'https://cache.nixos.org'...
copying path '/nix/store/pwfia096kkw1h472idvb1kh8y64d0df7-libdvdcss-1.5.0' from 'https://cache.nixos.org'...
copying path '/nix/store/qbjhwy5mvxrfxrd3l9ypcph8mgll9yba-libebml-1.4.5' from 'https://cache.nixos.org'...
copying path '/nix/store/3jvzxakp7q89j0vq3dz36xj3x4irgg54-libdatrie-2019-12-20-bin' from 'https://cache.nixos.org'...
copying path '/nix/store/pjgiy8nwnmc874l7vhbdlwg195hp7iq1-libebur128-1.2.6' from 'https://cache.nixos.org'...
copying path '/nix/store/h9pdi3jg3y6s47kndl7v4421y9g3vs2n-libev-4.33' from 'https://cache.nixos.org'...
copying path '/nix/store/hb0hj3g9q4j8krlvvkjhsjlp5zrylyli-libevdev-1.13.6' from 'https://cache.nixos.org'...
copying path '/nix/store/mhd5j36zdk4wq73d2znv4axx8fyvd2w9-libevent-2.1.13' from 'https://cache.nixos.org'...
copying path '/nix/store/zb5gvp0a016iciy5iv8bakm7apvvvxcw-libexif-0.6.26' from 'https://cache.nixos.org'...
copying path '/nix/store/723q66ggi2ix7z42smh4ppddyk9xg4zd-libdvdread-7.0.1' from 'https://cache.nixos.org'...
copying path '/nix/store/s1d7qhi5alrqm3mq9lrkmdh4kir5q3gf-libexttextcat-3.4.8' from 'https://cache.nixos.org'...
copying path '/nix/store/22vwa2aj3m475sv1ad7fw8969yh1sgv9-libfaketime-0.9.11' from 'https://cache.nixos.org'...
copying path '/nix/store/mkqs9fvrrwkr9g1vzcsizkd6w8pwqr3v-libdatrie-2019-12-20-dev' from 'https://cache.nixos.org'...
copying path '/nix/store/wb232z007b8qynidq89lli8lb2c4q0r4-libffi-3.8.0' from 'https://cache.nixos.org'...
copying path '/nix/store/g3w4j6clj2sn5s37c5syvw8r649wdx87-libfontenc-1.1.9' from 'https://cache.nixos.org'...
copying path '/nix/store/r8kh6h6fp3wm7z793411fszq55qkh36p-libfreeaptx-0.2.2' from 'https://cache.nixos.org'...
copying path '/nix/store/cqjg980nmrahhcgms05bc62fcyzrph5k-libfyaml-0.9.6' from 'https://cache.nixos.org'...
copying path '/nix/store/jpr8y0x8y3w94qrd3djaq0yhljplaib2-libdvdnav-6.1.1' from 'https://cache.nixos.org'...
copying path '/nix/store/3z56nw5h5sfvs35z2050ffr3dikzgfh9-libgeneral-90' from 'https://cache.nixos.org'...
copying path '/nix/store/xryrhsmmwrgdpqd5ic0fwkm64ghjmn4c-libgpg-error-1.61' from 'https://cache.nixos.org'...
copying path '/nix/store/4qgiw1ck8vifizpd6nigd4w4m6raw32n-libice-1.1.2' from 'https://cache.nixos.org'...
copying path '/nix/store/i55vjwzlx2ammbymd8scsajr431ng9b7-libidn-1.44' from 'https://cache.nixos.org'...
copying path '/nix/store/z748aqzi90bajvybj7fbsxmrlxqbk89h-libidn2-2.3.8-bin' from 'https://cache.nixos.org'...
copying path '/nix/store/zn1jsv5nk7c89cacwk6ffyda5ndm7da0-libimagequant-4.4.1' from 'https://cache.nixos.org'...
copying path '/nix/store/ysxsfbvgz35w24g5c74604rhxvmia47v-libffi-3.8.0-dev' from 'https://cache.nixos.org'...
copying path '/nix/store/6xavnr0dbm1y341ygwgxlwav31g4w8j9-libipt-2.2' from 'https://cache.nixos.org'...
copying path '/nix/store/nc95dy5ln9slqmw1s151mk30ks5f6na6-libjpeg-turbo-3.1.4.1' from 'https://cache.nixos.org'...
copying path '/nix/store/78c6jz65m670i5r5rpyn3iagg1lrvpfj-liblc3-1.1.3' from 'https://cache.nixos.org'...
copying path '/nix/store/jdsqfc7k0n0rwq4b2wmhb89kjxj9sx36-icu4c-78.3-dev' from 'https://cache.nixos.org'...
copying path '/nix/store/n72n1cxr6z1cfgry48f7jbca19w6qyci-libmad-0.15.1b' from 'https://cache.nixos.org'...
copying path '/nix/store/g2nkhjlnnp0hn918cqq78x36b2wxcqvj-iceauth-1.0.11' from 'https://cache.nixos.org'...
copying path '/nix/store/v43d0sp8hdg0apjm5i0hrdrsladvvri8-libice-1.1.2-dev' from 'https://cache.nixos.org'...
copying path '/nix/store/6zvxln5ygqlib6gqpimdiqfpc3gc9xpy-libassuan-3.0.2' from 'https://cache.nixos.org'...
copying path '/nix/store/fwzl4in6i7pj30zp0rz3mx90cl6vg4km-libgcrypt-1.12.2-lib' from 'https://cache.nixos.org'...
copying path '/nix/store/rwdsc63swd9g0k4srhvk7ha4pzp8f2qk-libgpg-error-1.61-dev' from 'https://cache.nixos.org'...
copying path '/nix/store/0j3g0xqjvy0a221c3bpfsvqibyw3hfx1-libidn-1.44-bin' from 'https://cache.nixos.org'...
copying path '/nix/store/7qik0z4lp55wzkply8xhpqys9hj4rcns-libidn2-2.3.8-dev' from 'https://cache.nixos.org'...
copying path '/nix/store/q776px8hk5mvy5rb6n98y7hq1p7ps6xj-djvulibre-3.5.30-lib' from 'https://cache.nixos.org'...
copying path '/nix/store/7g0vbmal61bq8bw1vvrcjhrps94kikna-libjpeg-turbo-3.1.4.1-bin' from 'https://cache.nixos.org'...
copying path '/nix/store/33xn5f7b17rg5lhiva2nfrnxwfr4inrq-libksba-1.8.0' from 'https://cache.nixos.org'...
copying path '/nix/store/w2b3j44dmr6ppqwpgg5l4qxvdl8lzpfp-libmatroska-1.7.1' from 'https://cache.nixos.org'...
copying path '/nix/store/g4ygi5cq1f4dqjhydlvpyhjyvknjghkx-libmd-1.2.0' from 'https://cache.nixos.org'...
copying path '/nix/store/x8z63pcwx5vs40i733agxhpaparb14k1-libmicrodns-0.2.0' from 'https://cache.nixos.org'...
copying path '/nix/store/ps2lab24277jv6jkl0c5xdks8w9dpmmq-libmnl-1.0.5' from 'https://cache.nixos.org'...
copying path '/nix/store/ksmn7kcfpp4cjd0h2h4r1zcmj6scr5kn-libmodplug-0.8.9.0' from 'https://cache.nixos.org'...
copying path '/nix/store/3l65xz8bf6winplhwg362bj17rf96wzn-libmpeg2-0.5.1' from 'https://cache.nixos.org'...
copying path '/nix/store/hqg3mgy6dfflq8wq51h6ch1z5cbh21ip-libmpg123-1.33.7' from 'https://cache.nixos.org'...
copying path '/nix/store/g8k4n8f22a4h9ni45hpycychp6vaalv3-libaacs-0.11.1' from 'https://cache.nixos.org'...
copying path '/nix/store/frnkb0aqa1d5g01nxgblk3nchvfpm2cg-libbdplus-0.2.0' from 'https://cache.nixos.org'...
copying path '/nix/store/w586fxi0gfk0paax64yd8kgr05wy16dr-libgcrypt-1.12.2-bin' from 'https://cache.nixos.org'...
copying path '/nix/store/gax6r1j1i28bvxjcs1v98npzaa4hwj7d-libbsd-0.12.2' from 'https://cache.nixos.org'...
copying path '/nix/store/21np1b2yflzayldrsy3zp2gg5snhkgwz-libjpeg-turbo-3.1.4.1-dev' from 'https://cache.nixos.org'...
copying path '/nix/store/v171avkvvnb2fmfhjkqkqpj11c3k6k2q-libmypaint-1.6.1' from 'https://cache.nixos.org'...
copying path '/nix/store/s9v2zqxz7bdx6bjpywq8y8mpa02amlsm-libnatpmp-20230423' from 'https://cache.nixos.org'...
copying path '/nix/store/ggb5gna36i9hq1ppr980f9ais36kan7y-libndp-1.9' from 'https://cache.nixos.org'...
copying path '/nix/store/fxnqhp2iqwfcg8bjwlans8ni0i7cgh1x-libnfnetlink-1.0.2' from 'https://cache.nixos.org'...
copying path '/nix/store/d8dzlcfskzpk8wxlypj8h1lj8mwisxdd-ethtool-7.1' from 'https://cache.nixos.org'...
copying path '/nix/store/cx57abw8ky62f1vwy50iphr3lk3mzflv-libnfs-6.0.2' from 'https://cache.nixos.org'...
copying path '/nix/store/wqr4s3bk0mkyqx8f09yl3d5bi9n0kpir-libnftnl-1.3.1' from 'https://cache.nixos.org'...
copying path '/nix/store/kfskrzkf6gr5ibn4zsgm97l4fkadzcvb-libnl-3.12.0' from 'https://cache.nixos.org'...
copying path '/nix/store/qx9z7az2y0gkipdchrph66g5k2mahf1a-libogg-1.3.6' from 'https://cache.nixos.org'...
copying path '/nix/store/hsm2d9pyy2gy139hp7vy8kgb8vgs0v3a-libopus-1.6.1' from 'https://cache.nixos.org'...
copying path '/nix/store/0xp61r8cx9xxknjh66hk05z6lvdfj6qv-libpaper-2.2.8' from 'https://cache.nixos.org'...
copying path '/nix/store/qdz612hkm62xikmm4b4wkcj8pc7y9lm9-libpciaccess-0.19' from 'https://cache.nixos.org'...
copying path '/nix/store/n426cww7rqa9kd826lnhnq0gagac5icd-libpipeline-1.5.8' from 'https://cache.nixos.org'...
copying path '/nix/store/0fbn0y73qkkgnsg50yappvsgd2h00bp6-libplist-2.7.0' from 'https://cache.nixos.org'...
copying path '/nix/store/2bsczpcjz7v1xm451zb53zf3rnyp2pz5-libraw-0.22.1-lib' from 'https://cache.nixos.org'...
copying path '/nix/store/csislvlwd4cy5rc6xlfc2vb0lb4nhj4l-libmypaint-1.6.1-dev' from 'https://cache.nixos.org'...
copying path '/nix/store/lpd2ifkgr46iqm0b009ayfxygz1mf34m-libnetfilter_conntrack-1.1.1' from 'https://cache.nixos.org'...
copying path '/nix/store/3hl9dlmhypqhn3ak4yks12mj5mgcs6dd-libraw1394-2.1.2' from 'https://cache.nixos.org'...
copying path '/nix/store/yrvlygvynbx8nx1fcgppb4wrhbvpc1sp-librevenge-0.0.6' from 'https://cache.nixos.org'...
copying path '/nix/store/8yqr45y80zzd2am1had6aid2za35fjsb-libsamplerate-0.2.2' from 'https://cache.nixos.org'...
copying path '/nix/store/8mg2kw000kc0v6i4graafjbwymb96qnz-flac-1.5.0' from 'https://cache.nixos.org'...
copying path '/nix/store/95rwp9dj3c6z4aplfh61apm786k5kxhw-libseccomp-2.6.1-lib' from 'https://cache.nixos.org'...
copying path '/nix/store/5qg70j0rzbxqlxlzrq87k4ksgzdwrwr6-libdrm-2.4.134' from 'https://cache.nixos.org'...
copying path '/nix/store/qqqpr5dvy9pv7rvdr9440lg2x464il8g-libsepol-3.11' from 'https://cache.nixos.org'...
copying path '/nix/store/0j72prs9vasq5ll474yjf22pj9ry1j1f-libopus-1.6.1-dev' from 'https://cache.nixos.org'...
copying path '/nix/store/9p36kc74gcjcic5kw9vbk8awd156dsny-libsigc++-2.12.1' from 'https://cache.nixos.org'...
copying path '/nix/store/8ic8hgf7nphaq9f52hv8yqd0yx0fgrlc-libimobiledevice-glue-1.3.2' from 'https://cache.nixos.org'...
copying path '/nix/store/6mdikpyzpxzfx8i5pci9msniwsw1swmr-libplist-2.7.0-bin' from 'https://cache.nixos.org'...
copying path '/nix/store/1xyv13yv8px00v1khhji21l1yf6pagwr-libraw-0.22.1' from 'https://cache.nixos.org'...
copying path '/nix/store/5cl8f2vjwgnzfkjbpkyq353449g25syp-iptables-1.8.13-lib' from 'https://cache.nixos.org'...
copying path '/nix/store/mcb098j42kvinrw1c8p7d0dwswdn93y9-libavc1394-0.5.4' from 'https://cache.nixos.org'...
copying path '/nix/store/jqzsh8wspvixfdc5k6njch55ll1wza4c-libcdr-0.1.9' from 'https://cache.nixos.org'...
copying path '/nix/store/q57sa04n6ki5ffvs35jb8wg84l58v3q5-libdc1394-2.2.7' from 'https://cache.nixos.org'...
copying path '/nix/store/bby1jybmmxk61ifpa85g50mr3ic44dch-libepubgen-0.1.1' from 'https://cache.nixos.org'...
copying path '/nix/store/50fz9l5vcbbind9rk706l6h7j1196p99-libfreehand-0.1.3' from 'https://cache.nixos.org'...
copying path '/nix/store/l6ww8kbj9g5nflwp1m04l7in832z9zsw-flac-1.5.0-bin' from 'https://cache.nixos.org'...
copying path '/nix/store/00s8a1232vhvgg7jdslifsnqzkl8wxj1-libdrm-2.4.134-bin' from 'https://cache.nixos.org'...
copying path '/nix/store/dc2a075nhgc4yv6mhdr5gvf4rzr0pdmj-libiec61883-1.2.0' from 'https://cache.nixos.org'...
copying path '/nix/store/pnl5s9wpxp7ck88vi61gm60pvhhlc11q-libmwaw-0.3.23' from 'https://cache.nixos.org'...
copying path '/nix/store/s49lry3dcsvyzy6d6fj5z73s4rglsliw-libplist-2.7.0-dev' from 'https://cache.nixos.org'...
copying path '/nix/store/rz1dnf2kbbmaxh3sp1hq4vshxz9zx84s-libsepol-3.11-bin' from 'https://cache.nixos.org'...
copying path '/nix/store/rbc496f0h04ddix6b05ya4w5csms1a9v-libsodium-1.0.22-unstable-2026-07-31' from 'https://cache.nixos.org'...
copying path '/nix/store/hz954b4dkbxmwl3vbisipn0ww9hqlyf4-libtasn1-4.21.0' from 'https://cache.nixos.org'...
copying path '/nix/store/l1fjl92acmmvcny3npkzg66gy5zmykw7-libthai-0.1.30' from 'https://cache.nixos.org'...
copying path '/nix/store/2psikhxjwz1gls7ssgwacb9asv42z8p4-libtheora-1.2.0' from 'https://cache.nixos.org'...
copying path '/nix/store/7645ix9bmf95gzhdf390pbifbzg13ba9-libtool-2.6.2-lib' from 'https://cache.nixos.org'...
copying path '/nix/store/s2d9r147h2nk8vg3has7q7dc8q6a3kaq-libtraceevent-1.9.0' from 'https://cache.nixos.org'...
copying path '/nix/store/p3s3wkz0s0xkgxnrn7x99w1bl6hd8283-libdrm-2.4.134-dev' from 'https://cache.nixos.org'...
copying path '/nix/store/pkv3zyqndjswafixcjfpksn9xjvgs1jk-libunibreak-7.0' from 'https://cache.nixos.org'...
copying path '/nix/store/nq9qgw6zcmffslzq6slrma0i4snifjfd-libupnp-1.14.25' from 'https://cache.nixos.org'...
copying path '/nix/store/as5x50n1vny4350w7jmybc89p2g7dzv3-libimobiledevice-glue-1.3.2-dev' from 'https://cache.nixos.org'...
copying path '/nix/store/h256kwc9dgygs5ivjjdj227fvynk5kwv-libsepol-3.11-dev' from 'https://cache.nixos.org'...
copying path '/nix/store/h2pdsv1da2p1mcw2lpvzcszw8mf41sx5-libtasn1-4.21.0-dev' from 'https://cache.nixos.org'...
copying path '/nix/store/sbna699bdaga9gsk48bnjfawglx4risf-liburcu-0.15.6' from 'https://cache.nixos.org'...
copying path '/nix/store/0p4x1g1zbazmsybfgpvz5hciar3h8ncj-libusbmuxd-2.1.1' from 'https://cache.nixos.org'...
copying path '/nix/store/r0cclgy286g5c2ifqrkddldhwyv8lbwv-libutempter-1.2.3' from 'https://cache.nixos.org'...
copying path '/nix/store/ch71qs9y9qwjrvraz1hkhdm1zz2p65zp-libthai-0.1.30-dev' from 'https://cache.nixos.org'...
copying path '/nix/store/gad0h928a545w1rmyiymvyc7z3qnqb33-libuv-1.52.1' from 'https://cache.nixos.org'...
copying path '/nix/store/plv76w5cxxkghmp8k8fnqxxsqcyajn84-libtracefs-1.8.3' from 'https://cache.nixos.org'...
copying path '/nix/store/gf3hshq8xsk9h8xlq7ghvll83x3q3yll-libva-minimal-2.24.1' from 'https://cache.nixos.org'...
copying path '/nix/store/lqb6b5v8h158dnsz3brd637hf029ymi8-libvmaf-3.0.0' from 'https://cache.nixos.org'...
copying path '/nix/store/x0zsg00ivpzcy0drrhvd8nyasxilxm5y-libvorbis-1.3.7' from 'https://cache.nixos.org'...
copying path '/nix/store/gns56lkvx4pnj3v4q1kcz6yfc2qzbi8z-libvpl-2.16.0' from 'https://cache.nixos.org'...
copying path '/nix/store/r3i7mzw7ldf6wsic425ay23hqr6n76ds-libvpx-1.16.0' from 'https://cache.nixos.org'...
copying path '/nix/store/y7chpz40a5iim9x4vhjbxwwb9hrfkb0f-libwpd-0.10.3' from 'https://cache.nixos.org'...
copying path '/nix/store/8rybl2paw62y1mc5cxbilw07i11h9qmq-liburcu-0.15.6-dev' from 'https://cache.nixos.org'...
copying path '/nix/store/81y57c18dcab62m5s4bh31x2r4ys9vsn-libwps-0.4.14' from 'https://cache.nixos.org'...
copying path '/nix/store/qdzn5piljhvzcjwxkxfyi0bc0m215wdb-libxau-1.0.12' from 'https://cache.nixos.org'...
copying path '/nix/store/pfww4nv3wkgpyk1jvqqpz6ymxgj7cbbh-libxcrypt-4.5.2' from 'https://cache.nixos.org'...
copying path '/nix/store/slqmqcgc0ynypknpjf1yzjviyqzvlikj-libuv-1.52.1-dev' from 'https://cache.nixos.org'...
copying path '/nix/store/wsm8sjn6lmw1dhgdrjlwmmkxjj913hhk-libxcrypt-4.5.2' from 'https://cache.nixos.org'...
copying path '/nix/store/ldfisnhlg73ifcg9am3wphm1kiac59z1-libxcvt-0.1.3' from 'https://cache.nixos.org'...
copying path '/nix/store/2611fcrmmcwfcqxpfwi0kks144k5xpjf-libaom-3.12.1' from 'https://cache.nixos.org'...
copying path '/nix/store/9ark5x4nmyg79l01qzxwnafrzs0zprhh-libsndfile-1.2.2' from 'https://cache.nixos.org'...
copying path '/nix/store/qbrzmlrhfqlx68zkmlv8gb1bxv7ma6jb-libvmaf-3.0.0-dev' from 'https://cache.nixos.org'...
copying path '/nix/store/baq3qnma9ppxxc60n9q0c09lx3fxx0d6-icu4c-63.1-dev' from 'https://cache.nixos.org'...
copying path '/nix/store/0h8riyvkqg5ys84mn08rd0k3in1z2asy-libwpg-0.3.4' from 'https://cache.nixos.org'...
copying path '/nix/store/gkb9jhxirg79jv66m4yc2pkvn5za9glm-libxdmcp-1.1.5' from 'https://cache.nixos.org'...
copying path '/nix/store/884z1c8yrvb3rlg6xzakz14gnls7kcl3-libxml2-2.15.3' from 'https://cache.nixos.org'...
copying path '/nix/store/9g3536ribbggd4swm4bwk8sknsddfl3j-libxml2-2.15.3' from 'https://cache.nixos.org'...
copying path '/nix/store/m6l52d6r365pjajwyvww4vgzamzzrmb7-libxmp-4.7.2' from 'https://cache.nixos.org'...
copying path '/nix/store/qlagp5jfymn4mnmqq938cyc4fwcwim7z-libxshmfence-1.3.3' from 'https://cache.nixos.org'...
copying path '/nix/store/r00l9hf8pvxc4yn3i624f99qyx3vsa9f-libyaml-0.2.5' from 'https://cache.nixos.org'...
copying path '/nix/store/gc2ykkv2mlam4d3jyla0j69ccz24b1zy-libyuv-1908' from 'https://cache.nixos.org'...
copying path '/nix/store/jj4rbrkapbv6kp3vrw4v1g12dqvk3xk7-libz-1.2.8.2025.03.07' from 'https://cache.nixos.org'...
copying path '/nix/store/500f21ikwa87f7b2ghn72j6zzbpxhqa9-libbs2b-3.1.0' from 'https://cache.nixos.org'...
copying path '/nix/store/mwg8lfm27v3dgmb78pmv649xa11q1937-lidEvent.sh' from 'https://cache.nixos.org'...
copying path '/nix/store/j5ml0bwadkmxc6185ilixlw85ywagxgv-libxcb-1.17.0' from 'https://cache.nixos.org'...
copying path '/nix/store/1wi24m2ish3q0s676rsw3jz48s3mz799-libxdmcp-1.1.5-dev' from 'https://cache.nixos.org'...
copying path '/nix/store/ahxa70qjayb2bcjfi14jzpy8gbwfmr5s-limine-12.6.0' from 'https://cache.nixos.org'...
copying path '/nix/store/lhmrs68ycmdyl8i82id1r0m1i6hakx8b-liblouis-3.38.0' from 'https://cache.nixos.org'...
copying path '/nix/store/nz72vfqajnpi13xn1nqciwg31zzisdmr-libxml2-2.15.3-bin' from 'https://cache.nixos.org'...
copying path '/nix/store/7ylv1cafwrp5f491d59sin3gd21fkhl2-libabw-0.1.4' from 'https://cache.nixos.org'...
copying path '/nix/store/r9cj0qb1cipwxsvh8q8mchml67ab6mgl-libodfgen-0.1.8' from 'https://cache.nixos.org'...
copying path '/nix/store/1vjs5jngrp27qd6af8hj6q682im3r9b4-libvisio-0.1.11' from 'https://cache.nixos.org'...
copying path '/nix/store/n8r4i00bjw4h55jvwl2xbl6rvwjgx229-libvpx-1.16.0-bin' from 'https://cache.nixos.org'...
copying path '/nix/store/6xp8y3aclw6m89sy7r12sf6l98s2di0m-libxml2-2.15.3-bin' from 'https://cache.nixos.org'...
copying path '/nix/store/3hm7lwjcxgbxwxa32w4fk5jsfrhm73gv-libxslt-1.1.45' from 'https://cache.nixos.org'...
copying path '/nix/store/3vlnkr6z7hh86rrn087df45s4cfjxy65-libx11-1.8.13' from 'https://cache.nixos.org'...
copying path '/nix/store/b3wyx65651qsp5v73kiyljnv5hr4dgv3-libxcb-1.17.0-dev' from 'https://cache.nixos.org'...
copying path '/nix/store/wj6zfk5xjqn27ix9n1adi23bkx4npg2z-libxcb-keysyms-0.4.1' from 'https://cache.nixos.org'...
copying path '/nix/store/b6gmajqfp9h9irj4vvmprm6dlzw8v7vh-libxcb-render-util-0.3.10' from 'https://cache.nixos.org'...
copying path '/nix/store/v27brh509lhmjc6s1x5zgqqj47dbqh5v-libxcb-util-0.4.1' from 'https://cache.nixos.org'...
copying path '/nix/store/29j9jlmdmlbfkv9v8mqd327f5nh8kh9w-libxcb-wm-0.4.2' from 'https://cache.nixos.org'...
copying path '/nix/store/v4lg85rz3cn0n1m2p8ld54ljp1gyd9wb-libaom-3.12.1-bin' from 'https://cache.nixos.org'...
copying path '/nix/store/dr8a0ymg94br9ywajlvq92s3nfjvpv45-libxml2-2.15.3-dev' from 'https://cache.nixos.org'...
copying path '/nix/store/l599aiq60bnaxl5xh0c6v7dr6rzmg712-lksctp-tools-1.0.21' from 'https://cache.nixos.org'...
copying path '/nix/store/swwhis5h3l1axrl7hxwl3s367d79awmj-libxml2-2.15.3-dev' from 'https://cache.nixos.org'...
copying path '/nix/store/1smdlb911ss75xkka15zw8w9pfm9zw6n-libvpx-1.16.0-dev' from 'https://cache.nixos.org'...
copying path '/nix/store/0jrp9a520ilv70farhigd5sg29y482s6-libxslt-1.1.45-bin' from 'https://cache.nixos.org'...
copying path '/nix/store/62v5xr80ic15hlc0gnn83c4nclar5w4d-llhttp-9.4.3' from 'https://cache.nixos.org'...
copying path '/nix/store/k1515h02lr6wganpqjw87h6hc5571kfx-libxcb-keysyms-0.4.1-dev' from 'https://cache.nixos.org'...
copying path '/nix/store/py6rl8971w2f0qg9rahl7lapa577zg4k-libxcb-render-util-0.3.10-dev' from 'https://cache.nixos.org'...
copying path '/nix/store/rsi3pffd842qr6xv0hsd1x555ig4l2r3-libxcb-image-0.4.1' from 'https://cache.nixos.org'...
copying path '/nix/store/mjcfw0rh0qaq7x2hf9b3flg1wv2h3pdb-libxcb-util-0.4.1-dev' from 'https://cache.nixos.org'...
copying path '/nix/store/ippn7bi1byv6jymj9pqdq4ldgjpwgdd3-libxcb-wm-0.4.2-dev' from 'https://cache.nixos.org'...
copying path '/nix/store/vzl0v1iwm61dw3wrw22vq0dka6hl6xc2-libstartup-notification-0.12' from 'https://cache.nixos.org'...
copying path '/nix/store/n9p41ljslm8qcpw26mwh9spw75bi0wsm-libxcomposite-0.4.7' from 'https://cache.nixos.org'...
copying path '/nix/store/lfsyk53dqkf9y737z2dvmhf9blsf4brj-libaom-3.12.1-dev' from 'https://cache.nixos.org'...
copying path '/nix/store/m51xyp95w4gnhcbncz6xi0x5519m293i-libxext-1.3.7' from 'https://cache.nixos.org'...
copying path '/nix/store/i4f1ydn42hii1y1sz1wx2pl6lkqyby1l-libxfixes-6.0.2' from 'https://cache.nixos.org'...
copying path '/nix/store/ha0ab0l6rllfv96qqw1p4f22nc3m069w-libxkbfile-1.2.0' from 'https://cache.nixos.org'...
copying path '/nix/store/hhm49y9lwj30wfg0yjx4qj5ics5r9j03-libxml2-2.15.3-py' from 'https://cache.nixos.org'...
copying path '/nix/store/avkwd1sfvr31c5ffd06qj0grvyp9pb2w-libxrender-0.9.12' from 'https://cache.nixos.org'...
copying path '/nix/store/86s6c4zgspcbynfnk72165n60q2034bq-libxcb-cursor-0.1.6' from 'https://cache.nixos.org'...
copying path '/nix/store/v5nzby7xf0kkbcliwa62fia9db1bp60d-libxcb-image-0.4.1-dev' from 'https://cache.nixos.org'...
copying path '/nix/store/sss1b56wpf72z6w63r6avmkmc57sysly-libxslt-1.1.45-dev' from 'https://cache.nixos.org'...
copying path '/nix/store/sww7zcq75d86cak1l9f0xdwfv91hib2j-llhttp-9.4.3-dev' from 'https://cache.nixos.org'...
copying path '/nix/store/n4hapkgxwv4rfs0ar9zjkl9i8cf39cnb-lm-sensors-3.6.2' from 'https://cache.nixos.org'...
copying path '/nix/store/y2qlxwlpl9kgq7k45s32ysj8285lfhfa-lmdb-0.9.36' from 'https://cache.nixos.org'...
copying path '/nix/store/49d600qd0cy61pwswvlcmv9rzk26s1m5-lndir-1.0.5' from 'https://cache.nixos.org'...
copying path '/nix/store/1134q6asayx8a7ka7fga0vhj7k3a4286-lowdown-3.0.1-lib' from 'https://cache.nixos.org'...
copying path '/nix/store/rarvfpm927fcbd6b9p0crg09w9r3ywb3-libglvnd-1.7.0' from 'https://cache.nixos.org'...
copying path '/nix/store/11ilpafpxyv798cwx7xfm537l94h1fa5-libvdpau-1.5' from 'https://cache.nixos.org'...
copying path '/nix/store/sgad4zxa77b97mmy5h5pllzwvjd8bm1l-libxdamage-1.1.7' from 'https://cache.nixos.org'...
copying path '/nix/store/xm0lc6hwnczyhm9y23gqdc4ixpzalxji-libxfixes-6.0.2-dev' from 'https://cache.nixos.org'...
copying path '/nix/store/dyvcnr2jhrxf3fhmvjxd53vwpi133gzv-libxcb-cursor-0.1.6-dev' from 'https://cache.nixos.org'...
copying path '/nix/store/algvsjnffll23bmirbg4a6aycfavk609-libxcursor-1.2.3' from 'https://cache.nixos.org'...
copying path '/nix/store/kvg5r55y17ybrs2gccjbj4vdg9sp69ia-libxi-1.8.3' from 'https://cache.nixos.org'...
copying path '/nix/store/fvjava8j30snn73swinnx10x8c6s8sy7-libxinerama-1.1.6' from 'https://cache.nixos.org'...
copying path '/nix/store/mc0jkdyg55n1jm3673sxms8x4l2g76rv-libxkbfile-1.2.0-dev' from 'https://cache.nixos.org'...
copying path '/nix/store/jvmx7p97pjyz4a67001lg9yhk0g7qbfm-libxrandr-1.5.5' from 'https://cache.nixos.org'...
copying path '/nix/store/0wxj93ik27rwmyvq0x4wyndi26k76s1g-libxres-1.2.3' from 'https://cache.nixos.org'...
copying path '/nix/store/1k14khr2kh0wh6fklwgrvhk6qnzkz2wx-libxv-1.0.13' from 'https://cache.nixos.org'...
copying path '/nix/store/vm8lb2zw65vzfpx92ydd0kfqczndv0gr-libxxf86vm-1.1.7' from 'https://cache.nixos.org'...
copying path '/nix/store/d22ixij9byl1pbpq7ax4b684shhbvknp-lp_solve-5.5.2.14' from 'https://cache.nixos.org'...
copying path '/nix/store/k98v9cx7hqhpdq33rigcd6srv6q5mbn3-lshw-02.20' from 'https://cache.nixos.org'...
copying path '/nix/store/zhzdsqi4pw32zznkb1ry931zarphjfxb-lsof-4.99.7' from 'https://cache.nixos.org'...
copying path '/nix/store/ypvganx6xpk136fhlh7kfa38m44i4bh9-glu-9.0.3' from 'https://cache.nixos.org'...
copying path '/nix/store/kfnh089ilp2acq3iyrj2bcf7p0gij1j6-libepoxy-1.5.10' from 'https://cache.nixos.org'...
copying path '/nix/store/knyasnbdxksxz6ilfygnrwa08m9n35m7-libglvnd-1.7.0-dev' from 'https://cache.nixos.org'...
copying path '/nix/store/b3v2anf0jhzgapfpj5pc9z9x2jmk7l80-libxcursor-1.2.3-dev' from 'https://cache.nixos.org'...
copying path '/nix/store/x53la7l94pyqlwmq7mdp740v70ahpj8j-luajit-2.1.1785763465' from 'https://cache.nixos.org'...
copying path '/nix/store/jv19nlbi3pqh7kcfxxq3kqpcfslw5jzq-libxtst-1.2.5' from 'https://cache.nixos.org'...
copying path '/nix/store/23q1ns1s025b401ixc1fz89rfpf2a2c6-lz4-1.10.0-lib' from 'https://cache.nixos.org'...
copying path '/nix/store/rfc4532vl951yraz9dwcj1lahpm7r6sk-lzo-2.10' from 'https://cache.nixos.org'...
copying path '/nix/store/p7gyblfrnsav1q3bq7lvs256iy1i9xgf-libxpresent-1.0.2' from 'https://cache.nixos.org'...
copying path '/nix/store/vhff1x5abri98biy1h54ylnh47d6lqsm-libxv-1.0.13-dev' from 'https://cache.nixos.org'...
copying path '/nix/store/fw3jacfmw99cjqk3bnl8lx7azfj09dys-freeglut-3.8.0' from 'https://cache.nixos.org'...
copying path '/nix/store/w3n092v100p32g3z0jkrykq4z1ykh272-freeglut-mupdf-3.0.0-rd5e2256d571b3ef66fb60716c99e35e9d3e570a2' from 'https://cache.nixos.org'...
copying path '/nix/store/aavp82hjlh9951ndxv022g5xdg9p87s2-libxxf86vm-1.1.7-dev' from 'https://cache.nixos.org'...
copying path '/nix/store/g1apf1w4c4av9jd8rqmwnk3j53b8i5rr-make-initrd-ng-0.1.0' from 'https://cache.nixos.org'...
copying path '/nix/store/g8pdxn0bsq5wlicjm7kf2slxj4mvw99n-make-shell-wrapper-hook' from 'https://cache.nixos.org'...
copying path '/nix/store/6jbbkllbpl13ybk9c0lh8i4miw5pahv3-mbedtls-3.6.7' from 'https://cache.nixos.org'...
copying path '/nix/store/n2d6ryxidpsxmj0ba7w58abc5ydqrn9r-glu-9.0.3-dev' from 'https://cache.nixos.org'...
copying path '/nix/store/4s4847j0vjxhzmr067285ih6krxpnmpm-libfakekey-0.3' from 'https://cache.nixos.org'...
copying path '/nix/store/cwkzvcir3s2wrkwjfan10h14ppzycnpy-mbrola-bin-3.3-unstable-2024-01-29' from 'https://cache.nixos.org'...
copying path '/nix/store/aacslgp07wabg8xk4h13xciw7fdg1ms3-mcpp-2.7.2.3' from 'https://cache.nixos.org'...
copying path '/nix/store/8zaffhy64p5c8cavbr1ck632cljrrykh-md4c-0.5.3-lib' from 'https://cache.nixos.org'...
copying path '/nix/store/36jzzj06z3gm3dpwabkbxqg04r0hay45-media-player-info-26' from 'https://cache.nixos.org'...
copying path '/nix/store/lp0myzzbdw4qk9j7v63vsbgd6dws4mh0-memchr-2.8.0' from 'https://cache.nixos.org'...
copying path '/nix/store/mm30jbma12zvx4p1rpn8kkxs05j53s1j-memmap2-0.9.9' from 'https://cache.nixos.org'...
copying path '/nix/store/wddsjj6s37832il3rib280in7h88xiq1-memoffset-0.6.5' from 'https://cache.nixos.org'...
copying path '/nix/store/6nzg7wmjhqqp5v1livymw1fnqgsvwbjv-memoffset-0.9.1' from 'https://cache.nixos.org'...
copying path '/nix/store/l6b71h7n2rz3saykclmwm60rvqbmm36j-merve-1.2.2' from 'https://cache.nixos.org'...
copying path '/nix/store/9rgfi8zwzi7wdsvl4vkn0ii2lm2gd4iy-mesa-gl-headers-25.1.0' from 'https://cache.nixos.org'...
copying path '/nix/store/7r6rbqyi0pqzyjps1yfg6s3k56mpli1k-mesa-libgbm-26.1.3' from 'https://cache.nixos.org'...
copying path '/nix/store/5rnr68rav6jjic7pmvnq1g8rsha6vwdb-mbrola-3.3-unstable-2024-01-29' from 'https://cache.nixos.org'...
copying path '/nix/store/wja92si0psgakc53msqb9zdmx26wdckf-mime-0.3.17' from 'https://cache.nixos.org'...
copying path '/nix/store/b69i5r3hq6nsyphidhqkm6ljs0vxrmw5-md4c-0.5.3' from 'https://cache.nixos.org'...
copying path '/nix/store/m0i003i92kxn0msmvhsp8wyqil7znawq-minecraftia-1.0' from 'https://cache.nixos.org'...
copying path '/nix/store/jawc6xnawyn43nn381g62v738r8dll29-minimal-lexical-0.2.1' from 'https://cache.nixos.org'...
copying path '/nix/store/94135ibass3zyl272xxrziybijvzpbvb-miniupnpc-2.3.3' from 'https://cache.nixos.org'...
copying path '/nix/store/9v1cczqn8z36h92vg4800bs5ymmabhvw-mio-1.1.1' from 'https://cache.nixos.org'...
copying path '/nix/store/5p6z3s8k8gflc7a6jrhy31ffvk4krs4q-mirrors-list' from 'https://cache.nixos.org'...
copying path '/nix/store/2ywzspzaw0zp1xilawyphw6pk049ai4s-mkpasswd-5.6.6' from 'https://cache.nixos.org'...
copying path '/nix/store/9vsp0ax73jz0zwl5rlvj58k5d7plkrs5-mkpasswd-5.6.6-man' from 'https://cache.nixos.org'...
copying path '/nix/store/14smz9lap3nd4shv8qd0djmrc0w15nn8-librist-0.2.11' from 'https://cache.nixos.org'...
copying path '/nix/store/mcxds9k6jz15xv2xsplq9ri0axsyg6wz-mobile-broadband-provider-info-20240407' from 'https://cache.nixos.org'...
copying path '/nix/store/vx96v3s9wjkzxwjaka1b73ay6ygybpnx-egl-gbm-1.1.3' from 'https://cache.nixos.org'...
copying path '/nix/store/n7a38c1bv8r3f00ykbchj14vcsg0jc4f-egl-x11-1.0.5' from 'https://cache.nixos.org'...
copying path '/nix/store/pm7h6ysvcrkb0cx67nfjcc0kvgwyljvm-mobile-broadband-provider-info-20240407' from 'https://cache.nixos.org'...
copying path '/nix/store/g6lbp0rlw7r2hpc6fr6db3l54958ww04-moreutils' from 'https://cache.nixos.org'...
copying path '/nix/store/217wr6zsyp3hkrvsrl5h4d7yphdm4wir-mpdecimal-4.0.1' from 'https://cache.nixos.org'...
copying path '/nix/store/s5fgii19gxrf4pjzni1b2ipfh66giq4y-movit-1.7.2' from 'https://cache.nixos.org'...
copying path '/nix/store/b9ksw15df0bm2rxzjdi1lrdhz54gsmsl-mpfr-4.2.2' from 'https://cache.nixos.org'...
copying path '/nix/store/rflci23bs1jf1jgrbhrlivcwiff72qsg-mpfr-4.2.2' from 'https://cache.nixos.org'...
copying path '/nix/store/pzzhfsqwm0y9l32b62gfbsk6sr1xh27q-mtdev-1.1.7' from 'https://cache.nixos.org'...
copying path '/nix/store/b16b4gznnn94vqk9vz5l54h1fnxxljqv-mtools-4.0.49' from 'https://cache.nixos.org'...
copying path '/nix/store/hsz1aj9zz43k7cvdxswp8rl742ph4vqx-mtools-4.0.49-info' from 'https://cache.nixos.org'...
copying path '/nix/store/nirp3l61hwyfp786cim8961j8bibscs9-mtools-4.0.49-man' from 'https://cache.nixos.org'...
copying path '/nix/store/yd3n0kk137laypmkv3vkxxldjdk5qi82-murmurhash32-0.3.1' from 'https://cache.nixos.org'...
copying path '/nix/store/84hjvlawb77gmww63dx9d1njfia52gk1-musl-static-x86_64-unknown-linux-musl-1.2.6' from 'https://cache.nixos.org'...
copying path '/nix/store/cfrkg8g90b6kcyxglv0sha5z2kdc7997-md4c-0.5.3-dev' from 'https://cache.nixos.org'...
copying path '/nix/store/9g0wsxyhwf9q8zf82ryfqnja1lplpiql-mythes-1.2.4' from 'https://cache.nixos.org'...
copying path '/nix/store/1v6sxqpahffxfasdg7fanrb2cfqrs6s5-nano-9.2-doc' from 'https://cache.nixos.org'...
copying path '/nix/store/g4jrkinpf8xlf2yg5a9g9jknbazbpivd-nano-9.2-info' from 'https://cache.nixos.org'...
copying path '/nix/store/5nfwy1ja39kf16qybm3qpf8v6l6c1dh0-nano-9.2-man' from 'https://cache.nixos.org'...
copying path '/nix/store/ra3h8x9y8hvml7hj0lf36qcz2rwkqwjh-nbytes-0.1.4' from 'https://cache.nixos.org'...
copying path '/nix/store/sj6zcv2b1g6a4333mf79xq3129k91qjf-ncompress-5.0' from 'https://cache.nixos.org'...
copying path '/nix/store/zz125vwahb637g5ckl046ll8fcqmc8pk-ncurses-6.6' from 'https://cache.nixos.org'...
copying path '/nix/store/f6yh7qhkhgzjfj91ydv6irak4ciralqq-ncurses-6.6-man' from 'https://cache.nixos.org'...
copying path '/nix/store/4d9zq78camwmgarazsr36001wbkfvj76-net-tools-2.10' from 'https://cache.nixos.org'...
copying path '/nix/store/88xi58z58l9gs1hvm0inpljv7kcjd7pz-libmpc-1.4.1' from 'https://cache.nixos.org'...
copying path '/nix/store/nfmlcwrvmql5amfn72agbcd1xc9a5hwl-libmpc-1.4.1' from 'https://cache.nixos.org'...
copying path '/nix/store/4xxc7cldibnlw5496qg5d45i0nmxyz11-nettle-3.10.2' from 'https://cache.nixos.org'...
copying path '/nix/store/05f3lblm8ln8ji5ackhgza25i69f9wlp-networkmanager-1.58.0-doc' from 'https://cache.nixos.org'...
copying path '/nix/store/9l7h3mziafckk98fhdz84z3pv7sz8szk-musl-static-x86_64-unknown-linux-musl-1.2.6-bin' from 'https://cache.nixos.org'...
copying path '/nix/store/5x47m20j2kqsdiizl4l5j6lsxymlcb93-networkmanager-1.58.0-man' from 'https://cache.nixos.org'...
copying path '/nix/store/hv66sh6gfz9v32hriiigs321gc7fxxhq-networkmanager-1.58.0-man' from 'https://cache.nixos.org'...
copying path '/nix/store/721iq51ypzyll8p3lgrgf7fjqbq2w101-nghttp2-1.70.0' from 'https://cache.nixos.org'...
copying path '/nix/store/d4wj0svs73h1p0726a7k3vi4vkic8qb5-nghttp2-1.70.0-lib' from 'https://cache.nixos.org'...
copying path '/nix/store/jbidd86s8jrbdqq774sjylyvvzbz4i6r-libxpm-3.5.19' from 'https://cache.nixos.org'...
copying path '/nix/store/llg0xxyy8sbsm09hlf21f6cj85r7jx3a-nghttp2-1.70.0-lib' from 'https://cache.nixos.org'...
copying path '/nix/store/xmrzhcfqg1vzwsvgm1dk9dq5fl64rlck-nghttp3-1.16.0' from 'https://cache.nixos.org'...
copying path '/nix/store/6ji6bq0si2j8ibdrxqgcmh1cw0wmdiyk-ninja-1.13.2' from 'https://cache.nixos.org'...
copying path '/nix/store/cfqbywj7wlfj013985j4gwab7r7qwimb-nix-bash-completions-0.6.8' from 'https://cache.nixos.org'...
copying path '/nix/store/6lqix9zx8mwyh18jnbvxq81z0s7lrnvk-nix-ld-2.0.6' from 'https://cache.nixos.org'...
copying path '/nix/store/25kz0qa6chya1jwgv8bgwaglqcqiin96-nix-manual-2.34.8' from 'https://cache.nixos.org'...
copying path '/nix/store/5dc0nymfr1dvmrrbp783x6lwkw18x6xp-nix-manual-2.34.8-man' from 'https://cache.nixos.org'...
copying path '/nix/store/rz18a4sl6ibxilx7da88hh27rvz7g668-musl-static-x86_64-unknown-linux-musl-1.2.6-dev' from 'https://cache.nixos.org'...
copying path '/nix/store/jjwvr0576gp69filg74bsfhpilylfzc5-nix-zsh-completions-0.5.1-unstable-2025-12-12' from 'https://cache.nixos.org'...
copying path '/nix/store/vy9ici9c5qris1zls15gij9palxd6mr5-nixos-configuration-reference-manpage' from 'https://cache.nixos.org'...
copying path '/nix/store/gpf2ydsxn993c3rrrnj40d0kvygf0i9a-nixos-icons-0-unstable-2025-06-28' from 'https://cache.nixos.org'...
copying path '/nix/store/p88mk5qlz1fsdmg4av263pn9rfgr58nf-nixos-init-0.1.0' from 'https://cache.nixos.org'...
copying path '/nix/store/0pfxwb37lmbmvxrd6miwgr8sw1c3gk05-nixos-manual-html' from 'https://cache.nixos.org'...
copying path '/nix/store/j32dfnpwz3accxw3pxg4rzwyxr7wsvix-nghttp2-1.70.0-dev' from 'https://cache.nixos.org'...
copying path '/nix/store/vc0hlhxb181d9kh8c6bqsa41cc70drak-nghttp3-1.16.0-dev' from 'https://cache.nixos.org'...
copying path '/nix/store/6zs4m21zmqi49hbmj8fg8mn2n9p8lx1h-nom-7.1.3' from 'https://cache.nixos.org'...
copying path '/nix/store/vypcbjrblyw90m5g63y6zh8fwq13mx4x-noto-fonts-2026.08.01' from 'https://cache.nixos.org'...
copying path '/nix/store/dllg6pqphyxipzwihzb6phmjlq4r0w4b-noto-fonts-cjk-sans-2.004' from 'https://cache.nixos.org'...
copying path '/nix/store/izxs0835nl2qjd6kazrkwmrwa1r0arcy-aalib-1.4rc5' from 'https://cache.nixos.org'...
copying path '/nix/store/0219v5c11z5y1zg79y3azcs0arxvnibq-gpm-unstable-2020-06-17' from 'https://cache.nixos.org'...
copying path '/nix/store/4bs21453c83x65mmfms3vhr8hawqak1m-hunspell-1.7.3' from 'https://cache.nixos.org'...
copying path '/nix/store/wc1z9b7r9q9cxf5cyw48v9kgcvs67cdq-libedit-20260508-3.1' from 'https://cache.nixos.org'...
copying path '/nix/store/wqqcaj37fsa7bxrkh9l2my04lfwhw415-ncurses-6.6-dev' from 'https://cache.nixos.org'...
copying path '/nix/store/rp2j39h7ms0kjr3kmbs7jqb49lmd4smz-nix-2.34.8-man' from 'https://cache.nixos.org'...
copying path '/nix/store/gxs0n7s3ajv9ivm79ghv11p745qq1hc3-noto-fonts-cjk-serif-2.003' from 'https://cache.nixos.org'...
copying path '/nix/store/aqcjxx6j9yq175dar0x60qb1kdzvrm9z-noto-fonts-color-emoji-2.051' from 'https://cache.nixos.org'...
copying path '/nix/store/cqsl6djcsccg91y947v3rs5r456z6dww-npth-1.8' from 'https://cache.nixos.org'...
copying path '/nix/store/yv1diivazrv3pf79lgm14awd3kb8738m-nsncd-1.5.2' from 'https://cache.nixos.org'...
copying path '/nix/store/p0i4s7hv5kcj20769byb7pkb8v78mn19-nspr-4.40' from 'https://cache.nixos.org'...
copying path '/nix/store/aqylzgac6qslcsdmfs917ajlmg765da3-nss-3.112.5-man' from 'https://cache.nixos.org'...
copying path '/nix/store/glfrj1lg16mcgyhn5pjyng197idbr72z-nss-cacert-3.126' from 'https://cache.nixos.org'...
copying path '/nix/store/4rwh3g5vsgavgrd6p9658ylfzq3hqfab-dash-0.5.13.5' from 'https://cache.nixos.org'...
copying path '/nix/store/6nf45s5zbvz14sjifq5jvfnmw747qzsy-nftables-1.1.6' from 'https://cache.nixos.org'...
copying path '/nix/store/y8a7c5xkp8p5j6n0lwqavksinkdam39w-num-conv-0.2.0' from 'https://cache.nixos.org'...
copying path '/nix/store/8nxzhybml4ikpb6n9lv305kqzy8pnmsp-gnupg-2.4.9' from 'https://cache.nixos.org'...
copying path '/nix/store/j765ikax8c3ifc3y6bac8r9wcpfn2n1z-nspr-4.40-dev' from 'https://cache.nixos.org'...
copying path '/nix/store/zj5k31v5ihy257myc7y6q07szsz15i35-nix-2.34.8-doc' from 'https://cache.nixos.org'...
copying path '/nix/store/624qdp5cnbjqabm031zqpdfkzqk4lvd2-num-traits-0.2.19' from 'https://cache.nixos.org'...
copying path '/nix/store/s8g1cy79c0rmzvxrj8qqslbzk31jh3a6-numactl-2.0.18' from 'https://cache.nixos.org'...
copying path '/nix/store/652xvbndqcsairsk35rwfp40halx9p4i-nuspell-5.1.7-lib' from 'https://cache.nixos.org'...
copying path '/nix/store/wlp8yaqwrdm8vv70l1ky1c8bas2dhnqb-libressl-4.3.2' from 'https://cache.nixos.org'...
copying path '/nix/store/56cnr2z8qa591rzmfydzb6pc6xjpvm7l-nvidia-open-595.91.07-7.2' from 'https://cache.nixos.org'...
copying path '/nix/store/lvhh9h9kxidhy2il93rhbw94rmgzqhr0-ocaml-5.4.1' from 'https://cache.nixos.org'...
copying path '/nix/store/nqbacv9hrv1arjbk6h1j7pi27ya98gaq-ocean-sound-theme-6.7.4' from 'https://cache.nixos.org'...
copying path '/nix/store/3h9gdk910cwj8c1r8290nrx37pbxwpqs-ocl-icd-2.3.5' from 'https://cache.nixos.org'...
copying path '/nix/store/4d174sx70r1fl6ppanlppxrvwzm1qwbf-once_cell-1.21.3' from 'https://cache.nixos.org'...
copying path '/nix/store/pkkdpkl24l6k75lwg3w6j2651xmj3ajm-lttng-ust-2.15.1' from 'https://cache.nixos.org'...
copying path '/nix/store/xgmj02jbpvzr1g7hg6c2mygdr9m6f94z-once_cell_polyfill-1.70.2' from 'https://cache.nixos.org'...
copying path '/nix/store/c1rsabq7zx9lj2lc4nf4yw44lpix7nf5-onetbb-2022.3.0' from 'https://cache.nixos.org'...
copying path '/nix/store/0v7nad1c5ksamzr1rqkvi6dfks7i4pcm-oniguruma-6.9.10-lib' from 'https://cache.nixos.org'...
copying path '/nix/store/l0jvnvs15ppm96mk6x5vcx3kgcqymy7h-clinfo-3.0.25.02.14' from 'https://cache.nixos.org'...
copying path '/nix/store/8pfihhjck7mallafzm0gsdwlbm5ljm8y-openapv-0.2.1.3' from 'https://cache.nixos.org'...
copying path '/nix/store/jk2209460ab5a2w1kqq2sja2lmq7rn8g-openblas-0.3.33' from 'https://cache.nixos.org'...
copying path '/nix/store/913bq8nssidn37ck9130qpwc04f1pdxj-embree-4.4.1' from 'https://cache.nixos.org'...
copying path '/nix/store/23bbxkqkrzf9q06kxc7s86nsplycgsk4-libblake3-1.8.6' from 'https://cache.nixos.org'...
copying path '/nix/store/gvqq470zhp6xavfxswqdzsbwjxyna3zv-libressl-4.3.2-nc' from 'https://cache.nixos.org'...
copying path '/nix/store/v85h3z3x86zj5ghyfvv0g344p1iqp36w-opencore-amr-0.1.6' from 'https://cache.nixos.org'...
copying path '/nix/store/d91mwgs15hv4ajza7jn6axyiwa07ga7m-jq-1.8.2' from 'https://cache.nixos.org'...
copying path '/nix/store/1a0820a74i5rhcfsapgw0vhlap167lj5-openexr-3.4.13' from 'https://cache.nixos.org'...
copying path '/nix/store/x2jlysx33abvqs92phjwr9501n2cmk8p-openfec-1.4.2.12' from 'https://cache.nixos.org'...
copying path '/nix/store/jsm5sb11r9qldvylskap5g8445fcfwwk-openh264-2.6.0' from 'https://cache.nixos.org'...
copying path '/nix/store/gz6c2i5x5b1lmdy71d4h3i8kd7nwnnl7-openresolv-3.17.4' from 'https://cache.nixos.org'...
copying path '/nix/store/s9a3xnwfliryd5qsk8kicsz3d6xpny60-openssh-10.5p1-man' from 'https://cache.nixos.org'...
copying path '/nix/store/xvd6920kffyyshg7mbw5wvfk6lg9wfkl-jq-1.8.2-bin' from 'https://cache.nixos.org'...
copying path '/nix/store/hg41dqig0qxm7shyi0a0xkw29a14i3js-openssl-3.6.3' from 'https://cache.nixos.org'...
copying path '/nix/store/rq80dvfwbirxwzbfg8mw30fzaj0sq1vn-openssl-3.6.3' from 'https://cache.nixos.org'...
copying path '/nix/store/7ax2mr4fszclbz94ky41ia2n5r6q94jn-openssl-3.6.3-man' from 'https://cache.nixos.org'...
copying path '/nix/store/11d0cxyi0zvwywi7qxs3yw5f3l9iz6cv-openssl-probe-0.2.1' from 'https://cache.nixos.org'...
copying path '/nix/store/qavm4f7d2wm4s9v1ck90n200y20x95fm-jq-1.8.2-dev' from 'https://cache.nixos.org'...
copying path '/nix/store/6v3dv0l1iy5i7x3ggdaxssayl1qn3vrs-openexr-3.4.13-bin' from 'https://cache.nixos.org'...
copying path '/nix/store/pln8qp46iyfds87m946rs68ws9dirnah-openvr-2.15.6' from 'https://cache.nixos.org'...
copying path '/nix/store/8zxg6r5d2jw2x6vvhaw5xryvl74sa8aa-orc-0.4.42' from 'https://cache.nixos.org'...
copying path '/nix/store/6n95xz8fz5lb4w49flijdkfwfdglid62-openexr-3.4.13-dev' from 'https://cache.nixos.org'...
copying path '/nix/store/n2n6awmdj808jk0h1g1akph2m0f3501f-owo-colors-4.2.3' from 'https://cache.nixos.org'...
copying path '/nix/store/rcs4vhr8h0jiavr1gbwy9z26lwzs3aix-oxygen-icons-6.29.0' from 'https://cache.nixos.org'...
copying path '/nix/store/1lwwd1dmjm3yn1ihwfhbwdcflwbni4rc-oxygen-sounds-6.7.4' from 'https://cache.nixos.org'...
copying path '/nix/store/s03pwvivxwjqbk3iflyhqyv4ryhfj374-p11-kit-0.26.2' from 'https://cache.nixos.org'...
copying path '/nix/store/vshg0hgayllcsji01mz6y34sh9y41rf9-aws-c-cal-0.9.2' from 'https://cache.nixos.org'...
copying path '/nix/store/c03462if6limcsc230aywlv2qcxnw13c-coreutils-full-9.11' from 'https://cache.nixos.org'...
copying path '/nix/store/adhjdycq6m1n6ljzm9ifp843y2my6zd8-krb5-1.22.2-lib' from 'https://cache.nixos.org'...
copying path '/nix/store/c3vh4x5xyvngqdxzscxnkh75ainlm20r-krb5-1.22.2-lib' from 'https://cache.nixos.org'...
copying path '/nix/store/78zml8gng1iync1rjp0lg306p2ng032i-ldns-1.9.2' from 'https://cache.nixos.org'...
copying path '/nix/store/rc00xbb14q50v34fc8vf3jlip6ar0dk8-libetebase-0.5.8' from 'https://cache.nixos.org'...
copying path '/nix/store/n7852h8s2rl93ky1p1b7glg9299rwjyy-libnvme-1.16.1' from 'https://cache.nixos.org'...
copying path '/nix/store/scjpx9gmjl0pzkgivgs7p3hdg5b9yw67-cyrus-sasl-2.1.28' from 'https://cache.nixos.org'...
copying path '/nix/store/y369289m6612gqnj52na0w3lkxzspml6-krb5-1.22.2' from 'https://cache.nixos.org'...
copying path '/nix/store/0yn2z4sn1mfiy6hfsd1v0l6nz5sl8vca-krb5-1.22.2' from 'https://cache.nixos.org'...
copying path '/nix/store/97nvsy96l19xd30vasayd6yja1i2r6vj-libsrtp-2.8.0' from 'https://cache.nixos.org'...
copying path '/nix/store/88h0ysv35wypdawf6qxyjxqn6mdl9v1k-libtirpc-1.3.7' from 'https://cache.nixos.org'...
copying path '/nix/store/9kg53rdi54r7krlk9iwz6hplh75ppq5i-libtpms-0.10.2-unstable-2026-05-06' from 'https://cache.nixos.org'...
copying path '/nix/store/vi30qsxi49vxw37ax0zd0mvsllmsiawp-krb5-1.22.2-dev' from 'https://cache.nixos.org'...
copying path '/nix/store/jprmcs0a4d6nnnlkjpgskywdircczzhp-live555-2026.01.12' from 'https://cache.nixos.org'...
copying path '/nix/store/whwwhcl6nixf5vixjwxsrn7fgrs40lvh-nghttp2-1.70.0' from 'https://cache.nixos.org'...
copying path '/nix/store/5lia70hi0mmifs8ks7xbgzmh9wbcp800-krb5-1.22.2-dev' from 'https://cache.nixos.org'...
copying path '/nix/store/8vqfy9aqxcb5akhpcqdm2iv4q6wx2rih-ngtcp2-1.23.0' from 'https://cache.nixos.org'...
copying path '/nix/store/gmj42fvbymgbhywp68g24xyfjfdshadd-openldap-2.6.13' from 'https://cache.nixos.org'...
copying path '/nix/store/pr135hsacjvsl79c2w8zyjyzp9p5kwwn-libtirpc-1.3.7-dev' from 'https://cache.nixos.org'...
copying path '/nix/store/barj2i8nls3sjiq8k5717qcqvwgv05p9-libtpms-0.10.2-unstable-2026-05-06-dev' from 'https://cache.nixos.org'...
copying path '/nix/store/437ip8pbzxn51bs3vq2sd8hjxp90765i-openssl-3.6.3-bin' from 'https://cache.nixos.org'...
copying path '/nix/store/w0x2fby57fx935p2d83wlx5sw73y6qyd-ngtcp2-1.23.0-dev' from 'https://cache.nixos.org'...
copying path '/nix/store/63b5kdhvzs4sq7xgg8bikkvdv3kf7c7p-openssl-3.6.3-bin' from 'https://cache.nixos.org'...
copying path '/nix/store/cmv7zfh6vi5arjr86pnd81g6bbq63qwf-opusfile-0.12' from 'https://cache.nixos.org'...
copying path '/nix/store/13av26aw2dvxngh031pyj2b3hd609bq8-nghttp2-1.70.0-dev' from 'https://cache.nixos.org'...
copying path '/nix/store/hpx692rg0pbjv3inf1gcp1nxjlsbwnij-p11-kit-0.26.2-bin' from 'https://cache.nixos.org'...
copying path '/nix/store/3vl9c13b1s5mgrslxz7nzvzgw4nijxda-p7zip-17.06-doc' from 'https://cache.nixos.org'...
copying path '/nix/store/g3bcbl53jlgnd5aizrsbiqjnshsnp927-openssl-3.6.3-dev' from 'https://cache.nixos.org'...
copying path '/nix/store/5c7jny0rrz7pwa41knan0ymzfrh571wc-p7zip-17.06-lib' from 'https://cache.nixos.org'...
copying path '/nix/store/3zlj0508348qn8y0f45y7f7954amigpp-openssl-3.6.3-dev' from 'https://cache.nixos.org'...
copying path '/nix/store/0qp8hgx58kcbiam35i352fh6xapwmfrx-p7zip-17.06-man' from 'https://cache.nixos.org'...
copying path '/nix/store/72yjfi2hbkvb2gjqhclxmsi50i13js8y-parking_lot-0.12.5' from 'https://cache.nixos.org'...
copying path '/nix/store/apkq5lwmlrrvsbw31fs12yk0qwi49j0v-parking_lot_core-0.9.12' from 'https://cache.nixos.org'...
copying path '/nix/store/1rcr9yyj9qlgm3dyin1j37xl7q84h15i-patch-2.8' from 'https://cache.nixos.org'...
copying path '/nix/store/fpig164lz7fcipbndn61sfd2y2yq363n-patchelf-0.15.2' from 'https://cache.nixos.org'...
copying path '/nix/store/6lbg97gl1fg8fjmr8qip4724kbs0n3r8-patchelf-0.18.0-unstable-2025-08-13' from 'https://cache.nixos.org'...
copying path '/nix/store/bw8sgx2v5ildk3lxwyv4sl5s6v5cj0vk-pciutils-3.15.0-man' from 'https://cache.nixos.org'...
copying path '/nix/store/cj9443b6ljpw3pzxa3x3ck7vrig9kkc0-pcre2-10.47' from 'https://cache.nixos.org'...
copying path '/nix/store/gqr3pk0kzp0f61nv793qrkh9h4075cz9-pcsclite-2.4.1-lib' from 'https://cache.nixos.org'...
copying path '/nix/store/7488i3v1p0agwa29laavd84a8fdjp4kh-percent-encoding-2.3.2' from 'https://cache.nixos.org'...
copying path '/nix/store/30wm6x7klgpd760m9zspiyafv9pb4jz3-getRunpathEntries' from 'https://cache.nixos.org'...
copying path '/nix/store/cmscd1wmn7al08ajf7njhgkg64hc0p2l-perl-5.42.3-man' from 'https://cache.nixos.org'...
copying path '/nix/store/q33cx95a8y7lb1zaf4pr8xmx5vqm7gi9-perl-5.42.3-man' from 'https://cache.nixos.org'...
copying path '/nix/store/jbsi484cyh9bw3lnmwl7p5jjc5k3zxb6-perl5.42.3-Capture-Tiny-0.48' from 'https://cache.nixos.org'...
copying path '/nix/store/lnswvzq5nwhrmasi7fwjq4s1d9vnigvf-perl5.42.3-Clone-0.46' from 'https://cache.nixos.org'...
copying path '/nix/store/ppa7fq05dyfr03i91p132138fxshz1d1-perl5.42.3-Compress-Raw-Bzip2-2.218' from 'https://cache.nixos.org'...
copying path '/nix/store/rz1g7ja1gib2fjq67i4c9hq1kwdfibba-editorconfig-core-c-0.12.11' from 'https://cache.nixos.org'...
copying path '/nix/store/yhr4ps9rdmb55pgqaq246vlh7xfac1dx-gnugrep-3.12' from 'https://cache.nixos.org'...
copying path '/nix/store/3xl4q1xflrvj343j8j0qfx5vkywmlsbs-less-704' from 'https://cache.nixos.org'...
copying path '/nix/store/rnyghv05smc4yqgw901qbb4l03szn4y0-libbytesize-2.12' from 'https://cache.nixos.org'...
copying path '/nix/store/88rpjhka2v8d01frjnsl6chvlv9lnvjc-libselinux-3.10' from 'https://cache.nixos.org'...
copying path '/nix/store/5bsn066hs0wqx7iz8y0fixdqbmnhp3dr-libgcrypt-1.12.2-dev' from 'https://cache.nixos.org'...
copying path '/nix/store/h8q77c4dh67jj4b4qgdy3kv0m7i18rbn-pcre2-10.47-bin' from 'https://cache.nixos.org'...
copying path '/nix/store/77pciwdgap4g3cdg1qj5qbdsr1jn7wiv-perl5.42.3-Crypt-URandom-0.55' from 'https://cache.nixos.org'...
copying path '/nix/store/86sq2yg2vxbc3z13mjg2z5rid5jqqqai-perl5.42.3-Digest-HMAC-1.05' from 'https://cache.nixos.org'...
copying path '/nix/store/iv6nna0d1kn1lfad6i4wrn8ndz2aazhl-p7zip-17.06' from 'https://cache.nixos.org'...
copying path '/nix/store/g0gm7fvvk2b5qbw7sfb15rx4fw6wr1bb-perl5.42.3-Encode-Locale-1.05' from 'https://cache.nixos.org'...
copying path '/nix/store/v24sx9l1jmvvia3z8iznrd7jwhvc8kcf-bubblewrap-0.11.2' from 'https://cache.nixos.org'...
copying path '/nix/store/k2k5wmgnd29krggr02w167fja993ga9f-libselinux-3.10-bin' from 'https://cache.nixos.org'...
copying path '/nix/store/yd2pkdgxw7vkgj0r1r4rnmb5mbax0ba2-pcre2-10.47-dev' from 'https://cache.nixos.org'...
copying path '/nix/store/1ply6wblx3wxp7mpc9wkcw9mgkhfpczp-perl5.42.3-Authen-SASL-2.1900' from 'https://cache.nixos.org'...
copying path '/nix/store/gc8y38d8lw6karz0sqkh9dnzpdv5ipnw-perl5.42.3-ExtUtils-Config-0.010' from 'https://cache.nixos.org'...
copying path '/nix/store/rcd8yc7asqm52ck4skh98xi8g7vl100a-perl5.42.3-ExtUtils-Helpers-0.028' from 'https://cache.nixos.org'...
copying path '/nix/store/2yzli21hj4lljz5sd4gzngqvhyqvgrap-perl5.42.3-FCGI-0.82' from 'https://cache.nixos.org'...
copying path '/nix/store/8zsjfwdl9qzl97vk65j0klb6lvpl2xzi-libselinux-3.10-dev' from 'https://cache.nixos.org'...
copying path '/nix/store/bcwm27vbjah0zad6hg4rxkwzp24ljjd9-perl5.42.3-FCGI-ProcManager-0.28' from 'https://cache.nixos.org'...
copying path '/nix/store/82549560697aymm88dqai47kwlaq2anl-perl5.42.3-File-Slurp-9999.32' from 'https://cache.nixos.org'...
copying path '/nix/store/f36jf53n38sw9cghksibjpw5lfajsszf-perl5.42.3-HTML-TagCloud-0.38' from 'https://cache.nixos.org'...
copying path '/nix/store/n0mck0di68557paxw09rfap9qm55x2lj-perl5.42.3-ExtUtils-InstallPaths-0.012' from 'https://cache.nixos.org'...
copying path '/nix/store/7nff37k28y07vb6na882m7m3zqmdvjrm-perl5.42.3-HTML-Tagset-3.20' from 'https://cache.nixos.org'...
copying path '/nix/store/k3sxpp68s007pmv7hxd26hmvb4135qa4-perl5.42.3-IO-HTML-1.004' from 'https://cache.nixos.org'...
copying path '/nix/store/qfbd8svznmg4n2fy43qll6chydkb7li2-perl5.42.3-IO-Stringy-2.113' from 'https://cache.nixos.org'...
copying path '/nix/store/3qdj3km5a2bpgw6hicgf1fawqw6mrg39-perl5.42.3-IO-Tty-1.20' from 'https://cache.nixos.org'...
copying path '/nix/store/4s9rwx9yfmb0s1pgicygvcjx0kkwlnv1-perl5.42.3-IPC-System-Simple-1.30' from 'https://cache.nixos.org'...
copying path '/nix/store/42rk5m02rilylcgs7391b5q70spfn4sb-perl5.42.3-JSON-4.10' from 'https://cache.nixos.org'...
copying path '/nix/store/qfn72h6ww0ng39azh729b3rgcnm324q3-perl5.42.3-LWP-MediaTypes-6.04' from 'https://cache.nixos.org'...
copying path '/nix/store/fp4jjqn2avf4w4pdm8vwvqhgf6mazvwg-perl5.42.3-Mock-Config-0.03' from 'https://cache.nixos.org'...
copying path '/nix/store/n2dlbc7lfbj8xhrhwkh9wz3nx62cyhjf-perl5.42.3-Mozilla-CA-20230821' from 'https://cache.nixos.org'...
copying path '/nix/store/cd3imgz9kvycxw5dhl6rfj84l9dqh9jh-perl5.42.3-Module-Build-Tiny-0.047' from 'https://cache.nixos.org'...
copying path '/nix/store/2cdj3akxkhgd9wqvl49hm7fylf868ygp-perl5.42.3-Net-SSLeay-1.92' from 'https://cache.nixos.org'...
copying path '/nix/store/hn7cqkkxn90cpfah8v37k0cskiyhmckm-perl5.42.3-Params-Util-1.102' from 'https://cache.nixos.org'...
copying path '/nix/store/059mnwni15wwg30x9dcskh2zd4mz72p0-perl5.42.3-Config-IniFiles-3.002000' from 'https://cache.nixos.org'...
copying path '/nix/store/hqh5lyw2cmqg83ald8lvd8lgcvy8ckaz-perl5.42.3-IPC-Run-20231003.0' from 'https://cache.nixos.org'...
copying path '/nix/store/qcrrs9srpp1ir2fp0cq1fqrksy0fmkzp-perl5.42.3-File-BaseDir-0.09' from 'https://cache.nixos.org'...
copying path '/nix/store/zcb97zxqfxw3s1gg36aa7iz8mnwcrvah-perl5.42.3-TermReadKey-2.38' from 'https://cache.nixos.org'...
copying path '/nix/store/d2zxjn9a88ss3jnzv7vwxdp2zb2b82v6-perl5.42.3-Test-Deep-1.204' from 'https://cache.nixos.org'...
copying path '/nix/store/2qivpg2wqb0hq66avhahnwzxq8x62ndz-perl5.42.3-Test-Needs-0.002010' from 'https://cache.nixos.org'...
copying path '/nix/store/vy2mn62ya8gi0jy3z97yplhfrqkz4rcp-perl5.42.3-Test-Pod-1.52' from 'https://cache.nixos.org'...
copying path '/nix/store/7cdxkzaj6awqyidwi8a47cbmphjjybx3-perl5.42.3-Module-Manifest-1.09' from 'https://cache.nixos.org'...
copying path '/nix/store/f44ndv2bmg6n91rclrg13nl8k12h3y7l-perl5.42.3-IO-Socket-SSL-2.083' from 'https://cache.nixos.org'...
copying path '/nix/store/8rj53gly7jrkxracsdy57f0fw26j41p8-perl5.42.3-Test-RequiresInternet-0.05' from 'https://cache.nixos.org'...
copying path '/nix/store/4fhvppra30rv6z5yf8hflxjargsfwhm8-perl5.42.3-Time-Duration-1.21' from 'https://cache.nixos.org'...
copying path '/nix/store/4g3w7hm3737wzmb16q9xkw7wyzzzm2bb-perl5.42.3-TimeDate-2.33' from 'https://cache.nixos.org'...
copying path '/nix/store/p4zsb1lwbix11zlwk2v39s6y2mannfjh-perl5.42.3-TimeDate-2.33' from 'https://cache.nixos.org'...
copying path '/nix/store/gnl6xb8l2nxf477ahnkjk2d7j643mkc3-perl5.42.3-Try-Tiny-0.31' from 'https://cache.nixos.org'...
copying path '/nix/store/p1dm5ab2d55hgjdh6rjlvabd282gmhq5-perl5.42.3-URI-5.21' from 'https://cache.nixos.org'...
copying path '/nix/store/xzia5ibjc65l1sm78p4wmdbfzpq78h7w-perl5.42.3-libnet-3.15' from 'https://cache.nixos.org'...
copying path '/nix/store/mhblvqfz1qnisz1896k5iamlmmpc2ia5-pin-project-lite-0.2.16' from 'https://cache.nixos.org'...
copying path '/nix/store/3shc9m8yd9nri3rvy0v4qz10w71a23p0-pin-utils-0.1.0' from 'https://cache.nixos.org'...
copying path '/nix/store/qn6kzmzakvfq0r4yb509rpl2iv9ilqy6-perl5.42.3-Test-DistManifest-1.014' from 'https://cache.nixos.org'...
copying path '/nix/store/qh4cnnbj0pgxwk06igp0kj3hvi7wah74-perl5.42.3-Net-SMTP-SSL-1.04' from 'https://cache.nixos.org'...
copying path '/nix/store/pi2f5k2hysz92bsx7rrl4xps60a4scaf-pipewire-1.6.8-man' from 'https://cache.nixos.org'...
copying path '/nix/store/8kmh5aaiadz1vfv1nal7vf3x41b2l92j-pixman-0.46.4' from 'https://cache.nixos.org'...
copying path '/nix/store/4nq83n0fhihwmz04wip502j8f5jdi9cg-pkg-config-0.29.2' from 'https://cache.nixos.org'...
copying path '/nix/store/pic7zbwvxdzb925d34n4ghz6lv6vnp4q-perl5.42.3-HTTP-Date-6.08' from 'https://cache.nixos.org'...
copying path '/nix/store/v7znrw5rg93zqch5j6nh7dx30z6zyy5m-perl5.42.3-Test-Fatal-0.017' from 'https://cache.nixos.org'...
copying path '/nix/store/mz3ffpscgszc8lvh3nxmhcrsg8kvgd2y-pkg-config-0.3.32' from 'https://cache.nixos.org'...
copying path '/nix/store/wn3v7ddslm23djnyhvkjc97s6q9f1zg1-perl5.42.3-File-DesktopEntry-0.22' from 'https://cache.nixos.org'...
copying path '/nix/store/xp4jgrxvkix0691dk9fvr8wrmyxglszb-perl5.42.3-Net-HTTP-6.23' from 'https://cache.nixos.org'...
copying path '/nix/store/qc6a072fp2449ghpnvzb4l5nszksgpzq-perl5.42.3-WWW-RobotRules-6.02' from 'https://cache.nixos.org'...
copying path '/nix/store/b8a7kihqf82is0nk7kh7xgzzya4jmfnd-plasma-wayland-protocols-1.21.0' from 'https://cache.nixos.org'...
copying path '/nix/store/w7y338y0n80mhrhd45n417vd78wh2l5f-plasma-workspace-wallpapers-6.7.4' from 'https://cache.nixos.org'...
copying path '/nix/store/p0v1izx54h2whi8ndawriibw85bl6mqk-plutovg-1.3.3' from 'https://cache.nixos.org'...
copying path '/nix/store/6qxlifmwp0gqw6mrk4ykz22k1xnm6sji-perl5.42.3-File-Listing-6.16' from 'https://cache.nixos.org'...
copying path '/nix/store/kyw5fzn5l730z5kkfyi4rivdcx9yycwq-perl5.42.3-HTTP-CookieJar-0.014' from 'https://cache.nixos.org'...
copying path '/nix/store/7fx93fz9c809w8yjxb0934zw6xcjis58-pkg-config-wrapper-0.29.2' from 'https://cache.nixos.org'...
copying path '/nix/store/a0v8w4cch9d58hdcm6l97510z8h27kas-plymouth-initrd-fonts' from 'https://cache.nixos.org'...
copying path '/nix/store/9r4a3c6a5d1brhzwj7a1kqqyk2fv90kx-plymouth-logos' from 'https://cache.nixos.org'...
copying path '/nix/store/z5nayd4wl96g8xqz1kvfyz8niigagymp-poppler-data-0.4.12' from 'https://cache.nixos.org'...
copying path '/nix/store/m4f2mcyhpk58jgkrnmfp37jfd7xxfm3j-popt-1.19' from 'https://cache.nixos.org'...
copying path '/nix/store/24xzb3x1xbp5z28yvfhjj32abjdwm23f-postgresql-17.11-lib' from 'https://cache.nixos.org'...
copying path '/nix/store/5pjyanvidnjn47myvnqjhds0i3cbv12l-postgresql-17.11-man' from 'https://cache.nixos.org'...
copying path '/nix/store/ja98an20vn27wc52342xvy4rbkmlrz8q-plutosvg-0.0.8' from 'https://cache.nixos.org'...
copying path '/nix/store/a25m5yg9sdn8im7ibggc3fi073lkl7pr-potential_utf-0.1.4' from 'https://cache.nixos.org'...
copying path '/nix/store/yd70jb0j3vlbrm9z57a6jb3d969jyv17-powerEvent.sh' from 'https://cache.nixos.org'...
copying path '/nix/store/c8d4dwqiqsn6k2i1s23bakhgmzd9xjhr-powerfmt-0.2.0' from 'https://cache.nixos.org'...
copying path '/nix/store/00lndwgy96b9s6nv6rfhhshmgkdj84f7-powerline-fonts-unstable-2018-11-11' from 'https://cache.nixos.org'...
copying path '/nix/store/4ad2iiffbcms43vsmjvika8q8lkbh968-ppv-lite86-0.2.21' from 'https://cache.nixos.org'...
copying path '/nix/store/b161qp0hjlv1v57bxpbf73f5pcmsbq1n-pre-switch-checks' from 'https://cache.nixos.org'...
copying path '/nix/store/ss7vg1q8l3cr3ng5d3ak45idn30mqmvr-efibootmgr-18' from 'https://cache.nixos.org'...
copying path '/nix/store/hkcjm57hxc6fhcpz8jrjfg65lskq0r6l-libdv-1.0.0' from 'https://cache.nixos.org'...
copying path '/nix/store/c09786v8w50dhg1i0vjyhf8bf5fy56a3-logrotate-3.22.0' from 'https://cache.nixos.org'...
copying path '/nix/store/hlirmsvrxq9ndbimlc4c243mnjvxki3k-picotts-0-unstable-2021-05-06' from 'https://cache.nixos.org'...
copying path '/nix/store/v49mjad32lrsghqryzbs3xl2p264dvrg-acpi-events' from 'https://cache.nixos.org'...
copying path '/nix/store/ldkin3j3md05i1x3c9cgkcz5bainrxz1-prettyplease-0.2.37' from 'https://cache.nixos.org'...
copying path '/nix/store/jzdhzzgxijc162539wdq962xma62c1h8-proc-macro2-1.0.106' from 'https://cache.nixos.org'...
copying path '/nix/store/v2qab7hmcj4nf2lw32s1jrmrrwbf53xq-procps-4.0.7-doc' from 'https://cache.nixos.org'...
copying path '/nix/store/w83ar3vxpm8i93r0ggcmbgp45km9mlm9-procps-4.0.7-man' from 'https://cache.nixos.org'...
copying path '/nix/store/76040w2af6xbwpfpqaskc5708ws85grl-protobuf-c-1.5.2-lib' from 'https://cache.nixos.org'...
copying path '/nix/store/mip1z3dd55khnbda7kzlpblf8rnwhvz0-publicsuffix-list-0-unstable-2026-08-14' from 'https://cache.nixos.org'...
copying path '/nix/store/r9agcp0d8ngzrrjf7pyampq0y0sipjxc-publicsuffix-list-0-unstable-2026-08-14' from 'https://cache.nixos.org'...
copying path '/nix/store/cpcrmmh7zr40zz45v8rjm42j4rpsd51a-mjpegtools-2.2.1-lib' from 'https://cache.nixos.org'...
copying path '/nix/store/q0phc7z3m3isy8bgncrihv3dvb3pllmy-pv-1.11.0' from 'https://cache.nixos.org'...
copying path '/nix/store/xrjri5la65wfxfv2xqx7inqkib54z04h-pystring-1.1.4-unstable-2025-10-07' from 'https://cache.nixos.org'...
copying path '/nix/store/p04gf95fgs0aawhxsj5cd20x28hi0iym-python3-minimal-3.14.7' from 'https://cache.nixos.org'...
copying path '/nix/store/c6lcjhvgz0cg6w2xxki1gvdz2lsf4i8s-qrencode-4.1.1' from 'https://cache.nixos.org'...
copying path '/nix/store/rf9gljilqvl2wyrpfjfpqd1lhp0l9nhl-qtlanguageserver-6.11.2' from 'https://cache.nixos.org'...
copying path '/nix/store/9gw5588qsr45kg2ssl81bywgpss712dn-bind-9.20.26-lib' from 'https://cache.nixos.org'...
copying path '/nix/store/1pq0ayvpfsggk5zg9689f1hsqi7dk08w-qttranslations-5.15.19' from 'https://cache.nixos.org'...
copying path '/nix/store/ks6ni13a1bnfi1bdj03nqvrhr842ww86-libpsl-0.21.5' from 'https://cache.nixos.org'...
copying path '/nix/store/446lqn2f26nqpax60r8izqbvyiai6hrw-qttranslations-6.11.2' from 'https://cache.nixos.org'...
copying path '/nix/store/zla3jir1nbmli67xnirpz3yis21r2dil-quinn-0.11.9' from 'https://cache.nixos.org'...
copying path '/nix/store/0m4mcd4zwspyvvf3kma147r9wpzp41bk-quinn-proto-0.11.13' from 'https://cache.nixos.org'...
copying path '/nix/store/5w7g3rp0dsm84zgijah3h67i6xq41x15-quinn-udp-0.5.14' from 'https://cache.nixos.org'...
copying path '/nix/store/8p1hwqw8hxmk22gj8h2cnkn2y794yhmz-quote-1.0.44' from 'https://cache.nixos.org'...
copying path '/nix/store/68wwfxabqc3z9ifrb44jxbkdlixm3n2n-libpsl-0.21.5-dev' from 'https://cache.nixos.org'...
copying path '/nix/store/kwfsxaavgbhk2ggfljql2nc3c4pg5m83-r-efi-5.3.0' from 'https://cache.nixos.org'...
copying path '/nix/store/lvpf57yjpvirxn0d3w2hi497y6hhpvdq-rand-0.8.5' from 'https://cache.nixos.org'...
copying path '/nix/store/d7wbr9fs7jv7k6dsxbdz2z822s0fan7m-rand-0.9.2' from 'https://cache.nixos.org'...
copying path '/nix/store/dqzyfdgaa6724hb48hgdp72bhya6fgh2-rand_chacha-0.3.1' from 'https://cache.nixos.org'...
copying path '/nix/store/hz0qd0vjpgah0ma4vvl0dw1519qdk0r9-bind-9.20.26-host' from 'https://cache.nixos.org'...
copying path '/nix/store/wvjjwj42bjb12p8l1w3awagp8cgakpbj-rand_chacha-0.9.0' from 'https://cache.nixos.org'...
copying path '/nix/store/zd4m6rgyrrpbdfcff5r0h3vnz9k0iqjy-rand_core-0.6.4' from 'https://cache.nixos.org'...
copying path '/nix/store/mssghkdazyinkj83bb0c0z3mdwx19awq-rand_core-0.9.5' from 'https://cache.nixos.org'...
copying path '/nix/store/xws1nwn562pwwhqfb1imdmj8nqmqsc9b-rand_distr-0.4.3' from 'https://cache.nixos.org'...
copying path '/nix/store/wpv8903igiv9v2d5d4a5zm75z0q76ks5-rayon-1.11.0' from 'https://cache.nixos.org'...
copying path '/nix/store/bd9lm8aw5ng5lffg9mxvnssql88iq9sq-rayon-core-1.13.0' from 'https://cache.nixos.org'...
copying path '/nix/store/c6mgy63s5y1353152dp2s2jaig026j3h-readline-8.3p3' from 'https://cache.nixos.org'...
copying path '/nix/store/x53sdkdd1f5agxfx3qpi9ydfwsfz7rhs-redox_syscall-0.5.18' from 'https://cache.nixos.org'...
copying path '/nix/store/gyx75zg952ggbhb5hvp3bwnhvn743fg6-regex-1.12.3' from 'https://cache.nixos.org'...
copying path '/nix/store/pbkahf66rlm0xl5asgxw4h3id8yya4rp-regex-automata-0.4.14' from 'https://cache.nixos.org'...
copying path '/nix/store/0hgk15s4pbx7mfwds429y0swrszzawgf-regex-syntax-0.8.9' from 'https://cache.nixos.org'...
copying path '/nix/store/s4w8p9d5p7w5xgql4j38zl9fc3wsqln2-removeStubsFromRunpathHook' from 'https://cache.nixos.org'...
copying path '/nix/store/cyf43xn0xax25vn06zkpppq70gvh64hv-rhash-1.4.6' from 'https://cache.nixos.org'...
copying path '/nix/store/d4zqqj1q21wjvv1apq1gl4cm068lca20-ring-0.17.14' from 'https://cache.nixos.org'...
copying path '/nix/store/zc6fy62c341aibk36p4ywff7rf9wn4wx-ripgrep-15.2.0' from 'https://cache.nixos.org'...
copying path '/nix/store/vs4mzsq46a07yzdgbxah02zw0hc4kzgw-rnnoise-0.2' from 'https://cache.nixos.org'...
copying path '/nix/store/68k8b64zc1zfdwyf1lwkrqd6wkz9s86d-rt5677-firmware-4.16-10-zstd' from 'https://cache.nixos.org'...
copying path '/nix/store/7a60q5dgnv6z96c279rc1nalyiw4mgqn-bash-interactive-5.3p15' from 'https://cache.nixos.org'...
copying path '/nix/store/ipycwpgr9lqjvcsjvyi6a02l9520mrjz-bash-interactive-5.3p15' from 'https://cache.nixos.org'...
copying path '/nix/store/qk1mqw6y530z97jxmrjw7342d59i5l5p-bc-1.08.2' from 'https://cache.nixos.org'...
copying path '/nix/store/6kl12gd6jhfkqxliswysw0p1rlbmygrm-lua-5.1.5' from 'https://cache.nixos.org'...
copying path '/nix/store/lw9f3zbjp6v6nf7h6y2bwk3psyfsmgpr-lua-5.2.4' from 'https://cache.nixos.org'...
copying path '/nix/store/haz6abmiclbh3azv6pgf5siapvy0hwpp-lua-5.4.7' from 'https://cache.nixos.org'...
copying path '/nix/store/0irzy0hrlhqlxq2yg44gv9a21iy8m9b8-rtl8192su-firmware-0-unstable-2016-10-05-zstd' from 'https://cache.nixos.org'...
copying path '/nix/store/kvi03q0ixmy2pzpwh2lxry818mifxpkk-rtl8761b-firmware-rtk1395-zstd' from 'https://cache.nixos.org'...
copying path '/nix/store/06ywlc958n1vrs0cgn55wbhxw347q83n-ruby3.4-manpages-0.6.1' from 'https://cache.nixos.org'...
copying path '/nix/store/126m5yslxwli3dnmzq8qz41w707670wp-ruby3.4-optimist-3.0.1' from 'https://cache.nixos.org'...
copying path '/nix/store/6622aigzzpl7gagwfa2723477z0p2g68-ruby3.4-paint-2.3.0' from 'https://cache.nixos.org'...
copying path '/nix/store/8dbnfw0p780m3qwfpjb67283446rl53d-rust-stemmers-1.2.0' from 'https://cache.nixos.org'...
copying path '/nix/store/0jic5r91bdk8xa025v99s50r958l4b0f-rustc-hash-1.1.0' from 'https://cache.nixos.org'...
copying path '/nix/store/6nw98gpb1z67ryz1k16z8phvax45hgdx-rustc-hash-2.1.1' from 'https://cache.nixos.org'...
copying path '/nix/store/rfdwnp39kgdrnbx0il3hn370fd57iimb-rustix-1.1.3' from 'https://cache.nixos.org'...
copying path '/nix/store/9g7vx641w6x718d7yx2czhp8z1pv550z-rustls-0.23.36' from 'https://cache.nixos.org'...
copying path '/nix/store/bbdai5a0cs8vf0xrd0vcjw44vww683z3-rustls-native-certs-0.8.3' from 'https://cache.nixos.org'...
copying path '/nix/store/f4dsri74syg56z3lyx9wwrxnhc4f9q6d-rustls-pki-types-1.14.0' from 'https://cache.nixos.org'...
copying path '/nix/store/fpp5xkxwxviw9iwn9fh83fjg0j8xnzhq-nix-info' from 'https://cache.nixos.org'...
copying path '/nix/store/rxqypjcanjp1wsm9qp1mdcngrav16djj-nixos-firewall-tool-26.11' from 'https://cache.nixos.org'...
copying path '/nix/store/nyknziw1zd5yyz1mfpblms9makkaf6an-oh-my-zsh-2026-08-16' from 'https://cache.nixos.org'...
copying path '/nix/store/2xc0pzk9hxl19ziw5q89hqgh3gy57vkr-rustls-platform-verifier-0.6.2' from 'https://cache.nixos.org'...
copying path '/nix/store/wxkayl9hynl8cz3iq8am8waid5zs73m1-rustls-platform-verifier-android-0.1.1' from 'https://cache.nixos.org'...
copying path '/nix/store/z542vdwyb85krfn4x5knwm454lxfl0vc-rustls-webpki-0.103.9' from 'https://cache.nixos.org'...
copying path '/nix/store/qhnp1723gbaj2mx24vax943bzahnzgj3-rustversion-1.0.22' from 'https://cache.nixos.org'...
copying path '/nix/store/s4bidzvxphw5cnc9jmw0n8vp3rrpg981-ryu-1.0.23' from 'https://cache.nixos.org'...
copying path '/nix/store/gkna446367b3di7jdyzbplbcwjf457ca-s2n-tls-1.7.6' from 'https://cache.nixos.org'...
copying path '/nix/store/9hc4lr7psxdj7xqbg6aqhkr8nx7rbp66-same-file-1.0.6' from 'https://cache.nixos.org'...
copying path '/nix/store/a70bhwvbzmg5hfg8gsmn1kw42g24nxc3-sbc-2.2' from 'https://cache.nixos.org'...
copying path '/nix/store/qypg5xr8zl3zh9lq7x4iam284nkxy3rc-schannel-0.1.28' from 'https://cache.nixos.org'...
copying path '/nix/store/i5mhvxnmwa1s7m12b5v6mpfqxcjz510i-schroedinger-1.0.11' from 'https://cache.nixos.org'...
copying path '/nix/store/6ifzyibhpdsijf6m63m8z25j7cmxxw5d-scopeguard-1.2.0' from 'https://cache.nixos.org'...
copying path '/nix/store/hq5wzyk5m1x6rzh7rbj6vhirmqwczpg9-sd-switch-0.6.4' from 'https://cache.nixos.org'...
copying path '/nix/store/pi5p8z36hjg4wjhgizb1h18718aq2zh8-sddm-unwrapped-0.21.0-man' from 'https://cache.nixos.org'...
copying path '/nix/store/blka8fcvnrn1fy8yya80nz7ngl9n14as-aws-c-io-0.27.2' from 'https://cache.nixos.org'...
copying path '/nix/store/5h314snpjq2rlh6y8ms326ii7501riy4-security-framework-sys-2.15.0' from 'https://cache.nixos.org'...
copying path '/nix/store/xwfx6qm2n0q4w74nbadz79ysic3bh9k6-serd-0.32.10' from 'https://cache.nixos.org'...
copying path '/nix/store/crql5d3jx6kw9v77qb5fkga8c5k0czqc-serde-1.0.228' from 'https://cache.nixos.org'...
copying path '/nix/store/r12gzrd0ynvaf4g6md668lq1gg6ik6r1-serde_core-1.0.228' from 'https://cache.nixos.org'...
copying path '/nix/store/aqikhxip445pnwmrgfvj33q4qakxbsvw-serde_derive-1.0.228' from 'https://cache.nixos.org'...
copying path '/nix/store/zz2ggld8676bxf31421py5rb6lynbm0n-serde_json-1.0.149' from 'https://cache.nixos.org'...
copying path '/nix/store/b06mr6kj8aznfhscif17bis325khpw30-sddm-wrapped-man' from 'https://cache.nixos.org'...
copying path '/nix/store/3pi43l7i9rjpywkh66b42pgpm5p86w4i-aws-c-event-stream-0.7.0' from 'https://cache.nixos.org'...
copying path '/nix/store/5g4jp27yyfilz1awm2p88569fsf6q9zr-aws-c-http-0.11.0' from 'https://cache.nixos.org'...
copying path '/nix/store/hgav10pzsajbdnxip6gdm9cikvkfzp0r-serde_spanned-1.0.4' from 'https://cache.nixos.org'...
copying path '/nix/store/ma9wr3rh0rr0plzz5dmh87dxk734n7hk-set-java-classpath-hook' from 'https://cache.nixos.org'...
copying path '/nix/store/nmrah0zi4n7cz584xl1malji1znm40pq-setup-debug-info-dirs-hook' from 'https://cache.nixos.org'...
copying path '/nix/store/abkgpvz5wxld2k940l54xgzls6yhy0g9-shaderc-2026.1-lib' from 'https://cache.nixos.org'...
copying path '/nix/store/5xx77qsc55n42d8ncciq8nrhq958sigb-shadow-4.20.2-man' from 'https://cache.nixos.org'...
copying path '/nix/store/895bshj6vvcqi1risy5am7drrb0mzl09-shlex-1.3.0' from 'https://cache.nixos.org'...
copying path '/nix/store/r5vcl1pky6gk8ds4xcx4n4lgvyxg85cg-signal-hook-registry-1.4.8' from 'https://cache.nixos.org'...
copying path '/nix/store/7kqagn2j45smcmcmgv451wik0sdl9jpi-simde-0.8.2' from 'https://cache.nixos.org'...
copying path '/nix/store/pk17pfbv9kknm5vxiy8lnpcjv2wp148r-simdjson-4.6.5' from 'https://cache.nixos.org'...
copying path '/nix/store/gby78zjw3s852svr5r6dfrzhyf9caxwz-aws-c-auth-0.9.1' from 'https://cache.nixos.org'...
copying path '/nix/store/cq0z09kfnxa7pmqc8wfbs9a1mmimzj25-aws-c-mqtt-0.13.3' from 'https://cache.nixos.org'...
copying path '/nix/store/gr4m16ipyv5b5ilhrg54s12b7pqin75w-simdutf-6.5.0' from 'https://cache.nixos.org'...
copying path '/nix/store/j4qg8flsdxhdnc7a4hdawdkkg16d5li9-simdutf-9.0.0' from 'https://cache.nixos.org'...
copying path '/nix/store/55ib0h9ch3qq7fhh9nr2mfp2bmc3zdk4-sitelen-seli-kiwen-2.2' from 'https://cache.nixos.org'...
copying path '/nix/store/wyr1lvhhq68m5as3xali1n0gdkawhy1r-sketches-ddsketch-0.3.0' from 'https://cache.nixos.org'...
copying path '/nix/store/c2ldxbwqn6zyhpdx5r9mdd80iv0g8863-slab-0.4.12' from 'https://cache.nixos.org'...
copying path '/nix/store/bxavdgf6j9dmgy8bgrifwlybwnls98wg-smallvec-1.15.1' from 'https://cache.nixos.org'...
copying path '/nix/store/01pgqzypar9w93zgcfvyi1yxa50fjbj1-smartmontools-7.5-doc' from 'https://cache.nixos.org'...
copying path '/nix/store/cls1fk80ngzvpq29vjwb3nvifabbim6i-smartmontools-7.5-man' from 'https://cache.nixos.org'...
copying path '/nix/store/053j4saamm52v5mh2ryvkjwgli2z9i4m-snappy-1.2.2' from 'https://cache.nixos.org'...
copying path '/nix/store/f6dly6qra953m1amh64af7rhkypb75hj-aws-c-s3-0.8.7' from 'https://cache.nixos.org'...
copying path '/nix/store/a8hj1bz1gd378sxz4fabmgrl61ad202p-socat-1.8.1.3' from 'https://cache.nixos.org'...
copying path '/nix/store/hlf9l0fl1iviw1w0y0kn4i9ajb7g2a8k-socket2-0.6.2' from 'https://cache.nixos.org'...
copying path '/nix/store/xrpd4ml27864q6vyf2y4175clcb5rad0-sof-firmware-2025.12.2-zstd' from 'https://cache.nixos.org'...
copying path '/nix/store/wjzk6l1vq270vmixby8x96iaylqvsfvr-sonic-unstable-2020-12-27' from 'https://cache.nixos.org'...
copying path '/nix/store/32bpy9v57sy21krs31i5p8f3h7n2zz7y-ada-4.0.0' from 'https://cache.nixos.org'...
copying path '/nix/store/8i0iih8gi24l93clcr51lzgby0h51dvy-sound-theme-freedesktop-0.8' from 'https://cache.nixos.org'...
copying path '/nix/store/yag7pa3vqb03hf5ga2jfv7ib0yzg6ilx-soundtouch-2.4.1' from 'https://cache.nixos.org'...
copying path '/nix/store/22w7czjai6f30wpii0snwim29k844bj4-source' from 'https://cache.nixos.org'...
copying path '/nix/store/y73mhlazyn5z2r4ahj695ikdmxj2hxkj-openvino-2026.3.0-lib' from 'https://cache.nixos.org'...
copying path '/nix/store/ba5r9ma0wdhi57z7scb0pq8a08bm66qn-aws-crt-cpp-0.34.3' from 'https://cache.nixos.org'...
copying path '/nix/store/55m1xs6y51krd819xrp521az3y9i4rim-source' from 'https://cache.nixos.org'...
copying path '/nix/store/5rwc0bsch429s49lg7264p3xqr9ahfhh-source' from 'https://cache.nixos.org'...
copying path '/nix/store/di61sysp4abszngwy6a5q8vx168d5a98-source' from 'https://cache.nixos.org'...
copying path '/nix/store/j7rj9zyyy7kfixrnmb1b2yw92jvbdw4d-source' from 'https://cache.nixos.org'...
copying path '/nix/store/kv95pv4fdgx7c3m0qrmz9j7p29x1y3y6-source' from 'https://cache.nixos.org'...
copying path '/nix/store/kyw57g0cayl4icg3f1agkrjq703qiqc1-source' from 'https://cache.nixos.org'...
copying path '/nix/store/x28mapfl80f01iqrai1h9g33rg2rq50z-source' from 'https://cache.nixos.org'...
copying path '/nix/store/8m79rq8m60siv0rvfx0ry74nbjmcv5ri-soxr-0.1.3' from 'https://cache.nixos.org'...
copying path '/nix/store/ck3mffgl0pmkxz1w93hn03xplyzysp3j-speex-1.2.1' from 'https://cache.nixos.org'...
copying path '/nix/store/bmnxdan488ji1jvpff82pghzy1cijj9c-speexdsp-1.2.1' from 'https://cache.nixos.org'...
copying path '/nix/store/0ii1vxhd94d50fx33csi0k6f8rb3cr3q-spidermonkey-140.13.0' from 'https://cache.nixos.org'...
copying path '/nix/store/6w2734c9gvkw9qz2rsdjmzahi2hv2l7p-spirv-headers-1.4.357.0' from 'https://cache.nixos.org'...
copying path '/nix/store/4mcx165b8f1l94ahz06105zph63x13kn-spirv-tools-1.4.357.0' from 'https://cache.nixos.org'...
copying path '/nix/store/vs80hwhffqwp62lw60scaq0bij8qywds-spirv-tools-1.4.357.0-lib' from 'https://cache.nixos.org'...
copying path '/nix/store/2v7l6qqyvkaz9krzsirg1hi63phllc4i-libshout-2.4.6' from 'https://cache.nixos.org'...
copying path '/nix/store/2ql841mypwpf6h5l2kxcgig4a755c7kl-srt-1.5.6' from 'https://cache.nixos.org'...
copying path '/nix/store/cbrpmwv66zqgd0yr9g4h3lc0wpjvq980-stable_deref_trait-1.2.1' from 'https://cache.nixos.org'...
copying path '/nix/store/crzq1vdv4g284w6f633qm5d83iv40yvy-steam-devices-udev-rules-1.0.0.61-unstable-2026-06-25' from 'https://cache.nixos.org'...
copying path '/nix/store/3b9ibd09ycx1f2m50xkc5yizvf9qzbc5-strace-7.2-man' from 'https://cache.nixos.org'...
copying path '/nix/store/q2dg4chffdlrajpqjqnyw81ndkhlfra3-strsim-0.11.1' from 'https://cache.nixos.org'...
copying path '/nix/store/ndizvzqjkyl4nxg6fyiijn9xbbg8jg33-strsim-0.8.0' from 'https://cache.nixos.org'...
copying path '/nix/store/ckfd0jf00zf6h8znkl1bh4ysnrhd32gc-subtle-2.6.1' from 'https://cache.nixos.org'...
copying path '/nix/store/yc6idkk6xsgc1b87jma1sc6zj3fqyf0b-sudo-1.9.17p2-man' from 'https://cache.nixos.org'...
copying path '/nix/store/rwpcdmp6hyh4m2y8zagn4cpx79k7a9jy-supports-color-3.0.2' from 'https://cache.nixos.org'...
copying path '/nix/store/jy87349mrlp410y87rgga65h3dgkyw1x-svt-av1-4.1.0' from 'https://cache.nixos.org'...
copying path '/nix/store/l9ryvsi9rlwcw3c14fkbl7x91qxsshh6-swh-plugins-0.4.17' from 'https://cache.nixos.org'...
copying path '/nix/store/qd1d78sb07s5dwqfazagflmviy2xldik-syn-2.0.114' from 'https://cache.nixos.org'...
copying path '/nix/store/i3my5lrbj5g450097rdhbd3pvd71liqp-sync_wrapper-1.0.2' from 'https://cache.nixos.org'...
copying path '/nix/store/asyy7py38avrxqmhivz1q9zw74i1k0al-synstructure-0.13.2' from 'https://cache.nixos.org'...
copying path '/nix/store/6b85s5mbpsr5xj0rxsix8l8v1zw3ywgi-sysstat-12.7.7' from 'https://cache.nixos.org'...
copying path '/nix/store/n6mmj3d5r08g8vy2p5kjva6910i975xc-system-configuration-0.7.0' from 'https://cache.nixos.org'...
copying path '/nix/store/ml4hcch8cwy670405bcr71bvvlj7mdqi-system-configuration-sys-0.6.0' from 'https://cache.nixos.org'...
copying path '/nix/store/g2lja5h5fzry7jnc4pp0v9bawphs7l43-system-sendmail-1.0' from 'https://cache.nixos.org'...
copying path '/nix/store/fymqir88fw6va1zvqy8r3s7ik2fxiac2-systemd-261.2-man' from 'https://cache.nixos.org'...
copying path '/nix/store/5mx3hl1w4vfgk9wxnf2ajzq5p8r9rz82-tantivy-fst-0.5.0' from 'https://cache.nixos.org'...
copying path '/nix/store/8m1ag98yg081p8jr319lvffzzpid1zk2-termcolor-1.4.1' from 'https://cache.nixos.org'...
copying path '/nix/store/7dvqqxp3c6pca7lr380g8nrs33g8jm0c-textwrap-0.11.0' from 'https://cache.nixos.org'...
copying path '/nix/store/w2sw12k5w662fyd96l6zzm4mv6s19yxz-thiserror-1.0.69' from 'https://cache.nixos.org'...
copying path '/nix/store/qlhrw59bc349lhj704kh0f5sm023idqb-thiserror-2.0.18' from 'https://cache.nixos.org'...
copying path '/nix/store/mn305crl4hv00gq5jzmami1cz1lnd7gv-thiserror-impl-1.0.69' from 'https://cache.nixos.org'...
copying path '/nix/store/b2k79nh12jk9ak83wpyg0qacjllyqas7-thiserror-impl-2.0.18' from 'https://cache.nixos.org'...
copying path '/nix/store/mfqbkra3wywc2h5mqzjq0ig6iisy5rb0-time-0.3.47' from 'https://cache.nixos.org'...
copying path '/nix/store/0b6n1yq24vs9xwlxzbla0jvidaghwabz-time-1.10' from 'https://cache.nixos.org'...
copying path '/nix/store/0539wq66j5s0mqiclsgaqhzy4kfyl7lr-time-1.10-info' from 'https://cache.nixos.org'...
copying path '/nix/store/4iyfpafxfrfa9crz6ccpm52x8w1fgbdw-time-core-0.1.8' from 'https://cache.nixos.org'...
copying path '/nix/store/04hfqkkvfzr4gx950bakbd2vmf3jnai0-time-macros-0.2.27' from 'https://cache.nixos.org'...
copying path '/nix/store/wlc7za1p8zwiv1hfixcrzvlnscsnz9wm-tinystr-0.8.2' from 'https://cache.nixos.org'...
copying path '/nix/store/7m0h1yg9x7rm9njbzw29f4dn5m7qfpjf-tinyvec-1.10.0' from 'https://cache.nixos.org'...
copying path '/nix/store/k0jfss4jqk721fpi9kjrkxqzs6kli11p-tinyvec_macros-0.1.1' from 'https://cache.nixos.org'...
copying path '/nix/store/0qbs05r63cgis4k8dpsbvhj4czgswxc8-tmux-3.7c-man' from 'https://cache.nixos.org'...
copying path '/nix/store/fga6vvgh7szb1n2swg8inkxsn7n3mwyx-tokio-1.49.0' from 'https://cache.nixos.org'...
copying path '/nix/store/27yk204h9aiyn9w570n7r1ynm93n5qy7-tokio-macros-2.6.0' from 'https://cache.nixos.org'...
copying path '/nix/store/7jwlkvlsxyngbhad94i3pclxrr323hhv-tokio-rustls-0.26.4' from 'https://cache.nixos.org'...
copying path '/nix/store/r0k77fqfk2h1r2h9jpwh80k5kignqjjr-tokio-util-0.7.18' from 'https://cache.nixos.org'...
copying path '/nix/store/imhfn4kwpsq2gbg234jr0g7k8p00ymg0-toml_datetime-0.7.5+spec-1.1.0' from 'https://cache.nixos.org'...
copying path '/nix/store/2fnjr0dl01fkd5hhi02rfwwdgz9m9527-toml_writer-1.0.6+spec-1.1.0' from 'https://cache.nixos.org'...
copying path '/nix/store/hdl9ym2qn9d9hqfcym51npddasrz2cr0-spirv-tools-1.4.357.0-dev' from 'https://cache.nixos.org'...
copying path '/nix/store/ii76lb64v3pzca97q8m62mdw7z53ywjq-tomlplusplus-3.4.0' from 'https://cache.nixos.org'...
copying path '/nix/store/iar2pgh3n1xbcr1vqyv4r7yscngjc3w1-tower-0.5.3' from 'https://cache.nixos.org'...
copying path '/nix/store/fipa5iakrj1xp4yfy13qzq62mwap5hqz-tower-http-0.6.8' from 'https://cache.nixos.org'...
copying path '/nix/store/mh6a2wpnkpwhs9cgwwdrgvxdy8418ybi-tower-layer-0.3.3' from 'https://cache.nixos.org'...
copying path '/nix/store/s4fa64l39idc9cby1lzjx4pfwy2ld8jq-tower-service-0.3.3' from 'https://cache.nixos.org'...
copying path '/nix/store/7h4747l8p2crmk6p8dywqlk61w5gbvgp-tracing-0.1.44' from 'https://cache.nixos.org'...
copying path '/nix/store/mwv5mzgb9zj0aw83aay8qd23w16kb9q5-tracing-core-0.1.36' from 'https://cache.nixos.org'...
copying path '/nix/store/1rjdshmscq87ylkgagg6m21v68zd2h0k-tree-2.3.2' from 'https://cache.nixos.org'...
copying path '/nix/store/1fdnx9ccgjbqm7m7bvnvj9ad8gqbkksi-tree-2.3.2-man' from 'https://cache.nixos.org'...
copying path '/nix/store/4zysdx22gpsp0xh2nxs5kh7r599iwg06-glslang-16.4.0-dev' from 'https://cache.nixos.org'...
copying path '/nix/store/95gf6wyzwb40llsqxkyaml0qslrdcr0q-try-lock-0.2.5' from 'https://cache.nixos.org'...
copying path '/nix/store/w4v852maldlbh2065d59kyrlqbmyjpka-twolame-2017-09-27' from 'https://cache.nixos.org'...
copying path '/nix/store/p0ff33dca0fbkskqwrl3spvxcn5974h0-tzdata-2026c' from 'https://cache.nixos.org'...
copying path '/nix/store/zsvnwwqzpyvk89j28l4lhsg8z768lkzj-tzdata-2026c' from 'https://cache.nixos.org'...
copying path '/nix/store/qalh8v9y1d60yfy1c8cc1r9jpaqvw119-udev-fido2' from 'https://cache.nixos.org'...
copying path '/nix/store/va70fy5p2r78s1xs1jyfkp3myjv20nzx-udisks-2.11.2-man' from 'https://cache.nixos.org'...
copying path '/nix/store/qvh3wmxf35f8cb8sgb99cysrqikijzvj-unbound-1.26.0-lib' from 'https://cache.nixos.org'...
copying path '/nix/store/h2miywckgv13n3s56rkh9g8fkqrzvrjm-unicode-ident-1.0.22' from 'https://cache.nixos.org'...
copying path '/nix/store/h382r8w5mbw3n7vragwlpzbj4ix14ik7-unicode-ident-1.0.23' from 'https://cache.nixos.org'...
copying path '/nix/store/3bpi2sspk9zjyrmq5ic14yd3j8mbz851-unicode-width-0.1.14' from 'https://cache.nixos.org'...
copying path '/nix/store/y3ws2lwl36ni4151118i2sgv8pza8ydz-unifont-17.0.05' from 'https://cache.nixos.org'...
copying path '/nix/store/3c8541s3ylmhh6ms0zikhah72355zbax-unifont-17.0.05-man' from 'https://cache.nixos.org'...
copying path '/nix/store/mn7phb16qi17g5s0id8fdqzhmj7mvq7y-unit-script-wpa_supplicant-start' from 'https://cache.nixos.org'...
copying path '/nix/store/y41kl9bdj5js1asbixdxavnasagn7r8h-unixodbc-2.3.14' from 'https://cache.nixos.org'...
copying path '/nix/store/vpssg26g9hfk36p391n6yvb3y9c3k1ak-untrusted-0.9.0' from 'https://cache.nixos.org'...
copying path '/nix/store/d9l35nclmi0390dxpgivrikv5sf228kx-gnutls-3.8.13' from 'https://cache.nixos.org'...
copying path '/nix/store/qjykx14jbm8300y4fczmpp5j143gq08v-direnv-2.37.1' from 'https://cache.nixos.org'...
copying path '/nix/store/kdfdkmaadd2abkpps1b6g72fcihhl1zd-docker-buildx-0.35.0' from 'https://cache.nixos.org'...
copying path '/nix/store/7y5p62mchnv28mxsfshc84viid2p2y0j-docker-compose-5.4.0' from 'https://cache.nixos.org'...
copying path '/nix/store/ahk60fgl7rby7828x9ww7ly7gmspj39a-docker-containerd-29.7.2' from 'https://cache.nixos.org'...
copying path '/nix/store/37kksqwjwbgkd6y0cda0vzpnwxqjcjmr-docker-runc-29.7.2' from 'https://cache.nixos.org'...
copying path '/nix/store/jc5ldhs2id0p6xlmmagjzc5ljdx1m7aa-git-lfs-3.7.1' from 'https://cache.nixos.org'...
copying path '/nix/store/lhmr8s733c1bmy9n17fg8yv018f1nxpi-libcap-2.78' from 'https://cache.nixos.org'...
copying path '/nix/store/qb4p1bc62q8ldv4fz0dv290w88dnqbh6-rootlesskit-2.3.6' from 'https://cache.nixos.org'...
copying path '/nix/store/hyin3aq3grxn93qx5frid6xrnypfj0ml-sbctl-0.18' from 'https://cache.nixos.org'...
copying path '/nix/store/1jvnibqqq7g8bf42jd541nm3mk6z6xgq-gavl-2.0.1' from 'https://cache.nixos.org'...
copying path '/nix/store/q3iqnwf3qwznwn3vl3phx55m1plh3bj6-libcap-2.78-dev' from 'https://cache.nixos.org'...
copying path '/nix/store/il0fks5h18ddws825l0b83115ifcn0vp-libmicrohttpd-1.0.6' from 'https://cache.nixos.org'...
copying path '/nix/store/p9k10c8jba1wzxvyndvl8pxb7sxphswx-ngtcp2-1.25.0' from 'https://cache.nixos.org'...
copying path '/nix/store/9vlk37b1fgklzwl5bl9xb2dk8sn947ih-sops-3.13.3' from 'https://cache.nixos.org'...
copying path '/nix/store/nxc31faznkkmzixcnpgvr9br6rjalip2-syncthing-2.1.3' from 'https://cache.nixos.org'...
copying path '/nix/store/vylybvan9x6w1qvyirr2ikjd1scv94jn-tcl-8.6.16' from 'https://cache.nixos.org'...
copying path '/nix/store/bwr215dlsd7k4r1j00m05h425i32hff9-unzip-6.0' from 'https://cache.nixos.org'...
copying path '/nix/store/7n9ldpw06qbqlnf0iaig26agpn2aazfl-update-autotools-gnu-config-scripts-hook' from 'https://cache.nixos.org'...
copying path '/nix/store/8dj0z811igxg8253f01smmljv79h9y40-update-autotools-gnu-config-scripts-hook' from 'https://cache.nixos.org'...
copying path '/nix/store/mf2592fgcxxp0n185j86jbyfwgxndjgi-update-autotools-gnu-config-scripts-hook' from 'https://cache.nixos.org'...
copying path '/nix/store/lni80x61ghbkn7dhhq5c3mmhb9297a86-uriparser-1.0.2' from 'https://cache.nixos.org'...
copying path '/nix/store/ap0v3rggpvycxsm1nczjrf1i80451ckj-url-2.5.8' from 'https://cache.nixos.org'...
copying path '/nix/store/xm4v3vd4vzvqcrzn2q1djbzydhblfm8y-usbutils-019-man' from 'https://cache.nixos.org'...
copying path '/nix/store/kq1q4wlqnq58sgsjin3nbry8b376mdi2-utf8-ranges-1.0.5' from 'https://cache.nixos.org'...
copying path '/nix/store/ss0p3alf829vjqmxq0cff5sgbzkh53i7-utf8_iter-1.0.4' from 'https://cache.nixos.org'...
copying path '/nix/store/7hq6cvqn5f8ml7mhxd3gin7zspn3bbrf-utf8parse-0.2.2' from 'https://cache.nixos.org'...
copying path '/nix/store/hy3ixrsxjp28hn13g1b4fyaxjdlqfhb4-utf8proc-2.11.3' from 'https://cache.nixos.org'...
copying path '/nix/store/ydr5qvcdq2ahmik8n636k6ryss117zpk-util-linux-2.42.2' from 'https://cache.nixos.org'...
copying path '/nix/store/s6glfxnfja5a2kb1rv2ln2qyppiyy19k-util-linux-2.42.2-man' from 'https://cache.nixos.org'...
copying path '/nix/store/r18mzj4svh0z26l11q0jlkpcp5bxsl64-util-linux-minimal-2.42.2' from 'https://cache.nixos.org'...
copying path '/nix/store/17xmg38m60inc59az3frp540ccrwn2r8-util-linux-minimal-2.42.2-lib' from 'https://cache.nixos.org'...
copying path '/nix/store/5xym1gmpk8kxl2vvfaaxja52qap9g49l-util-linux-minimal-2.42.2-login' from 'https://cache.nixos.org'...
copying path '/nix/store/lcfbxbkjf1cjb0w6drxn8ynxp6iv0cl5-util-linux-minimal-2.42.2-man' from 'https://cache.nixos.org'...
copying path '/nix/store/8s9m903a0jksk4bcrxv7akf1dxdz5wq5-uuid-1.20.0' from 'https://cache.nixos.org'...
copying path '/nix/store/dx4ixdly13b4q9n71ikww2ghg8j0n330-uvwasi-0.0.23' from 'https://cache.nixos.org'...
copying path '/nix/store/417ksj5vn392rn9hkrnvcjmw6p8ip8il-v4l2loopback-0.15.4-bin' from 'https://cache.nixos.org'...
copying path '/nix/store/4hlgp6r4j5p6b2b9sxw01cba0x3fjxd6-systemd-minimal-libs-261.2' from 'https://cache.nixos.org'...
copying path '/nix/store/hn7mm7s2g92m3w0ayhx0h31brc6k144l-vamp-plugin-sdk-2.10' from 'https://cache.nixos.org'...
copying path '/nix/store/9qs824bb0n5mlk6kxd3cmbpzdjrniym2-e2fsprogs-1.47.4' from 'https://cache.nixos.org'...
copying path '/nix/store/58i87j87kcyqawsrwajkxzsq31nqy0s9-f2fs-tools-1.16.0-lib' from 'https://cache.nixos.org'...
copying path '/nix/store/a3hr0l5skscvbkcr7kz3nhi4linz1p71-glib-2.88.3' from 'https://cache.nixos.org'...
copying path '/nix/store/5vghjl8c7nnm814slkizzf2nn94lx0r0-libsm-1.2.6' from 'https://cache.nixos.org'...
copying path '/nix/store/bgxzalixbi9qvp2sqkf225flcx9x1v5j-nfs-utils-2.9.2-lib' from 'https://cache.nixos.org'...
copying path '/nix/store/qhi7wvkfj6k2p38ds1ahc2bldypj5fr0-f2fs-tools-1.16.0' from 'https://cache.nixos.org'...
copying path '/nix/store/y6ns3kgrn8dmh4y5gyxp5q356rnaqhb6-rubberband-4.0.0' from 'https://cache.nixos.org'...
copying path '/nix/store/7nb5xxi3rbmczj5wklchi7bzgyd8918j-glew-2.3.1' from 'https://cache.nixos.org'...
copying path '/nix/store/8gs2rj4gzdhk9rz09xx9clqkmgm2r277-libsm-1.2.6-dev' from 'https://cache.nixos.org'...
copying path '/nix/store/a6pb4ad3wfjvh68f1v3yimh6fa096qfd-libxt-1.3.1' from 'https://cache.nixos.org'...
copying path '/nix/store/59qsa2rfqvj2frvnd3lz2w52bh3xzjci-util-linux-minimal-2.42.2-mount' from 'https://cache.nixos.org'...
copying path '/nix/store/2kn8sdcgh0y98b7gbzgslxk8ni746hfm-dhcpcd-10.3.2' from 'https://cache.nixos.org'...
copying path '/nix/store/9vbrbnpqbwslm4d6zdc4a5vs2hlnh1g5-htop-3.5.3' from 'https://cache.nixos.org'...
copying path '/nix/store/fgm70sv8crxzyzqwdk3fv73gc2kjlsrx-libajantv2-17.5.0' from 'https://cache.nixos.org'...
copying path '/nix/store/bl3268m4d9shlryq3a9ykzps8p49arcz-libatasmart-0.19' from 'https://cache.nixos.org'...
copying path '/nix/store/vz1kbkl0178apj4q15l0j4pjgibgi5bv-libfido2-1.17.0' from 'https://cache.nixos.org'...
copying path '/nix/store/fis0kqyyzfbdkf7cyxq8fvvx798paam5-libudev0-shim-1' from 'https://cache.nixos.org'...
copying path '/nix/store/6lxb0vhv7gxpdcdirbfmm75vi4idjjhq-libusb-1.0.30' from 'https://cache.nixos.org'...
copying path '/nix/store/5h0jhc111r4473s47r6jci7p88jz71c4-libxmu-1.3.1' from 'https://cache.nixos.org'...
copying path '/nix/store/d8fxih6cs0y0q51mw7xjfni53s6vsds7-libxpm-3.5.19-bin' from 'https://cache.nixos.org'...
copying path '/nix/store/m7v9cqyhncd3gbp548cnxm4b2acig3ng-linux-pam-1.7.2' from 'https://cache.nixos.org'...
copying path '/nix/store/9j9c2j5bbwbzgvdlrsphcfw4r4pd6hng-lvm2-2.03.41-lib' from 'https://cache.nixos.org'...
copying path '/nix/store/symzmzrb5qzcwz9mpsrcppwq0r90mq5w-procps-4.0.7' from 'https://cache.nixos.org'...
copying path '/nix/store/hsg391vzasimfnlxazhprhwfwj3m5hzk-hidapi-0.15.0' from 'https://cache.nixos.org'...
copying path '/nix/store/yvk9198mi0sjd2prlidvypdndkp92hvz-glew-1.10.0' from 'https://cache.nixos.org'...
copying path '/nix/store/wnvwy4v7fhyhf6zl85idbvixdpsf33g0-libirecovery-1.3.1' from 'https://cache.nixos.org'...
copying path '/nix/store/d1paxi4liflbk1k3wxk3671if6sdjcv2-dconf-0.49.0-lib' from 'https://cache.nixos.org'...
copying path '/nix/store/zxbpvhc7s8sw2xrcl5qqh8y0ibmj3667-cryptsetup-2.8.7' from 'https://cache.nixos.org'...
copying path '/nix/store/9dq0cs57rhlmh85l0dmxw49cr939sa34-dee-1.2.7-unstable-2017-06-16' from 'https://cache.nixos.org'...
copying path '/nix/store/s1pzrk0qazkwys2a8r93jcyn36mimj7a-desktop-file-utils-0.28' from 'https://cache.nixos.org'...
copying path '/nix/store/qyknva7lkacxsgpdpgcqy5kxshwwlp2x-glib-2.88.3-bin' from 'https://cache.nixos.org'...
copying path '/nix/store/vnf7qr0p74gs66qxqzwzagvhm5rac618-glibmm-2.66.8' from 'https://cache.nixos.org'...
copying path '/nix/store/vvp0i1h7pwrwm1im3pnmdpbziwng677i-dconf-0.49.0' from 'https://cache.nixos.org'...
copying path '/nix/store/czvzxxin2yy8w3f6x0048wslvwgs8q9h-gnome-menus-3.38.1' from 'https://cache.nixos.org'...
copying path '/nix/store/434vg25pd00w0p35x01p6cpzfndj3ff0-graphene-1.10.8' from 'https://cache.nixos.org'...
copying path '/nix/store/as5banmd9hwb0525hxc273zzhndgd6fi-gts-0.7.6' from 'https://cache.nixos.org'...
copying path '/nix/store/h80dzawbb1dxya3vapqc1cwlg44jvlq1-cryptsetup-2.8.7-bin' from 'https://cache.nixos.org'...
copying path '/nix/store/99mqr16x2cf8ybj3csvp7682b15k90kj-gsettings-wrapper' from 'https://cache.nixos.org'...
copying path '/nix/store/156idz22vy8c0vlqqwyss2cpbxs8z5y7-harfbuzz-icu-13.2.1' from 'https://cache.nixos.org'...
copying path '/nix/store/gsap6lzjycd5a86ix7jnm5l6c84xf846-json-glib-1.10.8' from 'https://cache.nixos.org'...
copying path '/nix/store/g831cc8pfl01kfg07b34611ay1y3irxk-libgee-0.20.8' from 'https://cache.nixos.org'...
copying path '/nix/store/sc4xfj0kxyjbp98d9amazjhcg5yd1ncc-graphene-1.10.8-dev' from 'https://cache.nixos.org'...
copying path '/nix/store/kkxhz41syyk4gdz37kjs7480ffgvjfsl-libgtop-2.41.3' from 'https://cache.nixos.org'...
copying path '/nix/store/n85m9i06xz4hybyn7pj6z2q9hpr0908r-libgudev-238' from 'https://cache.nixos.org'...
copying path '/nix/store/90chas7ald42jrh43ankzb2n4lk7cp6j-libical-3.0.20' from 'https://cache.nixos.org'...
copying path '/nix/store/bjnpl5vg1j9ll2f3n5538vp6va3r2vck-liblangtag-0.6.8' from 'https://cache.nixos.org'...
copying path '/nix/store/3wscncnnn686dblqp0cy4zn2fndz6bdz-libmbim-1.34.0' from 'https://cache.nixos.org'...
copying path '/nix/store/q5rgy298dw8zsbi2jmwny9rf5ih1lasv-libmtp-1.1.22' from 'https://cache.nixos.org'...
copying path '/nix/store/jfzg71balwh09axwmxm5wj2jdqk5gl4v-gusb-0.4.9' from 'https://cache.nixos.org'...
copying path '/nix/store/f33jgdqr99mnasd6y4mcz622myz5i2ys-libdbusmenu-glib-16.04.0' from 'https://cache.nixos.org'...
copying path '/nix/store/y6xb6pwsxk2k8rl9mmqqw4c5w7l1g3za-libqrtr-glib-1.2.2' from 'https://cache.nixos.org'...
copying path '/nix/store/p7f71v8wdg2z6a1a74zwks1i6idpphdd-libsecret-0.21.7' from 'https://cache.nixos.org'...
copying path '/nix/store/17f8yrwmshddpkmgh1kq7w08gj0fm37y-libmanette-0.2.13' from 'https://cache.nixos.org'...
copying path '/nix/store/jckni9yz466hjdxxv5m7fza668p5hl44-gxml-0.20.4' from 'https://cache.nixos.org'...
copying path '/nix/store/4lxhrlw5hc7mpjrsm6kf6n2lw70k0zz6-libslirp-4.9.3' from 'https://cache.nixos.org'...
copying path '/nix/store/80mjplqqjnmjyfp5f1lw839jbvn024vj-libe-book-0.1.3' from 'https://cache.nixos.org'...
copying path '/nix/store/3r49w71827fq6ndfddz9mvy7slfj5gxj-libetonyek-0.1.13' from 'https://cache.nixos.org'...
copying path '/nix/store/9yndkqb4njmj87z36jmcq51y0iss3j77-libusb-compat-0.1.8' from 'https://cache.nixos.org'...
copying path '/nix/store/3a0927whn6vf1z18bxard5yyzs0qwxm3-libwacom-2.19.1' from 'https://cache.nixos.org'...
copying path '/nix/store/c0j5zryy6b66k4y4d1znr1zwzc76rwa2-libxaw-1.0.16' from 'https://cache.nixos.org'...
copying path '/nix/store/li33qh5yl3q6i70ksk38frzlqslfvjam-libqmi-1.38.0' from 'https://cache.nixos.org'...
copying path '/nix/store/l0zwzq7xx39r5f60ikrqsdq9jr4cxqaw-libxfce4util-4.20.1' from 'https://cache.nixos.org'...
copying path '/nix/store/f0l60jfymr8rw057hg0ghjl1ans1m55k-libxml++-3.2.5' from 'https://cache.nixos.org'...
copying path '/nix/store/8mp0xiih5jm3ghqyggkp4dz7gzhf7hpf-lvm2-2.03.41-bin' from 'https://cache.nixos.org'...
copying path '/nix/store/pc23hswx302j40yvajz1r9h9zaf22zvd-malcontent-0.13.1-lib' from 'https://cache.nixos.org'...
copying path '/nix/store/3pj4zjhsfxh3fbj02aqm1pxkyf2d1r7f-polkit-127' from 'https://cache.nixos.org'...
copying path '/nix/store/sclpxl57gx55iysn1p97srs47kj64wh9-openobex-1.7.2' from 'https://cache.nixos.org'...
copying path '/nix/store/y6wazlb55c6i2gcpc3s88kkx1yqpp2mx-qemu-user-11.1.0' from 'https://cache.nixos.org'...
copying path '/nix/store/arpmkr55g39sxk2wn93vlp2k279kvymz-ffado-2.4.9' from 'https://cache.nixos.org'...
copying path '/nix/store/rcwvn48vi65zr4jzgk0rp3y7czfd1a9m-seatd-0.9.3' from 'https://cache.nixos.org'...
copying path '/nix/store/fzif7vrnia7fmgs09v5bs2143801ch6b-security-wrapper-unix_chkpwd-x86_64-unknown-linux-musl' from 'https://cache.nixos.org'...
copying path '/nix/store/y11wm3zhcvjav2vbav9p0ky99xa2wlyv-libinput-1.31.3' from 'https://cache.nixos.org'...
copying path '/nix/store/6qr93hk6vd4yq9z508lvshbglq0j14f6-shared-mime-info-2.4' from 'https://cache.nixos.org'...
copying path '/nix/store/fj75av6igp9pbr9p71l6r1qb4pbamg8s-polkit-127-bin' from 'https://cache.nixos.org'...
copying path '/nix/store/z5ad1812akylf7qp8r5fqkpkmmd4dnn1-lvm2-2.03.41' from 'https://cache.nixos.org'...
copying path '/nix/store/nnm2q82309yipp2h03f86wsywq9mnl5z-slirp4netns-1.3.4' from 'https://cache.nixos.org'...
copying path '/nix/store/m8y2011d3b18fm6bfm5bcmmgsr1hjrqr-smartmontools-7.5' from 'https://cache.nixos.org'...
copying path '/nix/store/0x6r91115mmg0xz5b805a7x8a1acpdf4-speech-dispatcher-0.12.1' from 'https://cache.nixos.org'...
copying path '/nix/store/s05dz73dggmw5dz5x9v6phzgdlvvgf00-sudo-1.9.17p2' from 'https://cache.nixos.org'...
copying path '/nix/store/00vmp292cjgwhzp089cszl51xiq8ncrj-systemd-minimal-libs-261.2-dev' from 'https://cache.nixos.org'...
copying path '/nix/store/cm1r1dml740xsbfaxxvxrgnn3n2ma8k7-tcb-1.2' from 'https://cache.nixos.org'...
copying path '/nix/store/qfpx1xwb3r6d8szmydj1kr5wasqsgp5x-thin-provisioning-tools-1.3.2' from 'https://cache.nixos.org'...
copying path '/nix/store/zlrqzrkgs0hqa172gqj2wpcr6sijfh2p-tmux-3.7c' from 'https://cache.nixos.org'...
copying path '/nix/store/bn8jgfwnxv5dlf32yk6cf67lflhz1mfl-usbredir-0.15.0' from 'https://cache.nixos.org'...
copying path '/nix/store/jy2wa1w10h8q8inmsn10f4rfb0n7r2ss-usbutils-019' from 'https://cache.nixos.org'...
copying path '/nix/store/mkrc0dnys009hh8hl04pczp6kldcg87v-util-linux-minimal-2.42.2-swap' from 'https://cache.nixos.org'...
copying path '/nix/store/qikidl3z4p1i05wri3y53ya4gq2nb8as-shadow-4.20.2' from 'https://cache.nixos.org'...
copying path '/nix/store/x6vjysjb1djhm1k3qpm3aga91sp5glsv-lvm2-2.03.41-dev' from 'https://cache.nixos.org'...
copying path '/nix/store/4ilvnjx56dbih94vh2q92v5ghrh7fz5b-v4l-utils-1.32.0' from 'https://cache.nixos.org'...
copying path '/nix/store/96d5lcrcp1x0ccyliwwk8xh7rssm4hdx-shared-mime-info-2.4-dev' from 'https://cache.nixos.org'...
copying path '/nix/store/7dhh67p9dhcw6n06gwxkc769dvd7zfzh-v4l2loopback-0.15.4' from 'https://cache.nixos.org'...
copying path '/nix/store/9ijkdm69gqg9waxj8g70aaah10s9x0wp-vcpkg-0.2.15' from 'https://cache.nixos.org'...
copying path '/nix/store/f134l0flmrxxsih8zb14mg0vrbj6bfpa-vec_map-0.8.2' from 'https://cache.nixos.org'...
copying path '/nix/store/vkb0x0j6l8ivhxwbpvc0m3k6y39j1qis-security-wrapper-sudo-x86_64-unknown-linux-musl' from 'https://cache.nixos.org'...
copying path '/nix/store/fcx6ly140rw2883algb3gxlvff0csni9-security-wrapper-sudoedit-x86_64-unknown-linux-musl' from 'https://cache.nixos.org'...
copying path '/nix/store/4f08imnh571wvrzpywlk91vixrm7xn0n-sudo-1.9.17p2-doc' from 'https://cache.nixos.org'...
copying path '/nix/store/cg4fyskyr8ydsfb1qd1d64jpqrahk4ll-vid.stab-1.1.1-unstable-2025-08-21' from 'https://cache.nixos.org'...
copying path '/nix/store/mgv08mjriyb4sbf18znpg1qmhdjnsprf-virtualbox-7.2.16-kvm-dev-20260201.patch' from 'https://cache.nixos.org'...
copying path '/nix/store/p61dqikb4axa1pxwaq5g066j49g646br-vlc-3.0.23-2-doc' from 'https://cache.nixos.org'...
copying path '/nix/store/5dv1nc3h73lnvkk576b4mpzr4505jfvy-vlc-3.0.23-2-man' from 'https://cache.nixos.org'...
copying path '/nix/store/dh8ak3h384g6r1ngh53k43139lfz2r1c-accountsservice-26.27.3' from 'https://cache.nixos.org'...
copying path '/nix/store/25w8i68jmgx6v50561n8ffba2hr95w9l-security-wrapper-chsh-x86_64-unknown-linux-musl' from 'https://cache.nixos.org'...
copying path '/nix/store/d1ldmgswr3bizk2cww8z520ci75zssaf-security-wrapper-newgidmap-x86_64-unknown-linux-musl' from 'https://cache.nixos.org'...
copying path '/nix/store/9a8swiv3n758qlxffyz0dxi3xzkrd89n-security-wrapper-newgrp-x86_64-unknown-linux-musl' from 'https://cache.nixos.org'...
copying path '/nix/store/5vwqpnrr164xdwrd9am06hp5n86bi00l-security-wrapper-newuidmap-x86_64-unknown-linux-musl' from 'https://cache.nixos.org'...
copying path '/nix/store/4famq0b3syfcb5si3i2gcmhlchh65hhm-security-wrapper-passwd-x86_64-unknown-linux-musl' from 'https://cache.nixos.org'...
copying path '/nix/store/v3x8q62gylac8wqq89sh0famf9bclb8p-security-wrapper-sg-x86_64-unknown-linux-musl' from 'https://cache.nixos.org'...
copying path '/nix/store/s4agqlvvaaq9j6lmh68k329pgpahnsij-shadow-4.20.2-su' from 'https://cache.nixos.org'...
copying path '/nix/store/j167zaj78cmkw7dk5a6k8cyvxypcsp42-vo-aacenc-0.1.3' from 'https://cache.nixos.org'...
copying path '/nix/store/y4wax74bc4q368vn9gszqfpqm08pdg01-vulkan-headers-1.4.357.0' from 'https://cache.nixos.org'...
copying path '/nix/store/lk4614327cn1h9z3m6cvnls95n13m1cj-vulkan-loader-1.4.357.0' from 'https://cache.nixos.org'...
copying path '/nix/store/ip3as7hny7kwp99nbyw0rlw5aqiisk5a-walkdir-2.5.0' from 'https://cache.nixos.org'...
copying path '/nix/store/xb3gpn91d34lnp08prwm7v332riwvmib-want-0.3.1' from 'https://cache.nixos.org'...
copying path '/nix/store/4l6rnjcqyz6pj94irjzvv99q5qyrvhd2-wasi-0.11.1+wasi-snapshot-preview1' from 'https://cache.nixos.org'...
copying path '/nix/store/qlmms46pkagv419b7warigna7rg8lq0n-wasip2-1.0.2+wasi-0.2.9' from 'https://cache.nixos.org'...
copying path '/nix/store/92zji8hyzlvzarmpj37z4qlcwm7xy0xb-security-wrapper-su-x86_64-unknown-linux-musl' from 'https://cache.nixos.org'...
copying path '/nix/store/kylfvh3p5rx1xjhkcgrd8qgqshys1n8q-wasm-bindgen-0.2.108' from 'https://cache.nixos.org'...
copying path '/nix/store/y50yqpj36hn4wwpwzy7cppff9xvksvax-wasm-bindgen-futures-0.4.58' from 'https://cache.nixos.org'...
copying path '/nix/store/kfpjy8d99bqnxngg8pr0ls3zbq8w5vn9-wasm-bindgen-macro-0.2.108' from 'https://cache.nixos.org'...
copying path '/nix/store/frq3wf1316wj1p3j501r2i9jf73xmv4y-wasm-bindgen-macro-support-0.2.108' from 'https://cache.nixos.org'...
copying path '/nix/store/z5r1yadqm2pdlabj202v9jivnn7bxkmq-openxr-loader-1.1.54' from 'https://cache.nixos.org'...
copying path '/nix/store/sx1bvm2klalrbxlyij39wbb4xfr2r3z9-wasm-bindgen-shared-0.2.108' from 'https://cache.nixos.org'...
copying path '/nix/store/35i3226kw4ja8zg9lkbg231kpmfrxka6-wavpack-5.9.0' from 'https://cache.nixos.org'...
copying path '/nix/store/vjcwhp0milwa1jqy1inpjxrsh8hjrgwc-wayland-1.26.0' from 'https://cache.nixos.org'...
copying path '/nix/store/4whfad9bjjrdzsym60dmssi7h8icas4y-wayland-1.26.0-man' from 'https://cache.nixos.org'...
copying path '/nix/store/20ry3g7frrcvkiyhbqrs6zi1zll0jvvj-wayland-protocols-1.49' from 'https://cache.nixos.org'...
copying path '/nix/store/2nlq43n0gc4s8cbjjxpnfg97kgmk8blh-wayland-protocols-1.49' from 'https://cache.nixos.org'...
copying path '/nix/store/bbddyj6z3hiacsj2yx5p3gvygrb941f8-wayland-scanner-1.26.0' from 'https://cache.nixos.org'...
copying path '/nix/store/f77w2dl63fcb44js76r3fkvkzaiw7qfc-wayland-scanner-1.26.0' from 'https://cache.nixos.org'...
copying path '/nix/store/6cjldjsp40m8jmwc4ynnnvdkbxjwcc8h-wayland-scanner-1.26.0-bin' from 'https://cache.nixos.org'...
copying path '/nix/store/fysijdlpkn6x4ph1cnp8zqv0cip4ijkg-web-sys-0.3.85' from 'https://cache.nixos.org'...
copying path '/nix/store/6slvk1x4gashcfg4bgvcc7ywbwzf1isy-egl-wayland-1.1.21' from 'https://cache.nixos.org'...
copying path '/nix/store/9z2y4k48f29qxrs61hnqbn179vrxxx86-egl-wayland2-1.0.1' from 'https://cache.nixos.org'...
copying path '/nix/store/6bx68shkhjj08kl26aslrlnc9f21ma0h-libva-2.24.1' from 'https://cache.nixos.org'...
copying path '/nix/store/v3cjb49fng33cddf41nj18z5idlkj86a-vulkan-loader-1.4.357.0-dev' from 'https://cache.nixos.org'...
copying path '/nix/store/p50b856pwzpcwyd6jip71lzqc3zjamzg-vulkan-tools-1.4.357.0' from 'https://cache.nixos.org'...
copying path '/nix/store/7svfxf5fpqsn4jjf8r044f65a030f40x-wayland-1.26.0-dev' from 'https://cache.nixos.org'...
copying path '/nix/store/d1n59ws9cxgy1c8hj0janvj30fa7vc3m-wayland-utils-1.3.0' from 'https://cache.nixos.org'...
copying path '/nix/store/ljpd6sfmw74a1jzpbn4s7aszdgmy5shm-web-time-1.1.0' from 'https://cache.nixos.org'...
copying path '/nix/store/im3cmxr4zcdb6r001sjxivqjb0fkmskl-webrtc-audio-processing-1.3' from 'https://cache.nixos.org'...
copying path '/nix/store/ra1zj8jfav5ifwa2j05ij0hhlma7sjxq-wayland-scanner-1.26.0-dev' from 'https://cache.nixos.org'...
copying path '/nix/store/cypv6wi63p95pdlx985fn72sm8lzspi6-webrtc-audio-processing-2.1' from 'https://cache.nixos.org'...
copying path '/nix/store/r52hj4qxkk77bh94hkzyh6460dk04369-wget-1.25.0' from 'https://cache.nixos.org'...
copying path '/nix/store/wzcyfd66wgvgjpl9l1l69lccfhyp1fnb-which-2.25' from 'https://cache.nixos.org'...
copying path '/nix/store/hs5lj139zafzp1qkjdgxjwbi9zaj11an-which-2.25-info' from 'https://cache.nixos.org'...
copying path '/nix/store/47g35cmhjr87nh3m60kxyz4jjp3snyxs-which-2.25-man' from 'https://cache.nixos.org'...
copying path '/nix/store/k4j9fmjzbdya22ldvjf9sbj46s1ljzsk-wildmidi.cfg' from 'https://cache.nixos.org'...
copying path '/nix/store/yz2ck4d6114knmvhib0y352cdpkp4dkj-winapi-0.3.9' from 'https://cache.nixos.org'...
copying path '/nix/store/gkpxqhvyp125dbsx96m70in85d5hz042-winapi-i686-pc-windows-gnu-0.4.0' from 'https://cache.nixos.org'...
copying path '/nix/store/1bl19pvwcnc2gkq2rmwav1qmkwby0638-winapi-util-0.1.11' from 'https://cache.nixos.org'...
copying path '/nix/store/b8ipcfx271drdv0qldvl1zhnk754izav-winapi-x86_64-pc-windows-gnu-0.4.0' from 'https://cache.nixos.org'...
copying path '/nix/store/8qjlfgdg6fb9y0c3z1237kgyk28cp8vl-windows-link-0.2.1' from 'https://cache.nixos.org'...
copying path '/nix/store/zr130ldgy9a2mcfgp0ngn5hcj425v952-windows-registry-0.6.1' from 'https://cache.nixos.org'...
copying path '/nix/store/a0k2bhal2cqpxksd50gmgj7mcxicaz0z-windows-result-0.4.1' from 'https://cache.nixos.org'...
copying path '/nix/store/ljvdsnavczqcl3ay2xzmsjv0i7rw272b-windows-strings-0.5.1' from 'https://cache.nixos.org'...
copying path '/nix/store/909jdqwhp89nzr0z6pbv1hghcbp5a9x7-windows-sys-0.45.0' from 'https://cache.nixos.org'...
copying path '/nix/store/hvvy4c743zby7cndjcjc86lljpjfnkkk-distrobox-1.8.2.5' from 'https://cache.nixos.org'...
copying path '/nix/store/6g7wyhcr39p7izn3xl0fixdzhz7iybd1-windows-sys-0.52.0' from 'https://cache.nixos.org'...
copying path '/nix/store/j81fm3m9y8fg27iqa5j5fy0571q7z26v-windows-sys-0.59.0' from 'https://cache.nixos.org'...
copying path '/nix/store/29h7k3317cy8wadzkdi1d96ssr4mfjv7-windows-sys-0.60.2' from 'https://cache.nixos.org'...
copying path '/nix/store/hlzz8xlkal75dclw3f783g32wrh0bgz4-windows-sys-0.61.2' from 'https://cache.nixos.org'...
copying path '/nix/store/8r9wsg9darhfnz0j39imwjzpvdv9x1ms-windows-targets-0.42.2' from 'https://cache.nixos.org'...
copying path '/nix/store/dqygqlza4chpxymkww20apqyqhv55ssp-windows-targets-0.52.6' from 'https://cache.nixos.org'...
copying path '/nix/store/lf2jr9829x18d6w3c0z2b5113vpjxazf-windows-targets-0.53.5' from 'https://cache.nixos.org'...
copying path '/nix/store/n72axm8c71nyfwj3idyx1ba309f474yl-windows_aarch64_gnullvm-0.42.2' from 'https://cache.nixos.org'...
copying path '/nix/store/1zs2an2a28z9qwd16w29yp2lkvyajp2k-windows_aarch64_gnullvm-0.52.6' from 'https://cache.nixos.org'...
copying path '/nix/store/bcg39i1pywwi55805ymbkya1fgrzw02w-windows_aarch64_gnullvm-0.53.1' from 'https://cache.nixos.org'...
copying path '/nix/store/v9a4lzx143f3dxb1fkbg4nd4aaaz2w4j-windows_aarch64_msvc-0.42.2' from 'https://cache.nixos.org'...
copying path '/nix/store/ycrmwj4n6l3gm9yf093dvv16bp3vjlf1-windows_aarch64_msvc-0.52.6' from 'https://cache.nixos.org'...
copying path '/nix/store/gav9ayr5c9a8gd2wb0pf72hhad5xmk2q-windows_aarch64_msvc-0.53.1' from 'https://cache.nixos.org'...
copying path '/nix/store/b9grzksaw66m9xgxjxrf8asp67263brx-windows_i686_gnu-0.42.2' from 'https://cache.nixos.org'...
copying path '/nix/store/679jf8qlz233flq2vw1sigw601ahh5b8-windows_i686_gnu-0.52.6' from 'https://cache.nixos.org'...
copying path '/nix/store/x157wg0vpnlhx7vnrmc53c4xwdha8kap-windows_i686_gnu-0.53.1' from 'https://cache.nixos.org'...
copying path '/nix/store/lpcrcs7y6x9200f1n8603ixnd17zjjim-windows_i686_gnullvm-0.52.6' from 'https://cache.nixos.org'...
copying path '/nix/store/a3sy0f42wixg4fl6ydk29xk5f0fzq17w-windows_i686_gnullvm-0.53.1' from 'https://cache.nixos.org'...
copying path '/nix/store/n1wabz5ccmbarrwn09w5pnam8f66y04j-windows_i686_msvc-0.42.2' from 'https://cache.nixos.org'...
copying path '/nix/store/dpnb13jpgasymlx135yzj9yxvpyb5jp2-windows_i686_msvc-0.52.6' from 'https://cache.nixos.org'...
copying path '/nix/store/f2m8h2phdx7vfc9va2wxda114wbadjjr-windows_i686_msvc-0.53.1' from 'https://cache.nixos.org'...
copying path '/nix/store/5v6mhh9wb1d837bawbj5v1kvgns47y99-windows_x86_64_gnu-0.42.2' from 'https://cache.nixos.org'...
copying path '/nix/store/r5prhaygfgkzzlvp80lgnls345hpbj8l-windows_x86_64_gnu-0.52.6' from 'https://cache.nixos.org'...
copying path '/nix/store/3q313xn80gjdjbng9wr4v3qn8arv6x5z-windows_x86_64_gnu-0.53.1' from 'https://cache.nixos.org'...
copying path '/nix/store/v6wdqq5rah65cd033fkaql3ly8s85n52-windows_x86_64_gnullvm-0.42.2' from 'https://cache.nixos.org'...
copying path '/nix/store/wz11x3yps4n5gjhbxgzfb0c3f21dzi93-windows_x86_64_gnullvm-0.52.6' from 'https://cache.nixos.org'...
copying path '/nix/store/17lylppf019kfxl8y7w95cm85jvq1dhp-windows_x86_64_gnullvm-0.53.1' from 'https://cache.nixos.org'...
copying path '/nix/store/cbyqwaggvziqfm6b1vwxlf0ncbi380jd-windows_x86_64_msvc-0.42.2' from 'https://cache.nixos.org'...
copying path '/nix/store/jacf5z1pvxib9lb6wf7i4w8as9v3ybri-windows_x86_64_msvc-0.52.6' from 'https://cache.nixos.org'...
copying path '/nix/store/v8x6waw77jd5sfyybidshidpg2jjhyp9-windows_x86_64_msvc-0.53.1' from 'https://cache.nixos.org'...
copying path '/nix/store/hqmikjc7jxai7ar2pf3hcjf9r2ihxh28-winnow-0.7.14' from 'https://cache.nixos.org'...
copying path '/nix/store/n14f1a44ill5brlbvlp29qn9rcsvhn6j-wireless-regdb-2026.05.30-zstd' from 'https://cache.nixos.org'...
copying path '/nix/store/qb7icx7qnasmga7h459gwcl6nn51zmnv-wireplumber-0.5.15-doc' from 'https://cache.nixos.org'...
copying path '/nix/store/k7sp1gdn1jvw2902ss4qc6xig1nczwcl-wit-bindgen-0.51.0' from 'https://cache.nixos.org'...
copying path '/nix/store/rm3q2p32j4g98jwqc0ssrjyimbga6m78-wmctrl-1.07' from 'https://cache.nixos.org'...
copying path '/nix/store/lq5rzg8vhszchxkvksnl2kcvv00p7aa1-writeable-0.6.2' from 'https://cache.nixos.org'...
copying path '/nix/store/hmm3cvk7yv30vdl8rwz6z5ks77v88nxb-wslay-1.1.1' from 'https://cache.nixos.org'...
copying path '/nix/store/y6ghy70jlyj03iy5z1qiif33ivz0l2p4-x264-0-unstable-2025-01-03' from 'https://cache.nixos.org'...
copying path '/nix/store/h9910ivs5wwqjzvxirs6m8b8r9i926nq-x264-0-unstable-2025-01-03-lib' from 'https://cache.nixos.org'...
copying path '/nix/store/2yzgya5igaynsy5l9rlsvkxdv7jxbxl4-x265-4.2' from 'https://cache.nixos.org'...
copying path '/nix/store/kkd998rair4hp5y8fn3xi71chrdv6ika-x86_64-unknown-linux-musl-gcc-15.3.0-lib' from 'https://cache.nixos.org'...
copying path '/nix/store/lnkgbi5rv8z2115882j2bfy6rl6danx3-xauth-1.1.5' from 'https://cache.nixos.org'...
copying path '/nix/store/iacfrqbxbb703mn87cs3vwv8w3r8ixq3-xbitmaps-1.1.3' from 'https://cache.nixos.org'...
copying path '/nix/store/f7xsnr78wdqfvijx9mjl33pi97hsn23n-xdg-dbus-proxy-0.1.7' from 'https://cache.nixos.org'...
copying path '/nix/store/lb1ljsmf7vzak4416flqz9d5mws9bfbs-xdg-user-dirs-0.20-lib' from 'https://cache.nixos.org'...
copying path '/nix/store/zmlby8ahp5iy0dnpb8grv0vfp38bf507-xdg-user-dirs-0.20-man' from 'https://cache.nixos.org'...
copying path '/nix/store/ddkp333wnjhq6jc4bjm5yhi69wshybzv-xf86-input-evdev-2.11.0' from 'https://cache.nixos.org'...
copying path '/nix/store/18hxa875gjv2ldrncq6n3rc32k88jnhj-xf86-input-libinput-1.5.0' from 'https://cache.nixos.org'...
copying path '/nix/store/zzyn4iljzgvf7isqj2kdsb4bbq5ms5z4-xfsprogs-7.1.1' from 'https://cache.nixos.org'...
copying path '/nix/store/8ifgrxpdzj11mjxhw0nhfhdfdn8bkhi8-xgcc-15.3.0-libgcc' from 'https://cache.nixos.org'...
copying path '/nix/store/ic8vbb0qh51a5zldfm0szrrp9k4ghvcb-xhost-1.0.10' from 'https://cache.nixos.org'...
copying path '/nix/store/6qkprm8aadpavwnil09zwqmlzfih8mml-xdg-user-dirs-0.20' from 'https://cache.nixos.org'...
copying path '/nix/store/prwvhdh1097fxbnmb0i5m03w3h8ir67p-xinput-1.6.4' from 'https://cache.nixos.org'...
copying path '/nix/store/4vij9dvkfsdglc3mng0ib3fflam2j9k9-xkeyboard-config-2.48' from 'https://cache.nixos.org'...
copying path '/nix/store/n0zz47nk99hzdq3c0nw68cpk61jhzak0-xlsclients-1.1.6' from 'https://cache.nixos.org'...
copying path '/nix/store/18p5qfcjkx5gw8q6kyccpyys82jzpid5-xmessage-1.0.7' from 'https://cache.nixos.org'...
copying path '/nix/store/h5djmfa0i5ghzbm3h4iyjyr55pfm342q-xorg-locale' from 'https://cache.nixos.org'...
copying path '/nix/store/vm6fz47y86q6f1mhwsmy8f2cqn2ykqf6-glibc-2.42-84' from 'https://cache.nixos.org'...
copying path '/nix/store/0rxdvk02f6cbj7gv2mydf17dh7kbvrqz-xorgproto-2025.1' from 'https://cache.nixos.org'...
copying path '/nix/store/y4k7f46xqci803kfbi78sfy09r1a978x-xorgproto-2025.1' from 'https://cache.nixos.org'...
copying path '/nix/store/c59nif4kg2knyb8sy34bi0dfdgcfrbg7-xorgxrdp-0.10.5' from 'https://cache.nixos.org'...
copying path '/nix/store/sc1nis0y3nxwhwsi6g23ax3vxbqpnfc1-xprop-1.2.8' from 'https://cache.nixos.org'...
copying path '/nix/store/6j7x7hg0d5mrrphqfl6mlxvsmlfg22ag-xrandr-1.5.4' from 'https://cache.nixos.org'...
copying path '/nix/store/16ddvjq0pgxrfvgw2g3a5h40z4v2xmpl-xrdb-1.2.3' from 'https://cache.nixos.org'...
copying path '/nix/store/aizc0p2wynp58q43c9z9q3y8drc9xi3d-xset-1.2.6' from 'https://cache.nixos.org'...
copying path '/nix/store/z04i68yg8h098gmn3f791cyq9nky56yq-xsetroot-1.1.4' from 'https://cache.nixos.org'...
copying path '/nix/store/giql147c74zif8jxzaa02g1l22fjm3rn-xsettingsd-1.0.2' from 'https://cache.nixos.org'...
copying path '/nix/store/4sh8xds6acpkvb2f1dqh0jsgvgn5p2sy-libx11-1.8.13-dev' from 'https://cache.nixos.org'...
copying path '/nix/store/m9n4kl4gv4qp5kyz334fqhk2p9qamljw-libxau-1.0.12-dev' from 'https://cache.nixos.org'...
copying path '/nix/store/gl601sbj8md9f4gn59g43f4rg7fyh0b7-libxcomposite-0.4.7-dev' from 'https://cache.nixos.org'...
copying path '/nix/store/z8fiaf41l8zbhjsicvdgjilkqzycvlg4-libxdamage-1.1.7-dev' from 'https://cache.nixos.org'...
copying path '/nix/store/b8ibmndpzni0idlfr1crb200y6rkvfby-libxinerama-1.1.6-dev' from 'https://cache.nixos.org'...
copying path '/nix/store/r1bi2mshz08q1b36qr7njm7wkvnrc5xy-libxres-1.2.3-dev' from 'https://cache.nixos.org'...
copying path '/nix/store/yk95z4hjlzdk418px0fc797qszccfj5p-libxkbcommon-1.13.2' from 'https://cache.nixos.org'...
copying path '/nix/store/d0z7d2gfad9hdcvvz4wz5y3606ryn5bf-libxscrnsaver-1.2.5' from 'https://cache.nixos.org'...
copying path '/nix/store/qhw3400rrgalqgpa8ilc47sn38ml2jk1-libxshmfence-1.3.3-dev' from 'https://cache.nixos.org'...
copying path '/nix/store/9vvax647fg26lfwr2g3i8mkip6abbqs4-libepoxy-1.5.10-dev' from 'https://cache.nixos.org'...
copying path '/nix/store/4q2vyjrg1jz4dagqfwlr7wakjhzc2f47-libvdpau-1.5-dev' from 'https://cache.nixos.org'...
copying path '/nix/store/p7qxr05x9dzb0xxxss8iq73vaz8wjzwp-libxext-1.3.7-dev' from 'https://cache.nixos.org'...
copying path '/nix/store/cb8j7z57s1flq1b6s5gfn7gcfl1zdc8y-libxpm-3.5.19-dev' from 'https://cache.nixos.org'...
copying path '/nix/store/0p5nsfpza8g92hnrmrm1rqvm25l1mlgv-libxrender-0.9.12-dev' from 'https://cache.nixos.org'...
copying path '/nix/store/3r8h670yw6wqwhp0kj30ra741a9bhgbm-libxt-1.3.1-dev' from 'https://cache.nixos.org'...
copying path '/nix/store/4f07r5ilijmgd6r06l90zfz19c34rghv-libxxf86dga-1.1.7' from 'https://cache.nixos.org'...
copying path '/nix/store/yaszmgraww7cfzggxz3l6rc6lpx68bw0-setxkbmap-1.3.4' from 'https://cache.nixos.org'...
copying path '/nix/store/avr167sh72qrjw1589m3bckv6cs8i9s5-xkbcomp-1.5.0' from 'https://cache.nixos.org'...
copying path '/nix/store/8a55d6svjqxmwwvhz0z2yf6gpxmjaj0m-xsimd-14.3.0' from 'https://cache.nixos.org'...
copying path '/nix/store/c81pzcpdb59rlql7dbzf8s1f0hfci5ya-libei-1.6.0' from 'https://cache.nixos.org'...
copying path '/nix/store/1sqzajgcm7nk3knr8y2ygdxgsicrh72x-libxkbcommon-1.13.2-dev' from 'https://cache.nixos.org'...
copying path '/nix/store/rm558jnydby4rn0xi9ny5n6hglyky8p8-qemu-aarch64-binfmt-P' from 'https://cache.nixos.org'...
copying path '/nix/store/2r787dqs56ki0wk41i1w3alns3rgl3fh-xkbvalidate' from 'https://cache.nixos.org'...
copying path '/nix/store/gm8wkz37gxc0xiyf48k28c0n2a0bv0rs-libxi-1.8.3-dev' from 'https://cache.nixos.org'...
copying path '/nix/store/vlm6b696dk29bq9y316l48l15p2naj6j-xtrans-1.6.0' from 'https://cache.nixos.org'...
copying path '/nix/store/h0i1gqjmnwb06h30sdpr62vk2mcvsixy-libxrandr-1.5.5-dev' from 'https://cache.nixos.org'...
copying path '/nix/store/hrpz3flmc3ff4xb689w4hwclrysqnw5y-libxmu-1.3.1-dev' from 'https://cache.nixos.org'...
copying path '/nix/store/w264vf46sfx6mvrf6a670qgg51b9pywm-xdpyinfo-1.4.0' from 'https://cache.nixos.org'...
copying path '/nix/store/p95z7j6n9vkq2dlz07w63k55jrir2c2v-xvidcore-1.3.7' from 'https://cache.nixos.org'...
copying path '/nix/store/2z9djva9pzz2qydf6q7bprz0s4i40q7n-xwayland-24.1.13.tar.xz' from 'https://cache.nixos.org'...
copying path '/nix/store/kprk0hfljdxg538ipvlnhc7ibz42xxi4-xwininfo-1.1.6' from 'https://cache.nixos.org'...
copying path '/nix/store/6ql22ji70r4z83rch0bz5c9lcyb9bq6d-xxhash-0.8.3' from 'https://cache.nixos.org'...
copying path '/nix/store/bdwsskqikgdlq94xqh5dvyd8263w995g-xz-5.8.3' from 'https://cache.nixos.org'...
copying path '/nix/store/yyp2lz5xq2qz5x30hglmxcggmnly18sq-xz-5.8.3-doc' from 'https://cache.nixos.org'...
copying path '/nix/store/2d927hlqcqyi7q7a6qpmcmhii08g2dny-xz-5.8.3-man' from 'https://cache.nixos.org'...
copying path '/nix/store/sqh5795wz2zp5nbrc93bcwdk85hxs435-yaml-cpp-0.8.0' from 'https://cache.nixos.org'...
copying path '/nix/store/8y3zirawym4fw73j406zaqal24cv398q-yasm-1.3.0' from 'https://cache.nixos.org'...
copying path '/nix/store/w8pji0am6ifxz102b9q65fqp099ji833-libxaw-1.0.16-dev' from 'https://cache.nixos.org'...
copying path '/nix/store/d4ifzq8dqf2h9pvysvsdiaqm8479xm55-yelp-xsl-49.0' from 'https://cache.nixos.org'...
copying path '/nix/store/phqmdl1mbwd8r50my2hgiqgfja3cwsd9-yoke-0.8.1' from 'https://cache.nixos.org'...
copying path '/nix/store/0yzyrv02s6yvi1gxibpgndawr8ffzw6l-yoke-derive-0.8.1' from 'https://cache.nixos.org'...
copying path '/nix/store/my77d02bb2vl7jizwl8ykz46gm7nf3jj-yt-dlp-2026.08.19-doc' from 'https://cache.nixos.org'...
copying path '/nix/store/6h0n5w1jwrp6kic88hsgbvbamh7wshxr-yt-dlp-2026.08.19-man' from 'https://cache.nixos.org'...
copying path '/nix/store/iqrlg6fwsgpikla4nvd25099r94mdrd3-zd1211-firmware-1.5-zstd' from 'https://cache.nixos.org'...
copying path '/nix/store/apqjl4162bpyx7j6v2l2rsma62q8dljx-libunwind-1.8.3' from 'https://cache.nixos.org'...
copying path '/nix/store/0fb3jrf20z28598alm6g7rrsw6dz2cqj-xz-5.8.3-bin' from 'https://cache.nixos.org'...
copying path '/nix/store/jvld6rznzbfwgsng9xmwldya97vdg28r-zerocopy-0.8.39' from 'https://cache.nixos.org'...
copying path '/nix/store/j0c8v7z78ldv89pc4hy5q5a52k1x4d0h-zerocopy-derive-0.8.39' from 'https://cache.nixos.org'...
copying path '/nix/store/pwfipgnp9w9y6qy11nwpw01cmy6xmj2n-zerofrom-0.1.6' from 'https://cache.nixos.org'...
copying path '/nix/store/wzbr7sw89sqnc9ak44bc75w43s9xvvq7-zerofrom-derive-0.1.6' from 'https://cache.nixos.org'...
copying path '/nix/store/y917n86f4svn8bpzl07zncj7zpanjcc0-zeroize-1.8.2' from 'https://cache.nixos.org'...
copying path '/nix/store/kki7zvm93j8lasyqwfzwjw6hh9bfxnfi-zerotrie-0.2.3' from 'https://cache.nixos.org'...
copying path '/nix/store/ccic1vjvcqi74dw59wi69c5gyd1f3m7w-zerovec-0.11.5' from 'https://cache.nixos.org'...
copying path '/nix/store/ihvr03k230a4w2hya4237dbl0860r0z7-zerovec-derive-0.11.2' from 'https://cache.nixos.org'...
copying path '/nix/store/9z81h3x56qnr146a5b6gjg9z0dfqip72-zfs-user-2.4.4-man' from 'https://cache.nixos.org'...
copying path '/nix/store/ca8m3rhpgmd0q7k47cb9gb3a7622jdpc-gperftools-2.18.1' from 'https://cache.nixos.org'...
copying path '/nix/store/j21h758df64ccflslqhqpwd3rvmr9hl2-acl-2.4.0' from 'https://cache.nixos.org'...
copying path '/nix/store/70r4y9l4jr8c85n3k3q9b52m4g5qm52m-attr-2.6.0' from 'https://cache.nixos.org'...
copying path '/nix/store/9p1466lp7qxgxga8c66kcvz3rsixzzf5-bash-5.3p15' from 'https://cache.nixos.org'...
copying path '/nix/store/vlpbx09yym3ay7mdjskd1mdwlmabfcrq-brotli-1.2.0-lib' from 'https://cache.nixos.org'...
copying path '/nix/store/rl4k556ipy2xp6ldp4yk1f7nikc6m2fx-bzip2-1.0.8' from 'https://cache.nixos.org'...
copying path '/nix/store/h8qr5293yvbaj6h3la9pmara24ryr7yi-cdparanoia-iii-10.2' from 'https://cache.nixos.org'...
copying path '/nix/store/w3phrgj35vkmixywx1dyhgkyg63jd3ml-cjson-1.7.19' from 'https://cache.nixos.org'...
copying path '/nix/store/r0ifrkvyqfq1rmngq1c546w4pz94rnkx-dav1d-1.5.3' from 'https://cache.nixos.org'...
copying path '/nix/store/583i4wwqxyly1813af11jyrxk9gcy1bn-duktape-2.7.0' from 'https://cache.nixos.org'...
copying path '/nix/store/gwjlbxaq3ir1j14903v0hlv661mf1jzg-ed-1.22.5' from 'https://cache.nixos.org'...
copying path '/nix/store/vsghi3h39r28z2f2s4cz87f3il6lrdi3-ell-0.83' from 'https://cache.nixos.org'...
copying path '/nix/store/4r5gpq1kzi7smvrw8rxd6g3i1f0vialy-expand-response-params' from 'https://cache.nixos.org'...
copying path '/nix/store/f618jfkkvw9hmjjck8yfvgkwmdxbxz2k-expand-response-params' from 'https://cache.nixos.org'...
copying path '/nix/store/0rgbpqsbfsbr582wgblbyn8qhvdflk9y-expat-2.8.3' from 'https://cache.nixos.org'...
copying path '/nix/store/2dgq76ska4b6fsiz1vgkvvpqilp9jfkd-bzip2-1.0.8-bin' from 'https://cache.nixos.org'...
copying path '/nix/store/d63kyjdbkcksh7lbhi207his13v67wcy-fdk-aac-2.0.3' from 'https://cache.nixos.org'...
copying path '/nix/store/8r8vh2k3wddw8bs147xmxbzjs9v67vr8-fribidi-1.0.16' from 'https://cache.nixos.org'...
copying path '/nix/store/jjgmqah3bmkwhj6adp1zpmmwr49adh0w-gawk-5.4.1' from 'https://cache.nixos.org'...
copying path '/nix/store/7wq6k0g132ib0hjv2nk6q0sa7q91jmkv-gcc-15.3.0-lib' from 'https://cache.nixos.org'...
copying path '/nix/store/h869ldcww9ahxskpfqkj1mxn7944q24x-gdbm-1.26-lib' from 'https://cache.nixos.org'...
copying path '/nix/store/l4sj0wr0j6idz2c471466lyy9njd9hbs-giflib-6.1.3' from 'https://cache.nixos.org'...
copying path '/nix/store/wz9lsl3cybilp8fs2fjgj6s3cbppx9vc-glibc-2.42-84-bin' from 'https://cache.nixos.org'...
copying path '/nix/store/g87n445bbydcfsshv0qf8720snv40xk4-glibc-multi-2.42-84' from 'https://cache.nixos.org'...
copying path '/nix/store/7s9x3jz7n2681z2gaqqjr743wvsnwcw6-gmp-6.3.0' from 'https://cache.nixos.org'...
copying path '/nix/store/m2ljzvwsjdxjgcwcmyllfm9cqhl8b661-gnum4-1.4.21' from 'https://cache.nixos.org'...
copying path '/nix/store/3s6dl2b3xcbf4hpd8119bhgfv95f2m6j-gnumake-4.4.1' from 'https://cache.nixos.org'...
copying path '/nix/store/gdg29nzpgkbp87syam6yy68n3r95vixm-gnused-4.10' from 'https://cache.nixos.org'...
copying path '/nix/store/6vmkgmh8irxraz3p0df1zq65d9dy1bfn-gnutar-1.35' from 'https://cache.nixos.org'...
copying path '/nix/store/059x7bx8a35qc910frn0s1klijz44w7w-gzip-1.14' from 'https://cache.nixos.org'...
copying path '/nix/store/j2n52agldghmq89mvs94wz3nkdcjssjh-jansson-2.15.0' from 'https://cache.nixos.org'...
copying path '/nix/store/ysx0x1i6c2ccz31kv22pq4s7rszyz38h-gcc-15.3.0-lib' from 'https://cache.nixos.org'...
copying path '/nix/store/7pd15h6q2vv1a0r9lh2piwz3xs2sx50h-glibc-multi-2.42-84-bin' from 'https://cache.nixos.org'...
copying path '/nix/store/6qlnx8z3ncf1f96cxqpfpxskp784bzl3-json-c-0.18' from 'https://cache.nixos.org'...
copying path '/nix/store/c8mn4fip6ybjmz30h09yh74m08zixyfk-keyutils-1.6.3-lib' from 'https://cache.nixos.org'...
copying path '/nix/store/bxxw0n5w1s58spkia41sfgscdzy4zkxq-isl-0.20' from 'https://cache.nixos.org'...
copying path '/nix/store/93p8z71lh381is8f3rrf7x5ylyyjmvid-lame-3.100-lib' from 'https://cache.nixos.org'...
copying path '/nix/store/y8s31ci4l9bflj0hy474lbpj2ih4xpjx-lcms2-2.19.1' from 'https://cache.nixos.org'...
copying path '/nix/store/sl6n35xislavl00gb6a6ww5gkyk21dsw-ldacbt-2.0.72' from 'https://cache.nixos.org'...
copying path '/nix/store/8pkcinl929i4krn2apc5pwmgkrb32rqw-glibc-2.42-84-dev' from 'https://cache.nixos.org'...
copying path '/nix/store/70xlpfdkhw1scrndnvz8w2p8d06axy5q-libapparmor-5.0.2' from 'https://cache.nixos.org'...
copying path '/nix/store/b62d870qrjxyfmwxvnsj00d8dgazdfsx-libcap-2.78-lib' from 'https://cache.nixos.org'...
copying path '/nix/store/pm7xp990xvmjy5hdmq1fnadmf7n4nxg8-libcap-ng-0.9.3' from 'https://cache.nixos.org'...
copying path '/nix/store/b68ma3dlby4jdjyp3shf7zncaqihffcn-libcbor-0.14.0' from 'https://cache.nixos.org'...
copying path '/nix/store/xfh0xbncsr2lk6xs951n9f9b94vb9qcx-libdaemon-0.14' from 'https://cache.nixos.org'...
copying path '/nix/store/0kk44nljnfawbp70f3yjz9pb6n5zvz60-db-4.8.30' from 'https://cache.nixos.org'...
copying path '/nix/store/r2pk95h979dd2gw3csdkil9l8i0pkh4z-fftw-double-3.3.11' from 'https://cache.nixos.org'...
copying path '/nix/store/pwlsnmpq707vb333lg0si8nd6pi6lam9-fftw-single-3.3.11' from 'https://cache.nixos.org'...
copying path '/nix/store/r65v68xpmy3srwiqd3w4in32vc4lndzk-gmp-with-cxx-6.3.0' from 'https://cache.nixos.org'...
copying path '/nix/store/valkc3xp7zpkkr7c9970v5566liskdd4-gmp-with-cxx-6.3.0' from 'https://cache.nixos.org'...
copying path '/nix/store/0ja6yxd4c74n1iiff3sxlv3s7fycqsds-graphite2-1.3.15' from 'https://cache.nixos.org'...
copying path '/nix/store/b3rn512kkr6p7z6pkvq322szwlh3yk5v-audit-4.2.1-lib' from 'https://cache.nixos.org'...
copying path '/nix/store/70rg94b0i3cm1xpy3vamvbwmgzk6pgr6-gtest-1.17.0' from 'https://cache.nixos.org'...
copying path '/nix/store/40f3apihr1ikfk2w8wilkbirfhgxa2h2-icu4c-78.3' from 'https://cache.nixos.org'...
copying path '/nix/store/45vklxcj76ws1q5s10449g39zd76914v-lerc-4.2.0' from 'https://cache.nixos.org'...
copying path '/nix/store/a6l81hk2r8cqy8glxg5dk9qcn6yxdg8m-libcap-2.78' from 'https://cache.nixos.org'...
copying path '/nix/store/j0idm9q52wq9pz2j16yzri4plbmnc3m5-glibc-multi-2.42-84-dev' from 'https://cache.nixos.org'...
copying path '/nix/store/4izmwgj4ga047mr4lqydb396ryf5d83h-libconfig-1.8.2' from 'https://cache.nixos.org'...
copying path '/nix/store/h3jbj83j43fw6p1sldqrzzwg1jf357hl-libdatrie-2019-12-20-lib' from 'https://cache.nixos.org'...
copying path '/nix/store/1akcb3a4crccimwb23cjvbri785plsw1-coreutils-9.11' from 'https://cache.nixos.org'...
copying path '/nix/store/6zha5n5kzs4lykqdl0kqq6mpmsv0pnwk-libdeflate-1.25' from 'https://cache.nixos.org'...
copying path '/nix/store/lm82vzby6nbnkxlkbxnf1562dsk46rmy-libdisplay-info-0.4.0' from 'https://cache.nixos.org'...
copying path '/nix/store/62fdvm45kyn1y4whrni7ga1dm38rwkgb-libebur128-1.2.6' from 'https://cache.nixos.org'...
copying path '/nix/store/6323k66pxf9df9qg1xpza8zgx1kh7ly2-abseil-cpp-20260107.1' from 'https://cache.nixos.org'...
copying path '/nix/store/lwbrl8hlsc6gi4y9ygmj7kijp0pc63k9-libevent-2.1.13' from 'https://cache.nixos.org'...
copying path '/nix/store/hfqxdia6336w9j5j9wqx8l6x3yhc9j0n-libffi-3.8.0' from 'https://cache.nixos.org'...
copying path '/nix/store/9xs31k9m5xznhhss70dp14h7qg1x7c55-libfreeaptx-0.2.2' from 'https://cache.nixos.org'...
copying path '/nix/store/5i7dqrk1wpp0zy3x7g13xnmwnlbflcz2-libgpg-error-1.61' from 'https://cache.nixos.org'...
copying path '/nix/store/hcd1f1bys0n9ncchz9j6qlz13drxwqc2-libjpeg-turbo-3.1.4.1' from 'https://cache.nixos.org'...
copying path '/nix/store/j4pp29jmxljm57r54mh8mkgvk5cbgbvs-liblc3-1.1.3' from 'https://cache.nixos.org'...
copying path '/nix/store/d12xnw4rji3rmkhp1gcxpv35kywacx2i-libmad-0.15.1b' from 'https://cache.nixos.org'...
copying path '/nix/store/qmnwcgd4dp2ldnmwbkzcasjkqxg1d1l1-libmnl-1.0.5' from 'https://cache.nixos.org'...
copying path '/nix/store/36g762m589df53k7xdndc2mijv1gh6s3-diffutils-3.12' from 'https://cache.nixos.org'...
copying path '/nix/store/qqzy9k6dsp6782khgmiifzizbl99c8f6-findutils-4.11.0' from 'https://cache.nixos.org'...
copying path '/nix/store/cwjpvn657yvh29wc8xam2ys8z1x64zqb-libmpg123-1.33.7' from 'https://cache.nixos.org'...
copying path '/nix/store/filalrnvgjvn238vgl9967dgpw5f3a9g-libndp-1.9' from 'https://cache.nixos.org'...
copying path '/nix/store/74fhwvdzihcnvzganpvj4pvcz9saqfkv-libnfnetlink-1.0.2' from 'https://cache.nixos.org'...
copying path '/nix/store/xznxpbfhmyxcpmccbqggdr4myk1dxgg8-libnl-3.12.0' from 'https://cache.nixos.org'...
copying path '/nix/store/cjwz67skg8arh2pr151c95qacvqlr3fn-libgcrypt-1.12.2-lib' from 'https://cache.nixos.org'...
copying path '/nix/store/933772hm2j5h0pxn191jg5m2kqmp1v57-libogg-1.3.6' from 'https://cache.nixos.org'...
copying path '/nix/store/glg1hb10gh0cglphanapri4d22pwjiy2-libopus-1.6.1' from 'https://cache.nixos.org'...
copying path '/nix/store/m6d6j05rk8qy4kxj7c0saxdga6f56mrw-libpciaccess-0.19' from 'https://cache.nixos.org'...
copying path '/nix/store/5498g7vhd62bc9bbmcj9vfc7xhril53x-libplacebo-5.264.1' from 'https://cache.nixos.org'...
copying path '/nix/store/xfwnqdqj7s6zlg9mid53rrqx5hwick5q-ethtool-7.1' from 'https://cache.nixos.org'...
copying path '/nix/store/2m3rmxyzwsjwf107ahjwhwdf2j6sbd2s-libnftnl-1.3.1' from 'https://cache.nixos.org'...
copying path '/nix/store/9sqb9s6c5lk7fv72bzkdnwhsbq3k46rq-libpsl-0.21.5' from 'https://cache.nixos.org'...
copying path '/nix/store/cpm9w2iqb92i6isb7c0xgc85p94rprqh-libnetfilter_conntrack-1.1.1' from 'https://cache.nixos.org'...
copying path '/nix/store/8s4qblsy6kjgwwfkmwfzkr4fyynws0rf-libraw1394-2.1.2' from 'https://cache.nixos.org'...
copying path '/nix/store/3skjalnhbn08qsn1q3srpm40xmc1lv5f-flac-1.5.0' from 'https://cache.nixos.org'...
copying path '/nix/store/8hsxflhf50j77lv2sabs5h0l5a9jch1g-libdrm-2.4.134' from 'https://cache.nixos.org'...
copying path '/nix/store/las75sa53bmhkvcxcrpm3sghbw780qr4-libsamplerate-0.2.2' from 'https://cache.nixos.org'...
copying path '/nix/store/xk4h3vx1z0449qnqia0cganwd5r75qx5-libseccomp-2.6.1-lib' from 'https://cache.nixos.org'...
copying path '/nix/store/517yyd4fjrfpq182jqihhpyz2iiyrmjv-libsigc++-2.12.1' from 'https://cache.nixos.org'...
copying path '/nix/store/b3sqp90jknd01yjb5m3bvykmklkf63zg-libtasn1-4.21.0' from 'https://cache.nixos.org'...
copying path '/nix/store/sjqazkawzvwgxxnm8bv3pgrxn5hkfkiy-libthai-0.1.30' from 'https://cache.nixos.org'...
copying path '/nix/store/9dqk59cm38540jq8vmr95r250n4hlbs5-libtheora-1.2.0' from 'https://cache.nixos.org'...
copying path '/nix/store/gl78vyfrrwzfmhpfv75mm3x0axi0sd2x-iptables-1.8.13-lib' from 'https://cache.nixos.org'...
copying path '/nix/store/95ahwwbch6bndvbmw4yqridqa2zz4hpn-libtool-2.6.2-lib' from 'https://cache.nixos.org'...
copying path '/nix/store/0v449zgaarz80nplg943kwyisbra33vp-libuv-1.52.1' from 'https://cache.nixos.org'...
copying path '/nix/store/zncvb59bhzyci8bv9rwzcpmy9z7vca67-libavc1394-0.5.4' from 'https://cache.nixos.org'...
copying path '/nix/store/di01rrhmw09fcyndf3mmvgn4rfxdcbjy-libiec61883-1.2.0' from 'https://cache.nixos.org'...
copying path '/nix/store/m6j4lwpmhrybcb3lb9rb6m9b29w1h86i-libvmaf-3.0.0' from 'https://cache.nixos.org'...
copying path '/nix/store/pgl5pjs1ilg2i17ra1rk1cry1dlpb6kf-libdrm-2.4.134-bin' from 'https://cache.nixos.org'...
copying path '/nix/store/vl60b97iqhaz91zik7y480razpgqjqsz-libva-minimal-2.24.1' from 'https://cache.nixos.org'...
copying path '/nix/store/29psc52rk4j8ssjkaskdcc2bhdj19l5m-libvorbis-1.3.7' from 'https://cache.nixos.org'...
copying path '/nix/store/a3k2migv1girv0rgxzwwx6xpjsm0mml0-libvpx-1.16.0' from 'https://cache.nixos.org'...
copying path '/nix/store/vbr73a7yhmvzqz9w70ylv5n86ypnalyb-libxau-1.0.12' from 'https://cache.nixos.org'...
copying path '/nix/store/izqqlg5smh7rykklg1v08r4v1w41pkbp-libxcrypt-4.5.2' from 'https://cache.nixos.org'...
copying path '/nix/store/khm0zidsy4w0gr1wi3w71r5d4v9xxcwc-libxdmcp-1.1.5' from 'https://cache.nixos.org'...
copying path '/nix/store/00hqwrfhrg6b9p7sli7v56rshnh9jv42-libxml2-2.15.3' from 'https://cache.nixos.org'...
copying path '/nix/store/w7rxxm0w42cs497ix1iswv2ni7bl9gp6-libxshmfence-1.3.3' from 'https://cache.nixos.org'...
copying path '/nix/store/8dgcvfhlnznavzm2mq60niypbsz7k4ds-libyaml-0.2.5' from 'https://cache.nixos.org'...
copying path '/nix/store/z7s13cdlyvxz36r8fjgdhq9cxgc1b876-libyuv-1908' from 'https://cache.nixos.org'...
copying path '/nix/store/nv34d2vf7j6bx229v3irbs36ifqs2is9-libaom-3.12.1' from 'https://cache.nixos.org'...
copying path '/nix/store/7a3j4m4nmzn853lrxdggifh7v14jdz5i-libdrm-2.4.134-dev' from 'https://cache.nixos.org'...
copying path '/nix/store/cikvzlqhg7p3kv6kz0jby29ivj4pkzm1-lm-sensors-3.6.2' from 'https://cache.nixos.org'...
copying path '/nix/store/3jjhhxgr36jka5vpcyw69gdk14vh5h9z-lndir-1.0.5' from 'https://cache.nixos.org'...
copying path '/nix/store/1656p0491x7abz8lh7y0hcrag5vg1r1f-libxcb-1.17.0' from 'https://cache.nixos.org'...
copying path '/nix/store/nb5mhm8bq3wrqafywj6v5f6zyaxjz1i6-libsndfile-1.2.2' from 'https://cache.nixos.org'...
copying path '/nix/store/yn0dhqci1lcyzp4d950xhjhl6ygr730w-lz4-1.10.0-lib' from 'https://cache.nixos.org'...
copying path '/nix/store/jbkhywh4qxkiybv8bkdvk3jkxs7ldq2v-lzo-2.10' from 'https://cache.nixos.org'...
copying path '/nix/store/zr232f8gkvmb2fc5dj0jxf4l76q4md90-make-shell-wrapper-hook' from 'https://cache.nixos.org'...
copying path '/nix/store/3zfzpl3w8qqjkcq23jjml4wl6v0hcq2i-libxml2-2.15.3-bin' from 'https://cache.nixos.org'...
copying path '/nix/store/ih1whapqp1igg5swcmzbgzwlwn2wbasc-libxslt-1.1.45' from 'https://cache.nixos.org'...
copying path '/nix/store/w2mfza170gxg7li7sc3myg2r94y1j8z5-mbedtls-3.6.7' from 'https://cache.nixos.org'...
copying path '/nix/store/7p1521ifrw85y37srj8ldx3dhwmlaknn-mpdecimal-4.0.1' from 'https://cache.nixos.org'...
copying path '/nix/store/469wj5nrii7pjwjszs5ihrwl6v9mi905-mesa-libgbm-26.1.3' from 'https://cache.nixos.org'...
copying path '/nix/store/zq9jhxwbvabh0z0izpnw4i50bvhpmkxk-mpfr-4.2.2' from 'https://cache.nixos.org'...
copying path '/nix/store/qmdvrj4smxqwaw4sj5vxb6i8fxadfnmp-ncurses-6.6' from 'https://cache.nixos.org'...
copying path '/nix/store/va5n26aalrjyy25m1p521hb42lb6yfbw-libx11-1.8.13' from 'https://cache.nixos.org'...
copying path '/nix/store/2a1sg1kxg0f5y4hvm020chzvivf01bzi-libxcb-1.17.0-dev' from 'https://cache.nixos.org'...
copying path '/nix/store/s1mwicfjdfh6965jca2jmmqvq212zqp2-libxcb-keysyms-0.4.1' from 'https://cache.nixos.org'...
copying path '/nix/store/sz5fyx66w8jhf7v7zgkgyfcsmvw9f1z0-libxml2-2.15.3-dev' from 'https://cache.nixos.org'...
copying path '/nix/store/fgh9pszz8jyrv268vigvjlx15mqvki6i-libxslt-1.1.45-bin' from 'https://cache.nixos.org'...
copying path '/nix/store/qxp4bpaawg497jggm5arlsqfrja8cqmg-nettle-3.10.2' from 'https://cache.nixos.org'...
copying path '/nix/store/li9z4mas2g83iszygxq6vznsk8w72crz-nghttp2-1.70.0-lib' from 'https://cache.nixos.org'...
copying path '/nix/store/9pbg42xlmm0zpz0nh1d3y6k1s7jj88a7-nghttp3-1.16.0' from 'https://cache.nixos.org'...
copying path '/nix/store/w693azhghf9k1lgdkh0fha6gbsjf9lan-libmpc-1.4.1' from 'https://cache.nixos.org'...
copying path '/nix/store/6dw2piy65p0abrsknp85iv46j58v3vpv-ninja-1.13.2' from 'https://cache.nixos.org'...
copying path '/nix/store/rxrbdj8cmb64q4r5zlk2y24kjll70f51-numactl-2.0.18' from 'https://cache.nixos.org'...
copying path '/nix/store/wmlz763gh0yy97dmvq9nvh075bjysk0b-ocl-icd-2.3.5' from 'https://cache.nixos.org'...
copying path '/nix/store/zsi7shv5pzppnz9f1zh0wm6lp8wigy6q-oniguruma-6.9.10-lib' from 'https://cache.nixos.org'...
copying path '/nix/store/a7h92qafdc8b7rxzfcl2mybd0220y32q-libxslt-1.1.45-dev' from 'https://cache.nixos.org'...
copying path '/nix/store/1rz4gi16b216qsanf4g0w5bh22wr17kf-librist-0.2.11' from 'https://cache.nixos.org'...
copying path '/nix/store/4hqhwddj6vczhc5yj9mal097nw6kiazh-openapv-0.2.1.3' from 'https://cache.nixos.org'...
copying path '/nix/store/lsmgpaw0awn6170p92hi1m49syj14i6i-openfec-1.4.2.12' from 'https://cache.nixos.org'...
copying path '/nix/store/akdd4iivdl1n1qz1g80fk6xyn32q40yr-openresolv-3.17.4' from 'https://cache.nixos.org'...
copying path '/nix/store/fiz2kw3gwp4bifqibgr8nccfrim2dl4r-libx11-1.8.13-dev' from 'https://cache.nixos.org'...
copying path '/nix/store/f4iyr8fdkxj88czkjvrvfwg7yikhy308-libxext-1.3.7' from 'https://cache.nixos.org'...
copying path '/nix/store/l5d9crslb811ghcxn034xws4xng9qbbp-libxfixes-6.0.2' from 'https://cache.nixos.org'...
copying path '/nix/store/4sscgqyy19bs0vaig7wgvs7s2k6rgmwj-libxrender-0.9.12' from 'https://cache.nixos.org'...
copying path '/nix/store/mgdg76mcpha6hb8hcqdwq0d6lhcclacz-lttng-ust-2.15.1' from 'https://cache.nixos.org'...
copying path '/nix/store/k16j2jgwa6dvsx28y18q96ag2cpg4qr8-jq-1.8.2' from 'https://cache.nixos.org'...
copying path '/nix/store/3dl3hs0bx40zp6r4i7psm0pn8rjnz7rm-openssl-3.6.3' from 'https://cache.nixos.org'...
copying path '/nix/store/qjsczrvpdm3194jafd71ixfgvv12kwjj-orc-0.4.42' from 'https://cache.nixos.org'...
copying path '/nix/store/minmz6asdmzqm39dqdclshn3xwfy0z47-p11-kit-0.26.2' from 'https://cache.nixos.org'...
copying path '/nix/store/fwc19n51ycqi2i7vyyp0j74qmasgah0d-patch-2.8' from 'https://cache.nixos.org'...
copying path '/nix/store/6gy8pa9wzbb04a32i13nycvxng8nxysv-patchelf-0.15.2' from 'https://cache.nixos.org'...
copying path '/nix/store/4wvk0f9qq3kmk3qs9iz9lffdnzqdqi9i-libedit-20260508-3.1' from 'https://cache.nixos.org'...
copying path '/nix/store/vgkxfhf60js42lj3437vy63jm24mzsam-pcre2-10.47' from 'https://cache.nixos.org'...
copying path '/nix/store/9fxihxc76p006kl70ias9d7piplcxs39-libglvnd-1.7.0' from 'https://cache.nixos.org'...
copying path '/nix/store/xr6c4zvpm4gqnp337ia0n4ragnch5lnh-libxi-1.8.3' from 'https://cache.nixos.org'...
copying path '/nix/store/mfxphv01pa5z87hpk0vzp18sna7l46mw-libxv-1.0.13' from 'https://cache.nixos.org'...
copying path '/nix/store/brnrjgj9dqvhp6f2spmh75j1c2j881lx-libxrandr-1.5.5' from 'https://cache.nixos.org'...
copying path '/nix/store/xx5kz68vyijj7plhbg1r6vnfcwyijh72-jq-1.8.2-bin' from 'https://cache.nixos.org'...
copying path '/nix/store/s679b3psi529i9j17ph7rpcga5azdid7-libxxf86vm-1.1.7' from 'https://cache.nixos.org'...
copying path '/nix/store/c57vjgjlsq0g92swyvl7xj5bny5rxl2a-pcsclite-2.4.1-lib' from 'https://cache.nixos.org'...
copying path '/nix/store/5nvxjkrmxs78sqgygr52j0c8yykmpjj7-pixman-0.46.4' from 'https://cache.nixos.org'...
copying path '/nix/store/x73k4jdddvs3xpjk4l93lbcdamhb4hqr-nftables-1.1.6' from 'https://cache.nixos.org'...
copying path '/nix/store/wqindd172vj2ryi81ld2yjvkhxlr1vp1-pkg-config-0.29.2' from 'https://cache.nixos.org'...
copying path '/nix/store/9z53m6y3qi9gba9ws3z2a0djr5y7ank8-popt-1.19' from 'https://cache.nixos.org'...
copying path '/nix/store/nvif14hz63kjf6qp4fypil1m8q3ivk1p-qrencode-4.1.1' from 'https://cache.nixos.org'...
copying path '/nix/store/50bi46l3i6kd85fr9nvh08am5vdf93rl-libglvnd-1.7.0-dev' from 'https://cache.nixos.org'...
copying path '/nix/store/zbghpa00f1mwd505svdp28v0mnkwba39-gnugrep-3.12' from 'https://cache.nixos.org'...
copying path '/nix/store/2b65inm8g8xl01h815xsp8dh726lx531-libselinux-3.10' from 'https://cache.nixos.org'...
copying path '/nix/store/q3pcv4x2wxj5jbf10k95s5l8722dxrxb-readline-8.3p3' from 'https://cache.nixos.org'...
copying path '/nix/store/24ws1wn9psb1lpgx76r7w509kqrd420w-sbc-2.2' from 'https://cache.nixos.org'...
copying path '/nix/store/j1pgy0y3js71r5rxin19dpg2qcjqy6i2-serd-0.32.10' from 'https://cache.nixos.org'...
copying path '/nix/store/3s1jsaz534diyw2wzwa78zbiv7skiv69-soxr-0.1.3' from 'https://cache.nixos.org'...
copying path '/nix/store/4ry6a8hb049lipy8scxc20k3q9n4ya95-speex-1.2.1' from 'https://cache.nixos.org'...
copying path '/nix/store/9n8jc1z8ysmjydj74xn05hin12d216ng-krb5-1.22.2-lib' from 'https://cache.nixos.org'...
copying path '/nix/store/zwkk7vw9x6p3xm0ni924b7wrma3qh4g7-libtpms-0.10.2-unstable-2026-05-06' from 'https://cache.nixos.org'...
copying path '/nix/store/ln8b37nb4q9d4laxcq6wys3702l8ghlv-ngtcp2-1.23.0' from 'https://cache.nixos.org'...
copying path '/nix/store/i2f2kg457a7vw4j6zz8wl9v1insdyddn-opusfile-0.12' from 'https://cache.nixos.org'...
copying path '/nix/store/fpy0zp34m351rssxkzb6kiza8pn0bqv5-pkg-config-wrapper-0.29.2' from 'https://cache.nixos.org'...
copying path '/nix/store/2jwn7m89b86mqq6qdmy3aj16xk53krm2-speexdsp-1.2.1' from 'https://cache.nixos.org'...
copying path '/nix/store/qpgsljqciz2yhjhy6hls65kkali3p2jx-srt-1.5.6' from 'https://cache.nixos.org'...
copying path '/nix/store/n04f7dj0arg3v9h1h8y01spf1qkbnmvh-svt-av1-4.1.0' from 'https://cache.nixos.org'...
copying path '/nix/store/1nv6z876924g84jvmdq6p7fqhpi270hn-bash-interactive-5.3p15' from 'https://cache.nixos.org'...
copying path '/nix/store/pv5xx8zgaqvpis3qwqd0jsf0y51nn9sa-unbound-1.26.0-lib' from 'https://cache.nixos.org'...
copying path '/nix/store/sivpcqqz85px5xxyi5ssv8r1dksmhpbj-util-linux-minimal-2.42.2-lib' from 'https://cache.nixos.org'...
copying path '/nix/store/8zssg9kcpfpnhqv6java50jigrmpdbhf-util-linux-minimal-2.42.2-login' from 'https://cache.nixos.org'...
copying path '/nix/store/wm6nhgcsc1d7m287f6adm9qaswdr1w9x-vid.stab-1.1.1-unstable-2025-08-21' from 'https://cache.nixos.org'...
copying path '/nix/store/4q9i3yxr7g8qh589bcclkig63rp9kzih-vulkan-loader-1.4.357.0' from 'https://cache.nixos.org'...
copying path '/nix/store/lyy1xpd0abam55lk1dr7p65klak174f4-wavpack-5.9.0' from 'https://cache.nixos.org'...
copying path '/nix/store/7xg4b9bpn5hpd8qdkjywks6yy2qd2883-wayland-1.26.0' from 'https://cache.nixos.org'...
copying path '/nix/store/6py8w9h5bqx0yfsdw53kr9959ic60kkq-wayland-scanner-1.26.0-bin' from 'https://cache.nixos.org'...
copying path '/nix/store/428v2q278zfcq10qkmh3iyfnm0zlbrwz-webrtc-audio-processing-2.1' from 'https://cache.nixos.org'...
copying path '/nix/store/9s7i07jrgg70yj37dgp730mn0a0k0vhz-x264-0-unstable-2025-01-03-lib' from 'https://cache.nixos.org'...
copying path '/nix/store/5wcsaxpfdqvc2fbd8m441krc7cc6gk9f-x265-4.2' from 'https://cache.nixos.org'...
copying path '/nix/store/4kv7c6ki8xh82kaxfnykk96dg11kmqv5-gnutls-3.8.13' from 'https://cache.nixos.org'...
copying path '/nix/store/wmqqs8720wbpqqsxka903wgr7dvxfzfy-systemd-minimal-libs-261.2' from 'https://cache.nixos.org'...
copying path '/nix/store/qc5sj9r960p6nzlkb1ypk8b06f4zirjr-xvidcore-1.3.7' from 'https://cache.nixos.org'...
copying path '/nix/store/vxskdd8aynmbwn73p4d1m28izg9hkaqn-wayland-scanner-1.26.0-dev' from 'https://cache.nixos.org'...
copying path '/nix/store/mrhln7bvslh29fh93ajm418hq833qgxs-libva-2.24.1' from 'https://cache.nixos.org'...
copying path '/nix/store/nizwbyhv68mxq0yh0p1lxla22l31l5ql-wayland-1.26.0-dev' from 'https://cache.nixos.org'...
copying path '/nix/store/w3rv5x7bj23b3s3k9pli0fjcnx1f4mjv-xz-5.8.3' from 'https://cache.nixos.org'...
copying path '/nix/store/5dykqrnrbf4xkyblmi95y1mqlicnj0rb-glib-2.88.3' from 'https://cache.nixos.org'...
copying path '/nix/store/y5wm7dfqpbqjx7nsmp67dpazfdkfqxlh-util-linux-minimal-2.42.2-mount' from 'https://cache.nixos.org'...
copying path '/nix/store/pk57x9ah1zz13zwarp0k0g2jzfi7chdm-util-linux-minimal-2.42.2-swap' from 'https://cache.nixos.org'...
copying path '/nix/store/gbzc2cpjmhylnmwljbqa1pwmli5a2n1v-xz-5.8.3-dev' from 'https://cache.nixos.org'...
copying path '/nix/store/41954sdr882wqm5w2ss985sc3clpb408-zimg-3.0.6' from 'https://cache.nixos.org'...
copying path '/nix/store/j61ix28x4qnax9s7p3g9h6l2nkvvc0wy-zimg-3.0.6' from 'https://cache.nixos.org'...
copying path '/nix/store/qwj8k0j2bsczcnmdgdd6p8d8i9w0rjhi-zix-0.8.2' from 'https://cache.nixos.org'...
copying path '/nix/store/ys2pf7pp5jvzzh1s8xgfjv1xg7km3hf1-zix-0.8.2' from 'https://cache.nixos.org'...
copying path '/nix/store/l3p6y554mkxi4vipnnp8809kxj0g1lyv-zlib-1.3.2' from 'https://cache.nixos.org'...
copying path '/nix/store/zajs6r8s3kjgf6zdyry3yzagj9hk0q6b-zlib-1.3.2' from 'https://cache.nixos.org'...
copying path '/nix/store/l6rfigcz9yzg4dbn6z0k0r44rz6g2fsg-zlib-1.3.2-static' from 'https://cache.nixos.org'...
copying path '/nix/store/rs6jz4k4897k9k2d159ibd5cz29p30n3-libunwind-1.8.3' from 'https://cache.nixos.org'...
copying path '/nix/store/wvjhv846npc1bq7g6i6ch0jayzg3hdz5-xz-5.8.3-bin' from 'https://cache.nixos.org'...
copying path '/nix/store/xzf8paaqy3f4i5w6pzh74ddhp7050vwq-libmicrohttpd-1.0.6' from 'https://cache.nixos.org'...
copying path '/nix/store/cyxqna29153mr9bynzadaxj450kqc8d1-libunwind-1.8.3-dev' from 'https://cache.nixos.org'...
copying path '/nix/store/dg1idqnxgl389kjiks8jymh43cl73lp4-sord-0.16.22' from 'https://cache.nixos.org'...
copying path '/nix/store/2pdmpcspnk3y430cjcyrns4z8zhvpnvn-sord-0.16.22' from 'https://cache.nixos.org'...
copying path '/nix/store/s17x7bnrq6yxyq7bczn6z0vqscz3dj42-zlib-1.3.2-static' from 'https://cache.nixos.org'...
copying path '/nix/store/b2kyqjnd18jp3warmd21qw4izfd86jw9-zlib-ng-2.3.3' from 'https://cache.nixos.org'...
copying path '/nix/store/irh06sw2pan90p8bil9p7dvll69y46hy-atomicparsley-20240608.083822.1ed9031' from 'https://cache.nixos.org'...
copying path '/nix/store/pv8r845032qgj90a6mbqap950s5hqdjk-binutils-2.46-lib' from 'https://cache.nixos.org'...
copying path '/nix/store/h713yn364zy9bi0xwvnfwcp74w08sn76-binutils-2.46-lib' from 'https://cache.nixos.org'...
copying path '/nix/store/bbla2lm6pwc6c8hiwlf216xmkrhwkfp8-clucene-core-2.3.3.4' from 'https://cache.nixos.org'...
copying path '/nix/store/laa2rxlj6rpd5nkhlpijp96pkcj192pa-cracklib-2.10.3' from 'https://cache.nixos.org'...
copying path '/nix/store/m91iws2xw6gzjfwpr032820xs7gbkn9k-cracklib-2.10.3' from 'https://cache.nixos.org'...
copying path '/nix/store/3n9nxibf1ny4iavn1k7s04ybprvlnp69-dhcpcd-10.3.2' from 'https://cache.nixos.org'...
copying path '/nix/store/ra5hfij2c7gilwk9kvm777gl17rmxcgv-exempi-2.6.6' from 'https://cache.nixos.org'...
copying path '/nix/store/14jrfblr5402fibxr6xipl4m79rjhhy4-exiv2-0.28.8-lib' from 'https://cache.nixos.org'...
copying path '/nix/store/fdkn5gf8aqczw20aq3gskda1vkvi8ca5-file-5.48' from 'https://cache.nixos.org'...
copying path '/nix/store/n7qn73s2kmpgbpq3xwzkibrgfbs2nbfx-file-5.48' from 'https://cache.nixos.org'...
copying path '/nix/store/xcab8m6wdrd30l10bw3hkz32yiibynzv-file-5.48' from 'https://cache.nixos.org'...
copying path '/nix/store/5j742jzcd15932qf7a42lp2d5bhl08zr-dconf-0.49.0-lib' from 'https://cache.nixos.org'...
copying path '/nix/store/ykrpgmrrdm7w22dykziy6l61ic6i1d3w-file-5.48' from 'https://cache.nixos.org'...
copying path '/nix/store/nzp1czw94af38d0jxhpcxh36fp1f77xi-game-music-emu-0.6.5' from 'https://cache.nixos.org'...
copying path '/nix/store/5pa1282x1sasbwhmnah6bny1g9pc2lj1-binutils-2.46' from 'https://cache.nixos.org'...
copying path '/nix/store/l8aihdyaxjq57f8ihnk8vrp4f8bhgbl5-gcc-14.4.0' from 'https://cache.nixos.org'...
copying path '/nix/store/bjz3lzq7igazgakhm79k17bchlcjvrsk-binutils-2.46' from 'https://cache.nixos.org'...
copying path '/nix/store/15c7jk0xhfcvj2c4hdjwrw0y5sx88493-gcc-15.3.0' from 'https://cache.nixos.org'...
copying path '/nix/store/4yxdxw3kppr2pbic95p4mri520rkdag2-gcc-15.3.0' from 'https://cache.nixos.org'...
copying path '/nix/store/m7zgywhnjnsdh7k8x95j5c9mvmkm5fvz-gcc-15.3.0' from 'https://cache.nixos.org'...
copying path '/nix/store/l83lqj5lppzi0rnyrlb1ik755v280l7p-glibmm-2.66.8' from 'https://cache.nixos.org'...
copying path '/nix/store/llhvp8pppcbxka1kggqrh7652zcx2hh6-graphene-1.10.8' from 'https://cache.nixos.org'...
copying path '/nix/store/z97c70csgzr3fwbfag58r53laik261yk-hdf5-cpp-1.14.6' from 'https://cache.nixos.org'...
copying path '/nix/store/0wx016cjqv427j919yvg2d8hyf6r4hwm-exiv2-0.28.8' from 'https://cache.nixos.org'...
copying path '/nix/store/v2z7kwphiqxdx91rhzbrxizz1gn3758a-file-5.48-dev' from 'https://cache.nixos.org'...
copying path '/nix/store/mymbrfcbaf7nn9ymli5lw4d58q1c5lna-gexiv2-0.14.6' from 'https://cache.nixos.org'...
copying path '/nix/store/c80l8rqq5c3qs7qq43rirqvn6nkdd1pg-hdrhistogram_c-0.11.10' from 'https://cache.nixos.org'...
copying path '/nix/store/pk4b3vkdryn56ajj46lc62nzn24zippp-libcaca-0.99.beta20' from 'https://cache.nixos.org'...
copying path '/nix/store/915z561qxffmcvnk7lka6n0v2zv4viqm-libfido2-1.17.0' from 'https://cache.nixos.org'...
copying path '/nix/store/zr50fzan3s5ylrjzh1znvcbqz7j68brn-libgudev-238' from 'https://cache.nixos.org'...
copying path '/nix/store/hv8nn6byfzd75vdp2dnxw9wmjr84ckb9-libical-3.0.20' from 'https://cache.nixos.org'...
copying path '/nix/store/72fkb71g5nd858nqxmqxvjcfgd2whxxc-libid3tag-0.16.4' from 'https://cache.nixos.org'...
copying path '/nix/store/3fqxj9p6aczlf6c4qr97mxv7q9vpz6y1-libmbim-1.34.0' from 'https://cache.nixos.org'...
copying path '/nix/store/kkm134nszqg5vnqygjp5f5vhxwm0zri4-libmng-2.0.3' from 'https://cache.nixos.org'...
copying path '/nix/store/189s5jxgggy8i5zjv9y2gl4kp89jwdp1-libmysofa-1.3.4' from 'https://cache.nixos.org'...
copying path '/nix/store/xdnan3b1jakrvjn7fi4pinkw0j0ry0gx-libmysofa-1.3.4' from 'https://cache.nixos.org'...
copying path '/nix/store/6j1bxdzhhwg569fr99qxi0qwwjm681ar-libpng-1.2.59' from 'https://cache.nixos.org'...
copying path '/nix/store/sx51zim5g75d7s4b5bpni7l03pdlixvy-libpng-1.6.58' from 'https://cache.nixos.org'...
copying path '/nix/store/bpfzyvls7gl0xqfm5xbplayq1v6iz329-libpng-apng-1.6.58' from 'https://cache.nixos.org'...
copying path '/nix/store/d3f7r44z2px98z479jgf7qdwqn96jgf6-libpng-apng-1.6.58' from 'https://cache.nixos.org'...
copying path '/nix/store/nxj00npy8vi9cwiw8wzch8n1x7kgj3fv-libpwquality-1.4.5-lib' from 'https://cache.nixos.org'...
copying path '/nix/store/dngxlf7abfsk081grfd7rijv4l1vyx4x-libqrtr-glib-1.2.2' from 'https://cache.nixos.org'...
copying path '/nix/store/19rdrrg8krh1yy5xi93zl2knhhhw3av9-libssh-0.12.2' from 'https://cache.nixos.org'...
copying path '/nix/store/247p0y40yjx2wpma35ggb2f3x3ry8iba-freetype-2.14.3' from 'https://cache.nixos.org'...
copying path '/nix/store/vx42g6h05g29hynvgin1dfvbq7za5813-libssh-0.12.2' from 'https://cache.nixos.org'...
copying path '/nix/store/dczkv6755chri9gsvacxvqpz9nn2dwld-freetype-2.14.3' from 'https://cache.nixos.org'...
copying path '/nix/store/23qf0yd70ymiv1daa205wfslrf4ah45k-libkate-0.4.3' from 'https://cache.nixos.org'...
copying path '/nix/store/icir2yg71ibbh4qdk783w8ams8pg74sh-libqmi-1.38.0' from 'https://cache.nixos.org'...
copying path '/nix/store/9rfv6mh9irsg4bdmc6147lphzznasc6w-libssh2-1.11.1' from 'https://cache.nixos.org'...
copying path '/nix/store/gma9myzpayr6lh7y0kagrlwvzsip4d82-libssh2-1.11.1' from 'https://cache.nixos.org'...
copying path '/nix/store/mp4xhfghdxp0db0jf3k5iqack3ms3x9k-libssh2-1.11.1' from 'https://cache.nixos.org'...
copying path '/nix/store/wl7krdx4kvbd0mmydwaxlbb9fb242cr7-libudev0-shim-1' from 'https://cache.nixos.org'...
copying path '/nix/store/14sifyrqz2gnhv17pzjr9mjf9ipfi1wk-curl-8.21.0' from 'https://cache.nixos.org'...
copying path '/nix/store/60xa240i6nip8xfx31jz1f80nvraf283-fontconfig-2.18.2-lib' from 'https://cache.nixos.org'...
copying path '/nix/store/iv0yvsywa1v35xzdkqz9wdzhg7vshpdd-fontconfig-2.18.2-lib' from 'https://cache.nixos.org'...
copying path '/nix/store/bi22q87l27ydj14h633k5frvw3i7p4kp-harfbuzz-13.2.1' from 'https://cache.nixos.org'...
copying path '/nix/store/79q8jwvn8agi5vd2gjnv4km9m5mww1v9-curl-8.21.0' from 'https://cache.nixos.org'...
copying path '/nix/store/bn8sa8p2ss2y03iwsyy5w6nlzmfd9avg-harfbuzz-13.2.1' from 'https://cache.nixos.org'...
copying path '/nix/store/nb25nsqx9m0g5sla0bvxa7i0kdp2vmjl-cairo-1.18.4' from 'https://cache.nixos.org'...
copying path '/nix/store/n7rjvpbikqpg1ibj7qhvxw87f73r11j6-curl-8.21.0-bin' from 'https://cache.nixos.org'...
copying path '/nix/store/imkw2kilahmpk5c2n0img67wq8ij717v-cairo-1.18.4' from 'https://cache.nixos.org'...
copying path '/nix/store/122fcxcqy3ay3jkm3fa2bav0vb8mgdjy-fontconfig-2.18.2-bin' from 'https://cache.nixos.org'...
copying path '/nix/store/g1zl0pwjcjvgkl115bd6am6gspcmhskb-libbluray-1.4.1' from 'https://cache.nixos.org'...
copying path '/nix/store/fr5xj4dhdllyk9ds7rm786hrnj3aqw3b-binutils-wrapper-2.46' from 'https://cache.nixos.org'...
copying path '/nix/store/rm982p6i9ry7rwq5jn638kdpv0a2331f-binutils-wrapper-2.46' from 'https://cache.nixos.org'...
copying path '/nix/store/vs80ag6hsr58wv5fn3nlq8qi32x9hwfi-binutils-wrapper-2.46' from 'https://cache.nixos.org'...
copying path '/nix/store/0s2ixv3w26b7yr4ig8l19i3y92az9ljd-libass-0.17.4' from 'https://cache.nixos.org'...
copying path '/nix/store/gcvhp35cil7kncli38xlgbk5zy6d7j07-harfbuzz-13.2.1-dev' from 'https://cache.nixos.org'...
copying path '/nix/store/g1d6smw0bi44qjzznj28nnv51aqkw6pv-libass-0.17.4' from 'https://cache.nixos.org'...
copying path '/nix/store/r8hmmg0157xafx6gmx0fbyxzfhalcvq2-cairomm-1.14.5' from 'https://cache.nixos.org'...
copying path '/nix/store/4gp5zbi860sd36nvqnb1a05gd882w3lq-gjs-1.88.1' from 'https://cache.nixos.org'...
copying path '/nix/store/53ng7y271wbwnlidcd3qs15frfx0kmz9-gobject-introspection-1.86.0' from 'https://cache.nixos.org'...
copying path '/nix/store/caggcfx7inxf71x58qsgwyg026jiz8wd-binutils-wrapper-2.46' from 'https://cache.nixos.org'...
copying path '/nix/store/6fcv87qg6qxxwa7rnfbfh0x6ym5p9wiv-harfbuzz-13.2.1' from 'https://cache.nixos.org'...
copying path '/nix/store/fqlm3a8zms13wczqp8xqhfy78lmqb9s9-harfbuzz-icu-13.2.1' from 'https://cache.nixos.org'...
copying path '/nix/store/pbv0kqldfvydqpxigbnawzczibpvh0gp-libbluray-1.4.1' from 'https://cache.nixos.org'...
copying path '/nix/store/w8qv1h7z0irc6rc353jkyqfph8vch1np-libgit2-1.9.7-lib' from 'https://cache.nixos.org'...
copying path '/nix/store/f5gzhrx4s4x7waj1zy7mgz8rz2m4m65z-libraqm-0.11.0' from 'https://cache.nixos.org'...
copying path '/nix/store/5r15jkp5jpxnpj20ss5ii1c3869flnl2-libssh2-1.11.1-dev' from 'https://cache.nixos.org'...
copying path '/nix/store/qp1z27dq0rmz67cnsqbrlqbxqjl45w45-gobject-introspection-wrapped-1.86.0' from 'https://cache.nixos.org'...
copying path '/nix/store/9v3p6l602b3mifa57nv62sfzvba3fqlw-libssh2-1.11.1-dev' from 'https://cache.nixos.org'...
copying path '/nix/store/i27fczfw1fnl0631dcnxmadpwg4jxf52-libusb-1.0.30' from 'https://cache.nixos.org'...
copying path '/nix/store/8x7dfn68v3rn0v2hay1nwr0kbdb2j9si-libvncserver-0.9.15' from 'https://cache.nixos.org'...
copying path '/nix/store/bwaay526pyr0wf3wksskivgxzriyrmld-libwebp-1.6.0' from 'https://cache.nixos.org'...
copying path '/nix/store/nzfwilv52ldp9n09fwran7kw97a6rila-libwebp-1.6.0' from 'https://cache.nixos.org'...
copying path '/nix/store/qn2i8h6wx6rwc1ckfa7fa0yl8n4yaqa6-libxfont_2-2.0.9' from 'https://cache.nixos.org'...
copying path '/nix/store/l7iv7a77msbyr1rwbjwgpi38jvv0gmg4-libxft-2.3.9' from 'https://cache.nixos.org'...
copying path '/nix/store/za163pxnk1r2n8rrajqby7qiv5ha38cb-libxft-2.3.9' from 'https://cache.nixos.org'...
copying path '/nix/store/gkdgwbwlbj6qm4qy59hdywaziw1kysgi-libxml++-3.2.5' from 'https://cache.nixos.org'...
copying path '/nix/store/fsl3fsmqm64i0ja1yhidwsqb7gyslmzg-libzmf-0.0.2' from 'https://cache.nixos.org'...
copying path '/nix/store/4kbrlvx39mdp211sr2ql62s0hwwd3p0i-linux-pam-1.7.2' from 'https://cache.nixos.org'...
copying path '/nix/store/79dlllqxhvah7h7q09240r5j21qrglr5-libxfont_2-2.0.9-dev' from 'https://cache.nixos.org'...
copying path '/nix/store/fs6ingdw7raizv9byqk5cl4nvh8f40w4-llvm-21.1.8-lib' from 'https://cache.nixos.org'...
copying path '/nix/store/r45xg3r058y59yyy3mxirj95apnv46nk-llvm-21.1.8-lib' from 'https://cache.nixos.org'...
copying path '/nix/store/fhr5kimjjcy0licwsxc75v0fswv0vz02-lua5.1-lgi-0.9.2-1' from 'https://cache.nixos.org'...
copying path '/nix/store/rqb3fxfd9z37aa9ns6930w2i3wl8n0by-lvm2-2.03.41-lib' from 'https://cache.nixos.org'...
copying path '/nix/store/0mavkaa3gqfad4wa8a8f92qcdq15bva4-mariadb-connector-odbc-3.2.6' from 'https://cache.nixos.org'...
copying path '/nix/store/h9z6a2aqk2cf3lhg88qnqhnx6dnqrb8y-ffado-2.4.9' from 'https://cache.nixos.org'...
copying path '/nix/store/2xi4blap83p34y753a0hnxl3qjwx2c6l-minizip-1.3.2' from 'https://cache.nixos.org'...
copying path '/nix/store/94vdxmwxmmnxvbg6hsxsk221wqz5064w-mkfontscale-1.2.4' from 'https://cache.nixos.org'...
copying path '/nix/store/chl4rnhn7paa5p25iwxajdhlbnapw38f-libpwquality-1.4.5-lib' from 'https://cache.nixos.org'...
copying path '/nix/store/yldkz6gq4z12sx8vr0ysrkj0vpvydyrf-lua-5.1.5-env' from 'https://cache.nixos.org'...
copying path '/nix/store/j7a5j5ms93apzcpvan90aqnfcrc0zv14-nano-9.2' from 'https://cache.nixos.org'...
copying path '/nix/store/5vkg3g48mdvdmmhdkns0mxlyh1jw9x9d-neon-0.37.1' from 'https://cache.nixos.org'...
copying path '/nix/store/8in79grjqxnvgx1s9npr0jjjimx1v8lf-opencv-4.13.0' from 'https://cache.nixos.org'...
copying path '/nix/store/ggcm0s524bsly3qc7kww945qs7003psf-openssh-10.5p1' from 'https://cache.nixos.org'...
copying path '/nix/store/1bl7cmm5p26pyr7r0h6zqigf3qyz4764-cryptsetup-2.8.7' from 'https://cache.nixos.org'...
copying path '/nix/store/65582sxlfkllmxwp1l4dwbsfzymzyxry-pango-1.57.1' from 'https://cache.nixos.org'...
copying path '/nix/store/jyadgcwxskkz6bbvpiqg5x9ryc6xrd8s-pango-1.57.1' from 'https://cache.nixos.org'...
copying path '/nix/store/kfqbfq23lafkrbhxxblzf65baqz5p1ia-perl-5.42.3' from 'https://cache.nixos.org'...
copying path '/nix/store/zry8jxd4xxb7lyrp1mv906q02s8z4xkp-perl-5.42.3' from 'https://cache.nixos.org'...
copying path '/nix/store/mfgqf2g1mxa1yvx7hxmcdr8d3bkgmznh-libtiger-0.3.4' from 'https://cache.nixos.org'...
copying path '/nix/store/h81cqwzp08wcmnqimammsfqxnf0ghk5f-pango-1.57.1-bin' from 'https://cache.nixos.org'...
copying path '/nix/store/svsms2cngs8b1h3jx64n9682yk7gb1nb-pangomm-2.46.4' from 'https://cache.nixos.org'...
copying path '/nix/store/lw0qj8w87qq21d9lnk7yizwwn0jy1x10-perl5.42.3-Compress-Raw-Zlib-2.222' from 'https://cache.nixos.org'...
copying path '/nix/store/c6pnvw9k1lh0llqagc4jkwcf8xafyjda-polkit-127' from 'https://cache.nixos.org'...
copying path '/nix/store/9d8d0spap5fb4d4hkxliag8zlfhjcg67-protobuf-35.1' from 'https://cache.nixos.org'...
copying path '/nix/store/88kgmqccjx0zbjzi8q5k7w43wmg03dgj-python3.14-pygobject-3.56.3' from 'https://cache.nixos.org'...
copying path '/nix/store/fdvw2p420r3ih8fmfxas38gbvxavcjqq-qpdf-12.3.2-lib' from 'https://cache.nixos.org'...
copying path '/nix/store/sajsf391wlaa028x37j4iz1743ii0463-rtmpdump-2.6' from 'https://cache.nixos.org'...
copying path '/nix/store/wvg8wpsa52867glcdjrmm3pvaq2mwmvy-ruby-3.4.9' from 'https://cache.nixos.org'...
copying path '/nix/store/i3z40z49s5lk3rbfinv0m2b4w3hqkg6c-slang-2.3.3' from 'https://cache.nixos.org'...
copying path '/nix/store/qd8cyh5b6c78wch2zwjm3w85i0l8lihq-slang-2.3.3' from 'https://cache.nixos.org'...
copying path '/nix/store/n41bzd2ddawpsq2b8yvcq8hf1bw2alq7-sqlite-3.53.3' from 'https://cache.nixos.org'...
copying path '/nix/store/6dsaqi80nzvb8glkipd90kiq5p94z0ik-onnxruntime-1.27.1' from 'https://cache.nixos.org'...
copying path '/nix/store/v2cay630nrb5v1wblgwp1sfd81nwjy5z-newt-0.52.24' from 'https://cache.nixos.org'...
copying path '/nix/store/cig7jd5kf53kqb4n0p4d7aryiwq81qaf-newt-0.52.24' from 'https://cache.nixos.org'...
copying path '/nix/store/xcv2rrfly0za0kdhzvmc0j2a6074zkib-sqlite-3.53.3' from 'https://cache.nixos.org'...
copying path '/nix/store/6slrxch2idk9v1hz54yf8bw8sknpxwhc-sqlite-3.53.3-bin' from 'https://cache.nixos.org'...
copying path '/nix/store/b8pwpch3xcphymxvrbjqnydk0rvs4f9s-sratom-0.6.22' from 'https://cache.nixos.org'...
copying path '/nix/store/h87vbspzld8bwx1938v771xm3xa3swqg-sratom-0.6.22' from 'https://cache.nixos.org'...
copying path '/nix/store/bz82jv0jj1pzq5ddyffpnc4y5rqmmgsy-lilv-0.28.0' from 'https://cache.nixos.org'...
copying path '/nix/store/lxzjb930jli7pg54kal1k46000nkq5kc-fdupes-2.4.0' from 'https://cache.nixos.org'...
copying path '/nix/store/vqjh9xbvlmy80aqqkmayaqb1r9vmbj5x-libaccounts-glib-1.27' from 'https://cache.nixos.org'...
copying path '/nix/store/l9mf9scx79cnqg6xf9r8yjily48hfd64-libsoup-3.6.6' from 'https://cache.nixos.org'...
copying path '/nix/store/sh59pvxkcrm40p3xz2r0bj59fg60ncf2-lilv-0.28.0' from 'https://cache.nixos.org'...
copying path '/nix/store/agkkra0r9bgqpp58vhpiq7m1f2fsm6hd-aspell-0.60.8.2' from 'https://cache.nixos.org'...
copying path '/nix/store/n5ds1zsjkvgzyggn0n81hb764vis5y1f-hspell-1.4' from 'https://cache.nixos.org'...
copying path '/nix/store/119yw9yl7q05dak7z12d7ax80ydfsy53-lm-sensors-3.6.2-bin' from 'https://cache.nixos.org'...
copying path '/nix/store/q4fhy0pbj79k6pnv7h15iczbmlv7cj3y-geocode-glib-3.26.4' from 'https://cache.nixos.org'...
copying path '/nix/store/cy1d24sykyj3zckblxz1gi6zlj72nvs0-gssdp-1.6.6' from 'https://cache.nixos.org'...
copying path '/nix/store/j2dh7hz43qh2kqh9bl2bgjfyc8wiqsq9-librest-0.10.2' from 'https://cache.nixos.org'...
copying path '/nix/store/g36gd1p80akxiq2s7mf1gikjcrw33gg0-libgweather-4.6.0' from 'https://cache.nixos.org'...
copying path '/nix/store/qmgw09223w8krfdgcwjzkw14szyx1yfp-mosh-1.4.0' from 'https://cache.nixos.org'...
copying path '/nix/store/x7j6aiybaxia81p2s3dlq68brnqzs0bi-gupnp-1.6.10' from 'https://cache.nixos.org'...
copying path '/nix/store/rpgd5294mvplz1bjiy07zsjpr8swb6qa-nss-3.112.5' from 'https://cache.nixos.org'...
copying path '/nix/store/cqi02wf26cm8i1pn2176raazcprcrlxn-nss-3.127' from 'https://cache.nixos.org'...
copying path '/nix/store/dbviw0i2bp1hfv0c3sjmgq6f8myhrc6m-patchutils-0.3.3' from 'https://cache.nixos.org'...
copying path '/nix/store/cj57rfh9r6f4453lwxpy530cpwkvijsm-bundler-2.7.2' from 'https://cache.nixos.org'...
copying path '/nix/store/gkd2m2ddygfcd9gz5fym7dq0q16sqqvd-gen-bin-stubs' from 'https://cache.nixos.org'...
copying path '/nix/store/q3y6zg4mnfwhg35d4fdn2svd97gw22b3-gupnp-igd-1.6.0' from 'https://cache.nixos.org'...
copying path '/nix/store/bv79vianc3z1zqm11rfzhlml51k8ci9k-perl-5.42.3-env' from 'https://cache.nixos.org'...
copying path '/nix/store/bpqmm7zxysvydj71kah58lafh90k30nz-perl5.42.3-DBI-1.651' from 'https://cache.nixos.org'...
copying path '/nix/store/0xkrvdzi89r7cx7ky9fmy694rax4yhjq-perl5.42.3-Devel-CheckLib-1.16' from 'https://cache.nixos.org'...
copying path '/nix/store/3qzf9qd1cbxkv9xci5w77zn7agnma9x8-perl5.42.3-File-MimeInfo-0.33' from 'https://cache.nixos.org'...
copying path '/nix/store/3bpb49f664g8w9ahr288xzs5zx48hbcj-libcacard-2.8.2' from 'https://cache.nixos.org'...
copying path '/nix/store/6p0w21y60l65cbfadzdck0zi78bvgfd5-moreutils-0.70' from 'https://cache.nixos.org'...
copying path '/nix/store/r75784lhk2aczqw9kry17m6bgrx257d4-nss-3.112.5-dev' from 'https://cache.nixos.org'...
copying path '/nix/store/hmpinxygl1k9kdyak9v1qkn542sybkmw-perl5.42.3-IO-Compress-2.221' from 'https://cache.nixos.org'...
copying path '/nix/store/j1z9g08rpwviaq0ph5n0wnk7pakjqc5p-perl5.42.3-Module-Build-0.4234' from 'https://cache.nixos.org'...
copying path '/nix/store/68kmq4b8iygl1x9p48jchlvgk3g6b65v-perl5.42.3-X11-Protocol-0.56' from 'https://cache.nixos.org'...
copying path '/nix/store/0ad1dg65cqpvkin53c6sc8wa4kkh8qxj-phodav-3.0-lib' from 'https://cache.nixos.org'...
copying path '/nix/store/jaw4nr6lwfpv40140zk7prh9q8jap2gz-eglexternalplatform-1.2.1' from 'https://cache.nixos.org'...
copying path '/nix/store/b6ar5249m7ikifxx1cis0icsgjbq4qcr-perl5.42.3-HTTP-Message-7.02' from 'https://cache.nixos.org'...
copying path '/nix/store/2ywdhy32wdx77595ijkn54pcq4s15zmr-rdma-core-64.0' from 'https://cache.nixos.org'...
copying path '/nix/store/pkbv160i0kq3g7k52r79a5axmyavhrlh-rdma-core-64.0' from 'https://cache.nixos.org'...
copying path '/nix/store/850wl524s427kn24s2clh329mz42gsx0-ruby3.4-lolcat-100.0.1' from 'https://cache.nixos.org'...
copying path '/nix/store/538744yaz5y7xyx780wpfw2azby9iqxj-sqlite-3.53.3-dev' from 'https://cache.nixos.org'...
copying path '/nix/store/q9bsac1xi1q9fhqkg1pdlk80637v9fkw-egl-wayland-1.1.21-dev' from 'https://cache.nixos.org'...
copying path '/nix/store/wnd85f4kzp4mg871dnaxinasnn2rcy7c-perl5.42.3-HTML-Parser-3.85' from 'https://cache.nixos.org'...
copying path '/nix/store/1y06w93ndz5yaprbp46103sixdr0klvv-perl5.42.3-HTTP-Cookies-6.10' from 'https://cache.nixos.org'...
copying path '/nix/store/f367s1vf963m3iqy2fyxgmg1bpa1k2fw-perl5.42.3-HTTP-Daemon-6.17' from 'https://cache.nixos.org'...
copying path '/nix/store/46lk6wggvvdh04gmw4v52m4hjxxvlfp1-perl5.42.3-CGI-4.59' from 'https://cache.nixos.org'...
copying path '/nix/store/spmz7s768qwy466pa44bn5xjki58xfhd-perl5.42.3-HTTP-Negotiate-6.01' from 'https://cache.nixos.org'...
copying path '/nix/store/dwb860r29hj493gi09j9fbwfgmp8l4cw-libpcap-1.10.6-lib' from 'https://cache.nixos.org'...
copying path '/nix/store/qwp9al3cgy38lp2aljz9h7r9vli5wssy-libpcap-1.10.6-lib' from 'https://cache.nixos.org'...
copying path '/nix/store/bp2dja7vnci8gqn9aljii7snj530bnka-sqlite-connector-odbc-0.99991' from 'https://cache.nixos.org'...
copying path '/nix/store/gk2waq8jq7b22kj6shg6qkya3yj06vdr-stdenv-linux-no-cc' from 'https://cache.nixos.org'...
copying path '/nix/store/7sq6ra1qdw8cd4z7j8l2dckm4w0hgm42-perl5.42.3-libwww-perl-6.83' from 'https://cache.nixos.org'...
copying path '/nix/store/4j0sfbdfihql7bx25lvqsg3k8gyfvbzr-perl5.42.3-CGI-Fast-2.16' from 'https://cache.nixos.org'...
copying path '/nix/store/an9r456bjwr6hl5q19cl4f70zjdyhriq-iptables-1.8.13' from 'https://cache.nixos.org'...
copying path '/nix/store/gw82p6qrjp6ln4jzx6chvf67wrz8phib-iptables-1.8.13' from 'https://cache.nixos.org'...
copying path '/nix/store/img0js3ra4jmw7qq8fqwhvg21k6dg0xv-stdenv-linux-no-cc' from 'https://cache.nixos.org'...
building '/nix/store/whbz3268b3wjaccnwzky44as6sjbkyvr-NetworkManager.conf.drv'...
building '/nix/store/77ybc7qw4nx0z2w9bhyxnda43p131q6l-X-Restart-Triggers-systemd-binfmt.drv'...
copying path '/nix/store/7jw3jphcvakg7s7ypifgxrq6f8ihf3xj-taglib-1.13.1' from 'https://cache.nixos.org'...
copying path '/nix/store/mlsg4880asfj91q6n7g1p4gj4j6zxdai-texinfo-7.3' from 'https://cache.nixos.org'...
copying path '/nix/store/462ccf0fjgdgd2mb814xb1rx43wz6v3i-texinfo-interactive-7.3' from 'https://cache.nixos.org'...
copying path '/nix/store/3a1y4a1cnxj1w89vphixqlpbjqwspjlg-taglib-2.2.1' from 'https://cache.nixos.org'...
copying path '/nix/store/rkdfqfbwyiwg2pgvw7rkd0g71b702s4l-util-linux-2.42.2-lib' from 'https://cache.nixos.org'...
copying path '/nix/store/65ql38i4yki6adklv0d83amba6c5cd9i-util-linux-minimal-2.42.2-bin' from 'https://cache.nixos.org'...
building '/nix/store/ij2q12m4j3vmpfcknwfx7fgdg7nld04i-Xresources-Xft.drv'...
building '/nix/store/g5fbj28h2k1vnhc3xfb48y94xkij8gv1-X-Restart-Triggers-NetworkManager.drv'...
copying path '/nix/store/ynjrrcl79wd07biv1qwbsz96vs7pddjr-perl5.42.3-XML-Parser-2.46' from 'https://cache.nixos.org'...
copying path '/nix/store/sizcjfzal7p4qah8w30k403rnckvjyfd-x86_64-unknown-linux-musl-binutils-2.46' from 'https://cache.nixos.org'...
copying path '/nix/store/gdjjpkvvb81kyc63n0cpw6738yg0afml-v4l-utils-1.32.0' from 'https://cache.nixos.org'...
building '/nix/store/vygw1np1ny9zzaqi044gik697025n4i6-Xsetup.drv'...
copying path '/nix/store/zj6rq7cawsvd5i96csvardlp39740alk-fuse-2.9.9-bin' from 'https://cache.nixos.org'...
copying path '/nix/store/fgfg40nb69y96yxjr0w2gck53zrg38f6-xapian-1.4.31' from 'https://cache.nixos.org'...
copying path '/nix/store/0v8n3px8kby6qy5p20l0zhngng85z3rk-lvm2-2.03.41-scripts' from 'https://cache.nixos.org'...
copying path '/nix/store/0lyhggaxmmfdmgrzk60375ahy4fiwznn-fuse-3.18.2' from 'https://cache.nixos.org'...
copying path '/nix/store/q92ri3snhf7yi7w7gkzf1gwsik1nwk1r-xfconf-4.20.0' from 'https://cache.nixos.org'...
building '/nix/store/f3jdmj9dqfa8dhq9b0fwjw7p2dnbkyx4-Xstop.drv'...
copying path '/nix/store/manav8jxk4h0iz2rha8h9cijg1y86ssd-parted-3.7' from 'https://cache.nixos.org'...
copying path '/nix/store/z46f4bd8l7x2gy8sddwiadppzwc1pb1x-bcache-tools-1.1' from 'https://cache.nixos.org'...
copying path '/nix/store/rm1pxpky3hd09wa7aa8w4yfa19141sl5-util-linux-2.42.2-lastlog' from 'https://cache.nixos.org'...
copying path '/nix/store/idzdhc1dzhlcb275ii9v3yzg1wbai54w-perl5.42.3-XML-Twig-3.52' from 'https://cache.nixos.org'...
copying path '/nix/store/cnlcnkrhd3h67g92jhxij3w864ynhi6n-util-linux-2.42.2-login' from 'https://cache.nixos.org'...
building '/nix/store/bgbh13xvxl0psprg5f65cbvxrvrll1sj-appimage-run-init.drv'...
copying path '/nix/store/f3j3ci5ar6abz7csi25yg7v9ksywcd82-fuse-3.18.2-bin' from 'https://cache.nixos.org'...
copying path '/nix/store/863pcxhb3jxycvgp3c9gny14hv0kbbq2-exfat-1.4.0' from 'https://cache.nixos.org'...
copying path '/nix/store/w80bfv257h69s1qbandvj42zfcqmgi33-fuse-3.18.2-dev' from 'https://cache.nixos.org'...
copying path '/nix/store/0b9rsplla8fak6zyadcn7skmj0yvw3rz-fuse-overlayfs-1.17' from 'https://cache.nixos.org'...
copying path '/nix/store/nz3b611bmq1ghcw2siq5yryrwwqhai0i-sshfs-fuse-3.7.6' from 'https://cache.nixos.org'...
copying path '/nix/store/kz5pjp83y5ysr3fpqpcc3h1mdn4xdms0-security-wrapper-fusermount-x86_64-unknown-linux-musl' from 'https://cache.nixos.org'...
building '/nix/store/2qpa0ixhg68hfkc911ip5g2p5vvy5ln4-appimage-run.desktop.drv'...
copying path '/nix/store/7x021x160xhywqya2vwigp49ax8hzgv4-util-linux-2.42.2-mount' from 'https://cache.nixos.org'...
copying path '/nix/store/zygwm8dln4ck42wc90gzc668jbrhdvpz-util-linux-2.42.2-swap' from 'https://cache.nixos.org'...
copying path '/nix/store/k670z4riwf1sh4mdp9f1misgnaqidzkg-xmlsec-1.3.7' from 'https://cache.nixos.org'...
copying path '/nix/store/5mfh2rajzlwdyjkl8ky19kyhff39mhmz-xterm-410' from 'https://cache.nixos.org'...
copying path '/nix/store/dkg1fjw0bjx5avi80dbg18bz3kin1cjx-zint-2.16.0-lib' from 'https://cache.nixos.org'...
copying path '/nix/store/nd34kmibbq6y7qmp78rhw38adsj5ffd0-zlib-1.3.2-dev' from 'https://cache.nixos.org'...
building '/nix/store/hkc59hwrw2rhy58nqcb2zmskmjm2av4c-avahi-daemon.conf.drv'...
copying path '/nix/store/2pgrskyi0mnqazlsvljs16dvgisxhdrd-security-wrapper-fusermount3-x86_64-unknown-linux-musl' from 'https://cache.nixos.org'...
copying path '/nix/store/xhys7j677l4irqi9d8chgd3ihlq35mas-zmij-1.0.20' from 'https://cache.nixos.org'...
copying path '/nix/store/gq622ypnsxlw4wgzv3hdqwslik9kwq9r-zopfli-1.0.3-lib' from 'https://cache.nixos.org'...
copying path '/nix/store/5vp1hcqpm1p4bdifjpzmyvj5qlwddb6v-zsh-5.9.2' from 'https://cache.nixos.org'...
copying path '/nix/store/d91y8lwss49j4s4g76b09n9z91cf6zfv-zsh-5.9.2-doc' from 'https://cache.nixos.org'...
copying path '/nix/store/f7163wpah4jq1nazpjf24x2s60zxqxw1-zsh-5.9.2-info' from 'https://cache.nixos.org'...
copying path '/nix/store/nz8xz8ax99skck3bpvaqv4807d6s257h-curl-8.21.0-dev' from 'https://cache.nixos.org'...
building '/nix/store/5349m8w9wspk4wk6q435fm525dd0854z-builder.pl.drv'...
copying path '/nix/store/fqbd058kdb05wgyh5hihvwpxn5giys8q-exiv2-0.28.8-dev' from 'https://cache.nixos.org'...
copying path '/nix/store/zwv3i1aawb8zmxj029x7lyd0an5q4nj6-util-linux-2.42.2-bin' from 'https://cache.nixos.org'...
copying path '/nix/store/p8m024sxqwg7il6660zqgshrqpsvf43l-libpng-apng-1.6.58-dev' from 'https://cache.nixos.org'...
copying path '/nix/store/mrdd7m2vbllhmpbx7g2bjwfm2lh26fwl-x86_64-unknown-linux-musl-binutils-wrapper-2.46' from 'https://cache.nixos.org'...
copying path '/nix/store/z6ximbfm8khcc3ajyzh0v22p077wczhj-zsh-5.9.2-man' from 'https://cache.nixos.org'...
copying path '/nix/store/vyw16gf6bzs0shvpzmj2lmrsp6dphh76-zsh-autosuggestions-0.7.1' from 'https://cache.nixos.org'...
building '/nix/store/yiysx3f703bll997nnkj7ipmrda3hm7f-builder.pl.drv'...
copying path '/nix/store/9jdk6xa5d8d7r2xsnl8yp4zw59xrigbx-zsh-syntax-highlighting-0.8.0' from 'https://cache.nixos.org'...
copying path '/nix/store/z6fldynz8688civdjhca31m4g1g4f9ac-zstd-0.13.3' from 'https://cache.nixos.org'...
copying path '/nix/store/k1m2jq9j084hwgy92mgsh31bslnxz5x1-zstd-1.5.7' from 'https://cache.nixos.org'...
copying path '/nix/store/xcwclh5qgw2x6qc39x6ixara06xczzlw-zstd-1.5.7' from 'https://cache.nixos.org'...
copying path '/nix/store/g0rxpcpp0dgfl3hjbv9k0vwz4ykrdxn5-zstd-1.5.7-man' from 'https://cache.nixos.org'...
copying path '/nix/store/a0znx022ylklgxlrkc8n1frzh1fjdacc-zstd-safe-7.2.4' from 'https://cache.nixos.org'...
copying path '/nix/store/73zdiii4hzdknrgnib0karfyaszvl9nj-zstd-sys-2.0.16+zstd.1.5.7' from 'https://cache.nixos.org'...
building '/nix/store/34vrbbs3lkd1nhsiwbf7raymw29wl1ym-NVIDIA-Linux-x86_64-595.91.07.run.drv'...
building '/nix/store/chfxpbk41jaj1p23w27g7sl8zicxk1rc-cacert-blocklist.txt.drv'...
copying path '/nix/store/z203ci88037mkq16c1kn8gy518m3ab1y-freetype-2.14.3-dev' from 'https://cache.nixos.org'...
copying path '/nix/store/wq11rbppzycls72pj6h12l3bc4qqa97f-mdadm-4.6' from 'https://cache.nixos.org'...
copying path '/nix/store/56gqdjg897s8m5g3hpqxx33q72q0mplp-zvbi-0.2.45' from 'https://cache.nixos.org'...
copying path '/nix/store/p15girr69yqvyhmx62lswq6jlw7qq2rf-security-wrapper-umount-x86_64-unknown-linux-musl' from 'https://cache.nixos.org'...
copying path '/nix/store/l1396sdsf0h2vjidpdqbm1y3pmdrv7d2-security-wrapper-mount-x86_64-unknown-linux-musl' from 'https://cache.nixos.org'...
copying path '/nix/store/fa091ir3g423w083am75s0xc5vk3mkxm-x86_64-unknown-linux-musl-gcc-15.3.0' from 'https://cache.nixos.org'...
copying path '/nix/store/ajx424g03bjmfni8fl7fbrdxxky68zck-zvbi-0.2.45' from 'https://cache.nixos.org'...
copying path '/nix/store/cqxyw5yg95n5m87yx9f007h223lzwpih-zxing-cpp-3.1.1' from 'https://cache.nixos.org'...
copying path '/nix/store/q1hc5r6sv0zrda5y8vay7grxvxg6sf1s-zug-0.1.2' from 'https://cache.nixos.org'...
copying path '/nix/store/jbabbms2wag2gp01ilzwjka1j1danq3g-util-linux-2.42.2-dev' from 'https://cache.nixos.org'...
building '/nix/store/mjv25sy4hly93mcfjy76lw8npj5wgrnn-cacert-extra-certificates-bundle.crt.drv'...
copying path '/nix/store/va1zxylxvbvxwv4r4fjspjspi8cl4jfy-boost-1.88.0' from 'https://cache.nixos.org'...
copying path '/nix/store/6n4pfiiiq28d4kv92h356b7lig5pp929-curl-8.21.0' from 'https://cache.nixos.org'...
copying path '/nix/store/yljbd9wmqsdg89pprp6r7ml0c5a109f7-btrfs-progs-7.1' from 'https://cache.nixos.org'...
copying path '/nix/store/spqm874kqcb92abrmnqppx61q6n3b5if-boost-1.89.0' from 'https://cache.nixos.org'...
copying path '/nix/store/0hfxjdadih2z9sd114mcvsnvs0kq4sa7-curl-8.21.0' from 'https://cache.nixos.org'...
copying path '/nix/store/l83kaazbdyrhlbsnpq1fkgh4z5r4jv3w-curl-8.21.0' from 'https://cache.nixos.org'...
copying path '/nix/store/x4xicianwlchh2cadblv4pfz8syvl97b-curl-8.21.0' from 'https://cache.nixos.org'...
copying path '/nix/store/md2jf8cc3raxvb1a1hifqsqvm0b1m6im-deno-2.9.4' from 'https://cache.nixos.org'...
copying path '/nix/store/xn7qgxs0akpq1fq8xw7vmszry8l3dgmb-gcc-wrapper-14.4.0' from 'https://cache.nixos.org'...
building '/nix/store/p3406gbdp4az53iy1m6bv5s0a0ix2igv-cargo-src-ab_glyph-0.2.32.drv'...
copying path '/nix/store/vwlb36mv7jbar7y76l7kilvln04xqf6n-fontconfig-2.18.2-dev' from 'https://cache.nixos.org'...
copying path '/nix/store/qc27bs3inkdbhb1s8dqs321ydnmk5pf6-gcc-wrapper-15.3.0' from 'https://cache.nixos.org'...
copying path '/nix/store/w88q44gqd1qg5wmkk7v0h97rpiqvam0l-gcc-wrapper-15.3.0' from 'https://cache.nixos.org'...
copying path '/nix/store/0jlcxprc1642113p3fgkj18cylvy6pyn-kbd-2.9.0' from 'https://cache.nixos.org'...
copying path '/nix/store/6pfa3sxidnzik3kjym6l3j5bz08d86y9-kbd-2.9.0' from 'https://cache.nixos.org'...
copying path '/nix/store/jnh7222cj9al7qvmxjbx7rsm0g2jh108-kexec-tools-2.0.32' from 'https://cache.nixos.org'...
copying path '/nix/store/gff0w8fhlfxlqhq90dkxyq6smwpryj0k-cfitsio-4.7.0' from 'https://cache.nixos.org'...
copying path '/nix/store/qdqp7ys68hcxjxivf5zcb08jx2db4n4x-boost-1.89.0-dev' from 'https://cache.nixos.org'...
copying path '/nix/store/969dkwnqy7cr2nyw1mzvbf890q68qjv6-curl-8.21.0-bin' from 'https://cache.nixos.org'...
copying path '/nix/store/kj2g7wj7n7nyd6y6ralsrhwqni2r87w1-curl-8.21.0-bin' from 'https://cache.nixos.org'...
copying path '/nix/store/3cfcygkbamw4b9snazj1xl4x5snhf62c-elfutils-0.195' from 'https://cache.nixos.org'...
copying path '/nix/store/qb48x5r0c913l2la5czl9j4nki2n9js8-elfutils-0.195' from 'https://cache.nixos.org'...
copying path '/nix/store/kbpd1agaq8yc3pl9idp7a4d2ydgqi0p2-cargo-build-hook.sh' from 'https://cache.nixos.org'...
copying path '/nix/store/xaxkgxwssss7fspxvbs08c63fz9a7gzg-cargo-check-hook.sh' from 'https://cache.nixos.org'...
copying path '/nix/store/nzx4b723ilvy2hacfj1rchxv0fz3636l-fwupd-2.1.6-lib' from 'https://cache.nixos.org'...
copying path '/nix/store/wwwh00mza7lvmr9c1nd6nj5mfkjd804r-cargo-setup-hook.sh' from 'https://cache.nixos.org'...
copying path '/nix/store/cyzaq07hy27i2fqdxh1l8rj97zcqv5jg-git-minimal-2.55.0' from 'https://cache.nixos.org'...
copying path '/nix/store/kn3a61sk602hrg2b98q0ii8z2rbf0wif-kexec-tools-2.0.32' from 'https://cache.nixos.org'...
copying path '/nix/store/ny1yagydvwbdwnbkzspka76vwc4b01af-kmod-31' from 'https://cache.nixos.org'...
copying path '/nix/store/zq860n82fcl4cd38nbr9hhb7sm65gk21-kmod-31' from 'https://cache.nixos.org'...
copying path '/nix/store/qm39dldnclw4csg7i2zc77zm06y6937j-ShellCheck-0.11.0' from 'https://cache.nixos.org'...
copying path '/nix/store/9dyif5r93pn2r9lssv2cwzjw2z71hyi9-kmod-31-lib' from 'https://cache.nixos.org'...
copying path '/nix/store/iv3npjf8gjxmzcx5wxaix2ha89628ywk-kmod-31-lib' from 'https://cache.nixos.org'...
copying path '/nix/store/k1cl8blsi7rikq409yagca2awi371c6z-libarchive-3.8.9-lib' from 'https://cache.nixos.org'...
copying path '/nix/store/lwvkmswcrra987aklpsby82hb4hscsa0-libarchive-3.8.9-lib' from 'https://cache.nixos.org'...
copying path '/nix/store/fgndr1mi5l1x995p3cmlyb1i5j8fzd2s-alsa-ucm-conf-1.2.16.1' from 'https://cache.nixos.org'...
copying path '/nix/store/z3iczgs3g1gc33lj6iv0v60h2c25bxyn-alsa-ucm-conf-1.2.16.1' from 'https://cache.nixos.org'...
copying path '/nix/store/9d10pbjn5hbddr4jgx15hm6va1xlvhjd-bcachefs-tools-1.39.2' from 'https://cache.nixos.org'...
copying path '/nix/store/pjij1lkz5xkp7hdg350wpvanjcx8k16d-kmod-31-dev' from 'https://cache.nixos.org'...
copying path '/nix/store/sgsbfaq5zsw6ykrzpcfz3f6ia3wxkl86-libbpf-1.7.0' from 'https://cache.nixos.org'...
copying path '/nix/store/908kvhj55s5z7laavf4pddxrxl62rrgl-cmake-4.3.4' from 'https://cache.nixos.org'...
building '/nix/store/12l9qqnwsyyd0jara4gz0kj5bmacha68-cargo-src-ab_glyph_rasterizer-0.1.10.drv'...
copying path '/nix/store/049xfk945vn33hbfs098am7n7rgnr8ys-elfutils-0.195-bin' from 'https://cache.nixos.org'...
copying path '/nix/store/wjvj88kk8gv0742k1lwazpxr7lnzgi1a-e2fsprogs-1.47.4-bin' from 'https://cache.nixos.org'...
copying path '/nix/store/n0ifb30wcynadan11ynybdg67hmvx92d-hfst-ospell-0.5.4' from 'https://cache.nixos.org'...
building '/nix/store/8hvl5hb8pmbhhgisywwbhmly18lyb39w-cargo-src-aes-0.9.0-rc.4.drv'...
building '/nix/store/jl2ra1p1vcm0pqjgcr1xw5z8rkbcbl95-cargo-src-aligned-0.4.3.drv'...
copying path '/nix/store/1c5wks2pfnmgdq708gifls3yfpln5arz-alsa-lib-1.2.16.1' from 'https://cache.nixos.org'...
building '/nix/store/i914zbjvqw1sj6112afrvxbr28c2bg30-cargo-src-android-activity-0.6.1.drv'...
copying path '/nix/store/gvgz0nm1mwj50k0xd2pr78bx9m5mjxvj-alsa-lib-1.2.16.1' from 'https://cache.nixos.org'...
building '/nix/store/ljmysgzv6d96p1zqrrk3ny3linl3hdx1-cargo-src-android-build-0.1.3.drv'...
copying path '/nix/store/qdgsn5ziaawlgwwcpgghxm8yqn50rq7a-iproute2-7.1.0' from 'https://cache.nixos.org'...
building '/nix/store/n91qi444xqdgsmzj1xp7mqf1syy8wyx2-cargo-src-android-properties-0.2.2.drv'...
copying path '/nix/store/zpkpg1hrp0gv65jhgyybinywsgqniin5-libarchive-3.8.9' from 'https://cache.nixos.org'...
building '/nix/store/a3nsym7sm2acbcs2zscy6yj0axanf91z-cargo-src-approx-0.5.1.drv'...
copying path '/nix/store/zwmmxc7yj0i6qgqfz25zw4qrj8lhnmqz-libbpf-1.7.0' from 'https://cache.nixos.org'...
copying path '/nix/store/lqj06ixgylb7qri2s5mhi998kiyyx5nv-libcmis-0.6.3' from 'https://cache.nixos.org'...
building '/nix/store/c2fkndxhil75jsi5wdmjl7ig1nccwiic-cargo-src-arg_enum_proc_macro-0.3.4.drv'...
copying path '/nix/store/a0wjrqgl2ypixq3iy5l859ziws9n0idq-alsa-lib-1.2.16.1-dev' from 'https://cache.nixos.org'...
building '/nix/store/3n78i5429m3id8l9ilxmxn2id6izjfi2-cargo-src-as-raw-xcb-connection-1.0.1.drv'...
copying path '/nix/store/kkimp25ccs3ilkaxapks2nj7y7awksbr-libarchive-3.8.9-dev' from 'https://cache.nixos.org'...
copying path '/nix/store/rw6fp3b7pxasqsi5ckji7w325aa99v69-libixion-0.20.0' from 'https://cache.nixos.org'...
copying path '/nix/store/gkx0dhchf87bsa90rnxglsrhcj9arca5-libmikmod-3.3.13' from 'https://cache.nixos.org'...
building '/nix/store/1fvni61fshy2cgjkprq5s5ln3wv2h9zy-cargo-src-as-slice-0.2.1.drv'...
copying path '/nix/store/lnidka598a9lg2yfqn78qrxd4n3g2c17-libphonenumber-9.0.37' from 'https://cache.nixos.org'...
copying path '/nix/store/09344q7gpy3cnk2z2mcz8kh3z8icnrc0-libndctl-83' from 'https://cache.nixos.org'...
copying path '/nix/store/25grr6lfqfvrv7dj1drs2g34diqyh11x-libpq-18.6' from 'https://cache.nixos.org'...
building '/nix/store/6d2i724cwlr1myhn0vggw1d2hcgsv6hr-cargo-src-ash-0.38.0+1.3.281.drv'...
copying path '/nix/store/0851pjzr4qsbnrllvpnx6bk4lq5qzd7s-libproxy-0.5.12' from 'https://cache.nixos.org'...
copying path '/nix/store/d6n9zg1ipb8f0iaa3fa5mzfiz3l4wq73-libtatsu-1.0.5' from 'https://cache.nixos.org'...
copying path '/nix/store/66fky3kgvwffycw067rb7yih282ibzzs-libtiff-4.7.2' from 'https://cache.nixos.org'...
copying path '/nix/store/i108dzbkdjkiyskmb218mdk9r68071db-libtiff-4.7.2' from 'https://cache.nixos.org'...
building '/nix/store/kwln4bik39z1lgn0r0clxf84fjrqnpn3-cargo-src-async-broadcast-0.7.2.drv'...
copying path '/nix/store/7z0yg7iz5i6hmnv8dy26n8bslwvqs8y6-liborcus-0.21.0' from 'https://cache.nixos.org'...
copying path '/nix/store/vdidr86s5l2i362pdiqfgjfbxknqrfrp-libvoikko-4.3.3' from 'https://cache.nixos.org'...
copying path '/nix/store/pmvz7l58an40nikssqfr0qf9krvshbvw-glib-networking-2.80.1' from 'https://cache.nixos.org'...
copying path '/nix/store/m2aflrvmk7csak4lhixqk2b9n23grkla-libimobiledevice-1.4.0' from 'https://cache.nixos.org'...
building '/nix/store/wc7f4dx9v18val9ghvq0y25y2ba4f12a-cargo-src-async-channel-2.5.0.drv'...
copying path '/nix/store/9mlc8y3ykj14p4nwadw93g4s8zgw4skn-gdk-pixbuf-2.44.7' from 'https://cache.nixos.org'...
building '/nix/store/07wfg5mja5n0zslr8z0jqnj6svaqhhca-cargo-src-async-executor-1.14.0.drv'...
copying path '/nix/store/c2fpyl6m45ykrsyjbrhil6n53lpv10gl-enchant-2.6.9' from 'https://cache.nixos.org'...
copying path '/nix/store/yszx62k3s7n2yl9lgkixq4z7m25szdj3-imlib2-1.12.6' from 'https://cache.nixos.org'...
copying path '/nix/store/bbjbyz85qsih9i5qjdz9pgq67971fgid-ifuse-1.2.1' from 'https://cache.nixos.org'...
building '/nix/store/0p8sz6m050cvh1ipcr4nmjp4b78jsvd4-cargo-src-async-io-2.6.0.drv'...
copying path '/nix/store/qbpznajgn1vq9xigx1psx6a6zr1zzf3b-lcms2-2.19.1-bin' from 'https://cache.nixos.org'...
copying path '/nix/store/slqb676gdd8c965c4q72lr31qb2p1c90-libimobiledevice-1.4.0-dev' from 'https://cache.nixos.org'...
copying path '/nix/store/3d81i4fzg63ry1f7j9653h2g7xnhcc4s-libproxy-0.5.12-dev' from 'https://cache.nixos.org'...
copying path '/nix/store/f26ivlz8knm0ksmsl5gfx4immlas9j40-libavif-1.4.2' from 'https://cache.nixos.org'...
copying path '/nix/store/jvhqjkdpin2ddnxprvrqa9jzg7dqmg26-libheif-1.23.1-lib' from 'https://cache.nixos.org'...
building '/nix/store/1l6hmw3fl12jd2cj3zw17bmsl4n0v9vb-cargo-src-async-lock-3.4.2.drv'...
copying path '/nix/store/d3nk284a7qwh136vj7xihzlc9jkl14mh-libcaca-0.99.beta20-bin' from 'https://cache.nixos.org'...
copying path '/nix/store/9prflf4bwfhj2ig7b9kchjgpmknv4k34-libjxl-0.12.0' from 'https://cache.nixos.org'...
copying path '/nix/store/ymzw4nwyzshzv4gq9w1m2x50qsf2wr3y-libnotify-0.8.8' from 'https://cache.nixos.org'...
building '/nix/store/8rvrqdb7q2w9ycdy8wgk0f3ssw8gjq1b-cargo-src-async-process-2.5.0.drv'...
copying path '/nix/store/zns7wfcn73bxl0lfxnnzl7if8df69xjw-lcms2-2.19.1-dev' from 'https://cache.nixos.org'...
copying path '/nix/store/ynkfnhpgkwrql2mhdkggpxj1yhpdhwc9-librsvg-2.62.3' from 'https://cache.nixos.org'...
copying path '/nix/store/lmxwk264y51a47h1h5zk3phfsqqzw9cz-libtiff-4.7.2-bin' from 'https://cache.nixos.org'...
copying path '/nix/store/dd1b6nsyiaix25q3qfhxxvvnmskqiy4s-libwebp-1.6.0' from 'https://cache.nixos.org'...
building '/nix/store/zpk8jldh9r92zll1j27fkz1dg380150s-cargo-src-async-recursion-1.1.1.drv'...
copying path '/nix/store/hxrzb2v8hf2nn2sgyil49g1l77f5l5gc-jasper-4.2.9-lib' from 'https://cache.nixos.org'...
copying path '/nix/store/xgpm5cvf6ff7z9fq81ygbp5s5i3dw59n-libheif-1.23.1-bin' from 'https://cache.nixos.org'...
copying path '/nix/store/pjqs9cb5z9zhh7qc9kddwwcm4qv9gpp7-libwebp-1.6.0' from 'https://cache.nixos.org'...
copying path '/nix/store/fd8hf26hs7hnpvdk4vrfynrc3y5mwvm4-libxft-2.3.9-dev' from 'https://cache.nixos.org'...
copying path '/nix/store/k1y8rk8kn2gwa3f5m6v27q07ph6xwvbm-gd-2.3.3' from 'https://cache.nixos.org'...
building '/nix/store/78v77pqp7d30lczr8l4nps1izpvzxcw2-cargo-src-async-signal-0.2.13.drv'...
copying path '/nix/store/nvgs9a3nc7a2lamz15x45a3x5ndp5fdl-libraw-0.22.1-dev' from 'https://cache.nixos.org'...
copying path '/nix/store/kxmjcnfmlb737kw0fzxvqgzmbn41wzyz-libjxl-0.12.0-bin' from 'https://cache.nixos.org'...
copying path '/nix/store/d5syjyiha8f1zpmdfnd8lhsn5xm7cvn7-libxmlb-0.3.27-lib' from 'https://cache.nixos.org'...
copying path '/nix/store/28jfxqfaxg3529ffjs09bz28da0cyxlp-libzip-1.11.4' from 'https://cache.nixos.org'...
copying path '/nix/store/by4ybhw1394j2rg921cffhcf7s4mw5gz-libzip-1.11.4' from 'https://cache.nixos.org'...
building '/nix/store/jzl1j2p089c82z7f8ly2mxxi13qd9scq-cargo-src-async-task-4.7.1.drv'...
copying path '/nix/store/b5c8ki47qh98rn0m107x6zsrzv7rvjk4-gnuplot-6.0.5' from 'https://cache.nixos.org'...
copying path '/nix/store/dl8h6kxkdzhs5j4cgcci4wqp18anxxay-graphviz-15.1.1' from 'https://cache.nixos.org'...
copying path '/nix/store/z8fjmsmzy3nnra8jyxncaa4drckgfmac-libgphoto2-2.5.34' from 'https://cache.nixos.org'...
copying path '/nix/store/pkrbz2kk7g9xnbkyx8jfwz11xrk04idg-libheif-1.23.1' from 'https://cache.nixos.org'...
copying path '/nix/store/vpxyai0s0avsdf4y2hdy4ixq89cb2nj3-make-binary-wrapper-hook' from 'https://cache.nixos.org'...
building '/nix/store/7wq5zcv41f5l0l5k1vr4l0f6dah15y1q-cargo-src-av-scenechange-0.14.1.drv'...
copying path '/nix/store/va1dwgk89m27ll0f9l9ckbjdf3z9plb8-ebook-tools-0.2.2' from 'https://cache.nixos.org'...
copying path '/nix/store/c0ssbh4abam9b4g8a2mciv6ih5an5pkx-idevicerestore-1.0.0-unstable-2026-07-26' from 'https://cache.nixos.org'...
copying path '/nix/store/sf6nrx3xj1l6ablh09igrx6nhsj6d627-libjxl-0.12.0-dev' from 'https://cache.nixos.org'...
copying path '/nix/store/m54h92shhz1y9532z994f3sz02zr06fp-libheif-1.23.1-dev' from 'https://cache.nixos.org'...
building '/nix/store/xr5irygv9966br3ym1qkvpgsvl6vjmz2-cargo-src-av1-grain-0.2.5.drv'...
copying path '/nix/store/6aj0zzip3cwi7mm4jwh1k15d0ifzah1x-gdk-pixbuf-loaders.cache' from 'https://cache.nixos.org'...
copying path '/nix/store/i2azliw8fyn0dv751hkwcjp25w0k3raq-appstream-1.1.3' from 'https://cache.nixos.org'...
copying path '/nix/store/ywyqi4h30wm9casy2nsm7lj86292z1ak-make-binary-wrapper-hook' from 'https://cache.nixos.org'...
copying path '/nix/store/lqjarzgi1brcshaha16fmw738256xi6d-mariadb-connector-c-3.3.5' from 'https://cache.nixos.org'...
copying path '/nix/store/kg1sd2wi4assljvy6pp47304vnqjigcv-minizip-ng-4.2.2' from 'https://cache.nixos.org'...
copying path '/nix/store/apyr8xx3c6v36k4rpqkkkq9zcf4pcrs1-nilfs-utils-2.2.12' from 'https://cache.nixos.org'...
building '/nix/store/gp55wm1rbql0jz36f7ysmljxyb9mq8ww-cargo-src-avif-serialize-0.8.8.drv'...
copying path '/nix/store/53rgwgwvgp5dbl9z0c6s04pzsz1ax1n1-ntfs3g-2026.7.7' from 'https://cache.nixos.org'...
copying path '/nix/store/r8jl4blig70xhn778ihckvrw5df9c3b6-libqalculate-5.12.0' from 'https://cache.nixos.org'...
copying path '/nix/store/w0pfnhvv2czd4inz2yw4ljndsaajlb3a-nix-util-2.34.8' from 'https://cache.nixos.org'...
copying path '/nix/store/9258w4amzgjfcj34gkqi1s0r97gv65pn-nix-prefetch-git-26.11' from 'https://cache.nixos.org'...
copying path '/nix/store/q750m1i95zvgfkqwnyvpjn9yscwpj384-ocaml5.4.1-alsa-0.3.0' from 'https://cache.nixos.org'...
copying path '/nix/store/bgln4z0bb353bi5lbyq4zfns56lgmswq-openjpeg-2.5.4' from 'https://cache.nixos.org'...
copying path '/nix/store/k2p2gs1fdadx39j63wi2467f7bx9imhc-openjpeg-2.5.4' from 'https://cache.nixos.org'...
copying path '/nix/store/rzmy705gxmc5jgzbl4n7hx93424570ca-opencolorio-2.5.2' from 'https://cache.nixos.org'...
building '/nix/store/0pg4ykvg3vmwyqj7psr5mmjq208k96b7-cargo-src-bit_field-0.10.3.drv'...
copying path '/nix/store/0j14bxkml48njc4xwjfsypsdsjbfk631-perl5.42.3-GD-2.86' from 'https://cache.nixos.org'...
copying path '/nix/store/zpczyg1563r4zw63103153wxzd308p2h-perl5.42.3-DBD-MariaDB-1.23' from 'https://cache.nixos.org'...
copying path '/nix/store/mjgd7lbvp8rli365likrg9m4a5mmi5w4-pciutils-3.15.0' from 'https://cache.nixos.org'...
copying path '/nix/store/b5bpi6zfajzzrwwpgba2q6li3nnya4bs-python3-3.14.7' from 'https://cache.nixos.org'...
copying path '/nix/store/y37nxb0qmpjsqqh1mk5jbpl2h3f28qj9-postgresql-17.11' from 'https://cache.nixos.org'...
copying path '/nix/store/lphhnafb0ldfnclxgfxr6dgda7vdvrss-psqlodbc-18.00.0002' from 'https://cache.nixos.org'...
copying path '/nix/store/kyg3jvq4ixppjran2ccqjd7c57fiv8xp-python3-3.14.7' from 'https://cache.nixos.org'...
building '/nix/store/50dcm7rkvaqab4y38f30105jqmxal6n3-cargo-src-bitflags-2.11.0.drv'...
copying path '/nix/store/al2hwcsx1d8k8dwhj9wjhxlpb1am13s0-leptonica-1.87.0' from 'https://cache.nixos.org'...
copying path '/nix/store/l3j5xxhybqlz68s208lcp2kzf1f9bbph-mupdf-1.27.2' from 'https://cache.nixos.org'...
copying path '/nix/store/jb07hk2jg2a8wg9n7j942hl68y62nnbs-nix-nswrapper-2.34.8' from 'https://cache.nixos.org'...
copying path '/nix/store/67pcpm7ismsshwpkkpmfp62wblp3ad3w-nix-store-2.34.8' from 'https://cache.nixos.org'...
copying path '/nix/store/v801rrn3xyk8glv7dvswrkrhcwsgbdd4-openjpeg-2.5.4-dev' from 'https://cache.nixos.org'...
building '/nix/store/cgi60j5ssgm92d2npdzb125vi02a995d-cargo-src-bitstream-io-4.9.0.drv'...
copying path '/nix/store/gzjl3qszycb3wybcmj35w2hbcaprjh5m-perl-5.42.3-env' from 'https://cache.nixos.org'...
copying path '/nix/store/pzn316l6flkg7ii2x8m0hkf3fcgmckfs-poppler-glib-26.06.0' from 'https://cache.nixos.org'...
copying path '/nix/store/rcxkccxkf6lawmrgmwgynv517z9ghbk9-perl-5.42.3-env' from 'https://cache.nixos.org'...
building '/nix/store/p8ky7c386ll1aq636g90lr1dlq7ma3fr-cargo-src-block-0.1.6.drv'...
copying path '/nix/store/g0f2man6jdwimdpz383l8p11r1rzx9hs-poppler-utils-26.06.0' from 'https://cache.nixos.org'...
copying path '/nix/store/b31794j1sciflwg7d8lq5cy5bal066gk-setup-cuda-hook' from 'https://cache.nixos.org'...
copying path '/nix/store/nkg1smmn05j9ig33vb1rbphc1ffn5yzf-raptor2-2.0.16' from 'https://cache.nixos.org'...
copying path '/nix/store/cnfiwpp8b21al55xsa07m5ca74fbdify-rsync-3.5.0' from 'https://cache.nixos.org'...
copying path '/nix/store/jjzimlm3967zgjn7sh1phc9kag2pr8dr-nix-fetchers-2.34.8' from 'https://cache.nixos.org'...
building '/nix/store/qhwsi5vskjnsijhpvnrd5sy4f3cq7jci-cargo-src-block2-0.5.1.drv'...
copying path '/nix/store/ryfvrw2jvz0233h1wf7hh3ka092j1fgn-nix-main-2.34.8' from 'https://cache.nixos.org'...
copying path '/nix/store/9hfnl4wvcxiag2lrmsxzmls4cb2pw7d7-sndio-1.10.0' from 'https://cache.nixos.org'...
copying path '/nix/store/4qhfv0grklrfmvfi8xxqpgah2nqwp322-source-highlight-3.1.9' from 'https://cache.nixos.org'...
copying path '/nix/store/0fsbnxagd21zlp7nl3y6g3y3pa5fg2jb-spandsp-0.0.6' from 'https://cache.nixos.org'...
copying path '/nix/store/ljihngad0wck9lh5df8inac5d0m2lviv-spandsp-0.0.6' from 'https://cache.nixos.org'...
copying path '/nix/store/d5dm8qlb15mqys576fdffd1cgmfi6ffk-squashfs-tools-4.7.5' from 'https://cache.nixos.org'...
copying path '/nix/store/v6j5v429gvm6ih91mynqkll0mn2klfnf-lrdf-0.6.1' from 'https://cache.nixos.org'...
building '/nix/store/78mj81l3w6nv1zmnin9biihnwrr7710k-cargo-src-block2-0.6.2.drv'...
copying path '/nix/store/iwdfrjfnhxbj7jrd4bsrl3g7g0ii4qbc-nix-expr-2.34.8' from 'https://cache.nixos.org'...
copying path '/nix/store/ar8vbhwis772dv7axxrb5mnavfqg8g00-stdenv-linux' from 'https://cache.nixos.org'...
copying path '/nix/store/08vy0kmn5h3sazb03mpv64mprz5fzb8i-strace-7.2' from 'https://cache.nixos.org'...
copying path '/nix/store/gc11v5pzr51wzdnbddk1qbyw8vqk59kr-squashfuse-0.6.3' from 'https://cache.nixos.org'...
copying path '/nix/store/dvj9bnk0vdbzzhn76wsnzk1dv6c6jbx1-stdenv-linux' from 'https://cache.nixos.org'...
copying path '/nix/store/n48dlk4jjp7d34f2p9c0h23dfm3jmg3f-stdenv-linux' from 'https://cache.nixos.org'...
copying path '/nix/store/pc2vjl4xvjvs6mfdw6yff5y0viz9j2v2-rasqal-0.9.33' from 'https://cache.nixos.org'...
building '/nix/store/6jq6br7cwy6k4x1pzrn2cz9a93k8jqj8-cargo-src-blocking-1.6.2.drv'...
copying path '/nix/store/zw627kzannvl2q79vrz12y2m8kqsd5aq-appimage-exec.sh' from 'https://cache.nixos.org'...
copying path '/nix/store/jc4ly9i9ply965i013c4hm97fwvcpxxi-systemd-generator-environment.json' from 'https://cache.nixos.org'...
copying path '/nix/store/lfqbsp1wh59izfbs39sf9yds7dp0jwdj-tailscale-1.102.3' from 'https://cache.nixos.org'...
copying path '/nix/store/nvfwgjk1mp7wrw4r3yx79zvjcv7nf790-tpm2-tss-4.2.0' from 'https://cache.nixos.org'...
copying path '/nix/store/w739x4v97c261v1vwcsk4jpw99qy9qgf-systemd-minimal-261.2' from 'https://cache.nixos.org'...
copying path '/nix/store/8kdw4bzswar0130r5m5cd2m3ga22lmax-tpm2-tss-4.2.0' from 'https://cache.nixos.org'...
copying path '/nix/store/bv3yzxlghi529ia2vfnpy2x80yy1qhb2-tesseract-5.5.3' from 'https://cache.nixos.org'...
copying path '/nix/store/4v5h4fnb8m9zf0fix0rxnwpgymz34wrv-systemd-minimal-261.2' from 'https://cache.nixos.org'...
copying path '/nix/store/xm8frncphvz3rmylap06wam1hal3fab8-nix-flake-2.34.8' from 'https://cache.nixos.org'...
copying path '/nix/store/jpz5hcx9yhn7wh7nch1qi402l9i22rlb-redland-1.0.17' from 'https://cache.nixos.org'...
building '/nix/store/9y8nilrxp31rdwc6zx0p3yjcz28cg16m-adi1090x-plymouth-themes-1.0.drv'...
copying path '/nix/store/cqlx62f919g8xf2f39bmykslpjdh9z0j-rustc-1.97.1' from 'https://cache.nixos.org'...
copying path '/nix/store/r3y8ga4jfv82j7ccdz688gar6zv421v2-unifont-17.0.05-bin' from 'https://cache.nixos.org'...
copying path '/nix/store/5mg55wxbm96v7fqfmmyg8xl7zp15g32s-upower-1.91.3' from 'https://cache.nixos.org'...
copying path '/nix/store/6bi0c07q7xrmz8jzws6lh58yv1zzxs3k-webp-pixbuf-loader-0.2.7' from 'https://cache.nixos.org'...
copying path '/nix/store/3yn11zahvczkb7ic50n5si85bsdil5xv-wildmidi-0.5.0' from 'https://cache.nixos.org'...
copying path '/nix/store/npsbrz5sr41nk35fap059a8ps05wjj63-zstd-1.5.7-bin' from 'https://cache.nixos.org'...
copying path '/nix/store/nvh2r6adpxhkl37wsxglz4w9cbsz506h-gnupg-2.4.9' from 'https://cache.nixos.org'...
building '/nix/store/mxbbxm7fr8h0l30qkzfwbv8913fsrywy-cargo-package-ab_glyph-0.2.32.drv'...
copying path '/nix/store/z82gmy1ilmf3w5lccvfmiypny7p76sqm-gstreamer-1.28.6' from 'https://cache.nixos.org'...
copying path '/nix/store/ipp4wbkhjn0v1gjzn0zjkdlqlr634his-meson-1.10.2' from 'https://cache.nixos.org'...
copying path '/nix/store/mld0rlrbckhfh777qqfkqmp5y8a6wlwn-nix-cmd-2.34.8' from 'https://cache.nixos.org'...
copying path '/nix/store/sm8d6jpilwdy3bw3yq2lv8rr8jld26pb-systemd-261.2' from 'https://cache.nixos.org'...
copying path '/nix/store/x9mqqv7bkfdz2ngs6y3j23qrcabk2i7x-systemd-261.2' from 'https://cache.nixos.org'...
copying path '/nix/store/6905zbz5ajxc6frmzhk43r7zm88zkds2-tpm2-abrmd-3.0.0' from 'https://cache.nixos.org'...
copying path '/nix/store/mwxpnk8p8qmhwd2davz4h79y9l4gszi0-dbus-1.16.2-lib' from 'https://cache.nixos.org'...
copying path '/nix/store/yn8y98bfwgr9jxcrl1x32h04mshpn9wc-dbus-1.16.2-lib' from 'https://cache.nixos.org'...
copying path '/nix/store/pgwpldghvw1fxsdxjx9fpp60xykfmlnl-gdk-pixbuf-loaders.cache' from 'https://cache.nixos.org'...
copying path '/nix/store/vn80zn8p2x5dzqbnrkvcbxhjrp7ls4gq-man-db-2.13.1' from 'https://cache.nixos.org'...
building '/nix/store/ffsz5vpkdw0p86ldyzv9dw282f5zyb6f-cargo-package-ab_glyph_rasterizer-0.1.10.drv'...
copying path '/nix/store/c8jhnv5bak4wkp3v9flc3y865gw1gdwd-gcc-wrapper-15.3.0' from 'https://cache.nixos.org'...
copying path '/nix/store/s140law6rxbjkyjblkaldi9klslnfvwg-gpgme-2.1.2' from 'https://cache.nixos.org'...
copying path '/nix/store/9v9ph9yi18b8s4wg1rr17rc7mh4hzmhh-mesa-26.2.1' from 'https://cache.nixos.org'...
copying path '/nix/store/8jkb2xg25gvc8cwynal0gnnvg57rz369-ppp-2.5.2' from 'https://cache.nixos.org'...
copying path '/nix/store/wazzakfwhhbfls8s0j5hm8amv9409n2p-ppp-2.5.2' from 'https://cache.nixos.org'...
copying path '/nix/store/fws7l2xnvw9y64c1037al83wllp2rzgg-udev-check-hook' from 'https://cache.nixos.org'...
copying path '/nix/store/d1lr5gxnfj96v1brdpk85gz7v6d5ywxq-umockdev-0.19.3' from 'https://cache.nixos.org'...
copying path '/nix/store/ghks3c4bpqll9b1909vr47qx892c3zzw-zstd-1.5.7-dev' from 'https://cache.nixos.org'...
copying path '/nix/store/iw5kcyxqr3c4w4m2d2yaqxkkis07awr3-at-spi2-core-2.60.6' from 'https://cache.nixos.org'...
copying path '/nix/store/856vrw15mdjjpy2wgy3r3six4s1833jn-avahi-0.8' from 'https://cache.nixos.org'...
copying path '/nix/store/8jq7b6qvy8a4wpdq9w3gm021b1bsvwvm-avahi-0.8' from 'https://cache.nixos.org'...
building '/nix/store/knj16ib3z2sziq0ik940x2dycm8ymx84-cargo-package-adler2-2.0.1.drv'...
copying path '/nix/store/vlakbh3si797k5mfpzdxl033aq2h3xck-bluez-5.87' from 'https://cache.nixos.org'...
copying path '/nix/store/2swbxihjql78pnn5kfmhjq5dvp9m744b-dbus-1.16.2' from 'https://cache.nixos.org'...
copying path '/nix/store/0s4hmpxbh20c60p0bv3xf9n78mm7r92a-bluez-5.87' from 'https://cache.nixos.org'...
copying path '/nix/store/50s2fq46als53w8j3644di0ww1559zs1-dbus-glib-0.114' from 'https://cache.nixos.org'...
copying path '/nix/store/cgwmd5bjypw2m8acaq51a77683069b0f-dnsmasq-2.93' from 'https://cache.nixos.org'...
copying path '/nix/store/nnqmbmijarjnbfk7w3vahz403xcrrf22-dnsmasq-2.93' from 'https://cache.nixos.org'...
copying path '/nix/store/j9z98x1afhmw9z7cqibc99bbvf18pqma-ddcutil-2.2.7' from 'https://cache.nixos.org'...
copying path '/nix/store/kx98rx94597k728ffd49lhkfmk96cv51-gamemode-1.8.2-lib' from 'https://cache.nixos.org'...
copying path '/nix/store/zl8xcznkr58pqnk0dh87x9ccsrgryaiy-gst-plugins-base-1.28.6' from 'https://cache.nixos.org'...
copying path '/nix/store/107511xv9ycg8wksjx36y4wywr8bm464-libjack2-1.9.22' from 'https://cache.nixos.org'...
copying path '/nix/store/rfsz734zgvi91sgp3iy3r971p5bjz024-atkmm-2.28.5' from 'https://cache.nixos.org'...
building '/nix/store/bayzscy09qwl844dmcjjxz48gflifig6-cargo-package-aes-0.9.0-rc.4.drv'...
copying path '/nix/store/icas0fh7nym76qvmy25qpgvbnw6dcxdp-avahi-0.8-dev' from 'https://cache.nixos.org'...
copying path '/nix/store/vjaz8yglcqmbihslm7qj5gkrdz7cd3hi-cups-2.4.19-lib' from 'https://cache.nixos.org'...
copying path '/nix/store/pnmnw633qab0glfm2nzks09fxl4dy2pn-curl-8.21.0-dev' from 'https://cache.nixos.org'...
copying path '/nix/store/a2br43sf9xq2hajzbajsm5mw3s37b43b-gpgmepp-2.1.0' from 'https://cache.nixos.org'...
copying path '/nix/store/s76rxm885jhq6z39k0xcmz3afq8s949i-libjack2-1.9.22' from 'https://cache.nixos.org'...
copying path '/nix/store/k2dbazlsl8h30xlxri1mfb7sz50bd3lv-libjcat-0.2.6' from 'https://cache.nixos.org'...
copying path '/nix/store/7akiaccqfnhs2s083w27rkq75mqvhx14-libpulseaudio-17.0' from 'https://cache.nixos.org'...
copying path '/nix/store/f6d24l529dpahfyl534pv61laggcnbin-libpulseaudio-17.0' from 'https://cache.nixos.org'...
copying path '/nix/store/8lyz7iilgz3a1jlg4qf02w0xizzmd52i-libtiff-4.7.2-dev' from 'https://cache.nixos.org'...
copying path '/nix/store/h225kg24wh6ag89276gih11gjxpdfb7f-libusb-1.0.30-dev' from 'https://cache.nixos.org'...
copying path '/nix/store/8pcf6v6y2q2xlgpwkyxc639qlq6n207q-bluez-5.87-dev' from 'https://cache.nixos.org'...
copying path '/nix/store/s30pndvs4kh1dk7jxxj4ljn27spyr8fv-dbus-1.16.2-dev' from 'https://cache.nixos.org'...
copying path '/nix/store/zm2wl7sv490hvvg4ipkyrmrdaw1lmdm6-libcamera-0.7.2' from 'https://cache.nixos.org'...
copying path '/nix/store/1pp4mzz80wrw0b611swrjzg1rniq1i2h-mupdf-1.27.2-bin' from 'https://cache.nixos.org'...
copying path '/nix/store/x90ajwa2ydmwsa0qjccpj1nsl6049wmm-nix-2.34.8' from 'https://cache.nixos.org'...
building '/nix/store/fw5qk0j8dki84n4q7yjijj2rylc7vsmk-cargo-package-ahash-0.8.12.drv'...
copying path '/nix/store/jn6ykk9k52jxmjrg95vwaq7w5czi4bpg-dbus-broker-37' from 'https://cache.nixos.org'...
copying path '/nix/store/5shv8rxrylqlrf43qgcm7s7cfimnrxa8-gcr-4.4.0.1' from 'https://cache.nixos.org'...
copying path '/nix/store/fi19f32axpgvdf49x023x12c52rd64qh-initrd-plymouth-udev-rules' from 'https://cache.nixos.org'...
copying path '/nix/store/3fj06kg62m8a3r666y6k8iqhy3qivzmw-initrd-udev-rules' from 'https://cache.nixos.org'...
copying path '/nix/store/sfxasdjp9zlvmxn1h1mxl0ax7wlcc7l1-mariadb-server-11.4.12' from 'https://cache.nixos.org'...
copying path '/nix/store/nhsrpbakhmswx0ykmkxj8q0ykm2ifjlh-modemmanager-1.24.2' from 'https://cache.nixos.org'...
copying path '/nix/store/ingykslli72ms6mnzm8a5add2vnpipn9-multipath-tools-0.14.3' from 'https://cache.nixos.org'...
copying path '/nix/store/k3nz3s314bipvqbcbw3faq823hxpwbn1-nodejs-slim-24.19.0' from 'https://cache.nixos.org'...
copying path '/nix/store/hf2k3310bdy43cj8d21rik4z5vbsg9p4-openvpn-2.6.21' from 'https://cache.nixos.org'...
copying path '/nix/store/17yhi96ki1wx17cjxkqxaj1z5mc53ia8-obexftp-0.24.2' from 'https://cache.nixos.org'...
copying path '/nix/store/3qxk1rwfasdlwdb18k280hn22r7vm43x-obex-data-server-0.4.6' from 'https://cache.nixos.org'...
copying path '/nix/store/b334h8ygbw7vg2pjkwgzhn3x8g5l2ijy-ostree-2026.2' from 'https://cache.nixos.org'...
copying path '/nix/store/by0mmb6qws2yc65qhxq76q08jnylx1il-perl5.42.3-Net-DBus-1.2.0' from 'https://cache.nixos.org'...
copying path '/nix/store/699w69i10c2nxgq2izxiz1m9l6lcihr6-brltty-6.9.1' from 'https://cache.nixos.org'...
copying path '/nix/store/ns769gwc5z8a1vlkiyz3s1c77g97yksc-cups-2.4.19' from 'https://cache.nixos.org'...
copying path '/nix/store/5sfz91hngs7pjd90y2l8vnnhkzqn649h-cups-pk-helper-0.2.6' from 'https://cache.nixos.org'...
building '/nix/store/ziwld9qnazppf9ni9fk6ks3j2b0m0m4i-cargo-package-aho-corasick-1.1.4.drv'...
copying path '/nix/store/6mb85smxifrylkl6di3b6z1i591p0lxi-extra-cmake-modules-6.29.0' from 'https://cache.nixos.org'...
copying path '/nix/store/97sci7r0pjynbqa3nyk736mra0qiv7n1-flite-2.2-lib' from 'https://cache.nixos.org'...
copying path '/nix/store/flrf7n55sjyn67wz17ql64sg53ra4jj8-gstreamer-1.28.6' from 'https://cache.nixos.org'...
copying path '/nix/store/8yjpgadavqdwphcd2kw4dfvxmgdp5sb3-git-2.55.0' from 'https://cache.nixos.org'...
copying path '/nix/store/6h6x3ylsdnclq057jn5cm7xan46wiknx-fluidsynth-2.5.6' from 'https://cache.nixos.org'...
copying path '/nix/store/kssswjlgdgb5kipnrjkq39xawmd8s1xd-itstool-2.0.7' from 'https://cache.nixos.org'...
copying path '/nix/store/f9835721ayfafx1xm6vpqpr4afn3r0zh-libao-1.2.2' from 'https://cache.nixos.org'...
copying path '/nix/store/kkzwq4i0skbkshdpj9h13x6shsv1fb2n-libao-1.2.2' from 'https://cache.nixos.org'...
copying path '/nix/store/m722jvydakgrj9bd3mvwc78zxqjlz3mw-libcanberra-0.30' from 'https://cache.nixos.org'...
copying path '/nix/store/cfcmdswgphih5s6p056klvi2wc748w82-libpeas-2.2.1' from 'https://cache.nixos.org'...
copying path '/nix/store/c2y9024sd02bvy6a64lf0hvl8lsfvw1m-libpulseaudio-17.0-dev' from 'https://cache.nixos.org'...
copying path '/nix/store/rv4gmavmzszwnnh5ixbw982qfgyjq7w1-lttng-ust-2.15.1-bin' from 'https://cache.nixos.org'...
copying path '/nix/store/v5c40hysv678q0yjwvdi0q97rdmxr9r4-mesa-26.2.1' from 'https://cache.nixos.org'...
copying path '/nix/store/azf6s3lpx8f53si93y8135mpyykjj72b-meson-1.10.2' from 'https://cache.nixos.org'...
building '/nix/store/a7kxjil1vpsdjg9ipkznmxq06617r2g5-cargo-package-aligned-0.4.3.drv'...
copying path '/nix/store/fsfrc92iamihmgj1ar6zxd2inynp2l66-cups-2.4.19-dev' from 'https://cache.nixos.org'...
copying path '/nix/store/mzb1rw4v5jv8xbxak1d0m35rpmq2zdvm-ghostscript-with-X-10.07.1' from 'https://cache.nixos.org'...
copying path '/nix/store/97lw5bk7bmqkf3f98n9qa5xrhz20i6bs-modemmanager-1.24.2' from 'https://cache.nixos.org'...
copying path '/nix/store/f57zvk2hy1687iijxn6x3d15m2f46igz-mpg123-1.33.7' from 'https://cache.nixos.org'...
copying path '/nix/store/6qz6q8j2r2cirh33f67mpdsxnqf8d680-networkmanager-1.58.0' from 'https://cache.nixos.org'...
copying path '/nix/store/4xgcl4ddyx6pzfhyysccldmj1lfcas0g-nfs-utils-2.9.2' from 'https://cache.nixos.org'...
copying path '/nix/store/q2vi04vavsbxm4scm17bahnly5rxjglb-mpg123-1.33.7' from 'https://cache.nixos.org'...
copying path '/nix/store/rcl4pxfqf8vb48fa9n1ahd71qzvfmdx9-gst-plugins-base-1.28.6' from 'https://cache.nixos.org'...
copying path '/nix/store/mfbj55gq7dzvi4asc33zvg7hgclzqc8n-gstreamer-1.28.6-bin' from 'https://cache.nixos.org'...
building '/nix/store/2kygabpkv8i2l32nr8gjlvwdvpd64m88-cargo-package-aligned-vec-0.6.4.drv'...
copying path '/nix/store/byg6ma91cnkw3pw7yn1h0vw2f6yvc0dk-libcanberra-0.30' from 'https://cache.nixos.org'...
copying path '/nix/store/v8qangapwamggnv04sgaqcns2rnihx0b-libnice-0.1.23' from 'https://cache.nixos.org'...
copying path '/nix/store/8y9pvax8pgxcbrfifg9xi70qyidmh9hm-lttng-ust-2.15.1-dev' from 'https://cache.nixos.org'...
copying path '/nix/store/7vb637v8mqbycvmpwfl5q93ikr2xjpay-nix-2.34.8' from 'https://cache.nixos.org'...
copying path '/nix/store/jjavbi9512yddamcczqp427s8z2lwwqa-libopenmpt-0.8.7' from 'https://cache.nixos.org'...
copying path '/nix/store/q61h8g478wzk1r19wpsdb9vb8z2c8gcr-libopenmpt-0.8.7' from 'https://cache.nixos.org'...
building '/nix/store/jigllnn9hi1wnvnh5h97c8d07863lwga-cargo-package-android-activity-0.6.1.drv'...
copying path '/nix/store/x0hij0wm2iki09b7vaii4gyljjcbk9w4-gst-plugins-good-1.28.6' from 'https://cache.nixos.org'...
copying path '/nix/store/wsc0hlkvr2sk2wjy6jgv3w6nrqh4i1s2-gst-plugins-ugly-1.28.6' from 'https://cache.nixos.org'...
copying path '/nix/store/bzrca06npy6cvga69ar8d5aivgap2x5w-gst-rtsp-server-1.28.6' from 'https://cache.nixos.org'...
copying path '/nix/store/iwc5cmdsqwg4jy6s5kf3c4l6b95wd9hv-libcamera-0.7.2' from 'https://cache.nixos.org'...
copying path '/nix/store/d7w4axml5q79rjh6bim2vd40vddb5n12-nixos-rebuild-ng-26.11' from 'https://cache.nixos.org'...
copying path '/nix/store/njs3lix7mmbrg1m48y84wz1fslr6p303-nixos-option-26.11' from 'https://cache.nixos.org'...
copying path '/nix/store/0hn9flcs6s289f5y3y1zicd64snaq0fs-openjdk-8u504-b01-jre' from 'https://cache.nixos.org'...
copying path '/nix/store/x3mkwq85hb78wwlaksp4fch506d36z17-packagekit-1.3.5' from 'https://cache.nixos.org'...
copying path '/nix/store/2ncw0fv4ly86igbxvdhj7q9ihrcczncf-ffmpeg-8.1.2-lib' from 'https://cache.nixos.org'...
copying path '/nix/store/vw6jkg2ilvhhdab70a6hg0pmjw91sf8a-ffmpeg-9.0.1-lib' from 'https://cache.nixos.org'...
copying path '/nix/store/wsx1drb9a2cx2slm9m66nag9v5scmibh-ffmpeg-headless-8.1.2-lib' from 'https://cache.nixos.org'...
building '/nix/store/zr1gp8d489k0hskx9lh6xj42gh7gwbam-cargo-package-android-build-0.1.3.drv'...
copying path '/nix/store/06m470d0fvnn5ivzwbgmi5rvss3fza40-ffmpeg-headless-9.0.1-lib' from 'https://cache.nixos.org'...
copying path '/nix/store/gpckdx5xylh7jp7qv7kagrvi434mhll5-ffmpeg-headless-9.0.1-lib' from 'https://cache.nixos.org'...
copying path '/nix/store/klwlilzmgmr63c4vnk8sdq5cdnzdnim3-libdatachannel-0.24.1' from 'https://cache.nixos.org'...
copying path '/nix/store/83d48n57j3mg2a9x7wdafy8i25k6x6j2-networkmanager-1.58.0' from 'https://cache.nixos.org'...
copying path '/nix/store/2381p229a5w3zgfgk9bgf4vq1ravqyla-nodejs-slim-24.19.0-corepack' from 'https://cache.nixos.org'...
copying path '/nix/store/jfi4k67zal3n810x24v14bd8x3m11z49-nodejs-slim-24.19.0-npm' from 'https://cache.nixos.org'...
building '/nix/store/rw46x796aycnl3v77m0kbsph4h7s4gz1-cargo-package-android-properties-0.2.2.drv'...
copying path '/nix/store/x46l40nl4xxxqyafsx3cqmmi0b1mw1xg-gst-plugins-good-1.28.6-dev' from 'https://cache.nixos.org'...
copying path '/nix/store/qkdcffy51968lzl7glf3v31c2vs2c295-pcaudiolib-1.3' from 'https://cache.nixos.org'...
copying path '/nix/store/5ba2vfvw3bqhkp2i2773xrzzwz2myjhs-pmbootstrap-3.11.1' from 'https://cache.nixos.org'...
copying path '/nix/store/90gvcrhh2q7f1rfzy2jvfqky3gz7000q-plasma-wayland-protocols-1.21.0-dev' from 'https://cache.nixos.org'...
copying path '/nix/store/rp441xxx0qv4vz0whwrky26lqp42yhzb-libcupsfilters-2.1.1' from 'https://cache.nixos.org'...
copying path '/nix/store/a9lai13pds43rl8wr9gljwb4dbdykxwy-libspectre-0.2.12' from 'https://cache.nixos.org'...
copying path '/nix/store/zj0y80bzx43np3lr4374fxy69sbh9gn2-pulseaudio-17.0' from 'https://cache.nixos.org'...
building '/nix/store/ragxvnpbnbypqg1qqm01sfrzc91636aq-cargo-package-android_system_properties-0.1.5.drv'...
copying path '/nix/store/mjiw8bq5ay1sm5x62z5a26m2ii2vdz56-python3.14-argcomplete-3.6.3' from 'https://cache.nixos.org'...
copying path '/nix/store/2p0pxvb5qclxsa2h74djyc95npw23f5r-python3.14-brotli-1.2.0' from 'https://cache.nixos.org'...
copying path '/nix/store/mabj8vrffrvzhnc1m76awgdm04p9zygr-python3.14-buildcatrust-0.5.1' from 'https://cache.nixos.org'...
copying path '/nix/store/lvsnwgafvvxhr140zni67lm7zsi0viq5-python3.14-cbor2-6.1.3' from 'https://cache.nixos.org'...
copying path '/nix/store/c7l5i4dga7x8456qj2q0cc7d5zpigkw4-python3.14-certifi-2026.06.17' from 'https://cache.nixos.org'...
copying path '/nix/store/biphdwp04a4m8l3ncq1hgif9046wc8rz-libppd-2.1.1' from 'https://cache.nixos.org'...
copying path '/nix/store/lfaydgacdyngci7p60s8wwvgdm74fjkx-nodejs-24.19.0' from 'https://cache.nixos.org'...
building '/nix/store/pr4dccnp502wyq0560lm543bv63lb3ql-cargo-package-anstream-1.0.0.drv'...
copying path '/nix/store/7n1mbkxm4axhghinsrn08lnsj26f0aql-python3.14-charset-normalizer-3.4.9' from 'https://cache.nixos.org'...
copying path '/nix/store/m97mxkh7bvs37dip41xc7y9jw6agjya3-python3.14-charset-normalizer-3.4.9' from 'https://cache.nixos.org'...
copying path '/nix/store/azdkscz6qxp100bdyrdcxr9k5c1ymgrj-python3.14-colorama-0.4.6' from 'https://cache.nixos.org'...
copying path '/nix/store/3x0ag75q035sz49nhkks4dx4lrg7qd3l-python3.14-darkdetect-0.8.0' from 'https://cache.nixos.org'...
copying path '/nix/store/cyq556k8225yjyvm2cxdkw0i6wvqr3w6-python3.14-distutils-extra-2.50' from 'https://cache.nixos.org'...
copying path '/nix/store/wjir9hqdc5z6fi457jw09nzxsk0aw27j-python3.14-fonttools-4.63.0' from 'https://cache.nixos.org'...
copying path '/nix/store/z9gg9y3v8pkk06rds1hdsf9nhikkrq6n-python3.14-dbus-python-1.4.0' from 'https://cache.nixos.org'...
copying path '/nix/store/7jynixnff644prqly9z9m4q1sdbhgd1f-python3.14-dnspython-2.8.0' from 'https://cache.nixos.org'...
copying path '/nix/store/cxn8450cl2vwyfaim125lx3avqn2pbyg-python3.14-idna-3.18' from 'https://cache.nixos.org'...
copying path '/nix/store/9p0jlvblx7vv1x135addjnf0dhg1i61k-python3.14-jeepney-0.9' from 'https://cache.nixos.org'...
copying path '/nix/store/jh4szbhw34l7kpfz8c2bjp5z95mf2fv2-python3.14-lxml-6.1.1' from 'https://cache.nixos.org'...
copying path '/nix/store/l5f99hqb94hwcwnchj8s2m1l0grp44n5-alsa-plugins-1.2.12' from 'https://cache.nixos.org'...
copying path '/nix/store/1wb8x8a1817ia29mm9fqnh526sdl020l-chromaprint-1.6.1' from 'https://cache.nixos.org'...
building '/nix/store/192qhi6xqkm158fw5227ma6s6b5d31c5-cargo-package-anstyle-1.0.14.drv'...
copying path '/nix/store/y1hgycv6z5nda6h6lw3rhky46qpiwyrh-cups-browsed-2.1.1' from 'https://cache.nixos.org'...
copying path '/nix/store/sspahfniywkrsp4iixafklhsvr3gwlxv-cups-filters-2.0.1' from 'https://cache.nixos.org'...
copying path '/nix/store/sgr8i7gg4b6sx1fvg944zw9c54pwnpxm-ffmpeg-headless-9.0.1-bin' from 'https://cache.nixos.org'...
copying path '/nix/store/nm0l9iyjfpwli2is136lx61gl3zc2ddi-gst-libav-1.28.6' from 'https://cache.nixos.org'...
copying path '/nix/store/m73xyndxlw0xvh7bawvjcbpdslxyngwz-opencv-4.13.0' from 'https://cache.nixos.org'...
copying path '/nix/store/qymip8v80g543jws9hrrnfak26d9pffi-opencv-4.13.0' from 'https://cache.nixos.org'...
copying path '/nix/store/z7krgjiiq9b7dlwcvcc41byl7yq2ln84-python3.14-markdown-3.10.2' from 'https://cache.nixos.org'...
copying path '/nix/store/zlpf5qcaxb7bi1y6vfa0l92y82zlahfa-python3.14-markupsafe-3.0.3' from 'https://cache.nixos.org'...
copying path '/nix/store/xg7sxf96dxf8sp165ygippl6p76310bk-python3.14-mccabe-0.7.0' from 'https://cache.nixos.org'...
copying path '/nix/store/8wicgp7nky17a9z7hgsm64lsim9ansjd-python3.14-mdurl-0.1.2' from 'https://cache.nixos.org'...
copying path '/nix/store/d3vmlk7r4kgm6y3wwpk59fpfsx220hy5-python3.14-mock-5.2.0' from 'https://cache.nixos.org'...
copying path '/nix/store/xkwmnf8hva8fhf0qqwfaiabzl3dmrfnm-espeak-ng-1.52.0.1-unstable-2025-09-09' from 'https://cache.nixos.org'...
copying path '/nix/store/303pr087vpqkdf2119q88xibsvjx7jga-python3-3.14.7-env' from 'https://cache.nixos.org'...
copying path '/nix/store/9xz49hbg8ksaihmbbh7jfhgzmdyvgpvz-python3.14-dbus-python-1.4.0-dev' from 'https://cache.nixos.org'...
building '/nix/store/ka9jp8cih2pd8hpq9wkrf3gc79gd117l-cargo-package-anstyle-parse-1.0.0.drv'...
copying path '/nix/store/gzs9pxa80nc9kdwksabphw25wm7ad6wh-python3.14-fontmath-0.9.4' from 'https://cache.nixos.org'...
copying path '/nix/store/7xnb55wwcqvqnrsbmaqm9hrf9afs4bca-python3.14-markdown-it-py-4.2.0' from 'https://cache.nixos.org'...
copying path '/nix/store/jvxbab0wzac5x5fq72npzv2qbkxcbqxd-python3.14-mako-1.3.12' from 'https://cache.nixos.org'...
copying path '/nix/store/lf33nizbb1l30bvg05aa6x7iz6gxrmyz-python3.14-fontpens-0.4.0' from 'https://cache.nixos.org'...
copying path '/nix/store/b3ywr64cwd5792x723rkx2arrksjkdf3-python3.14-markdown-it-py-4.2.0' from 'https://cache.nixos.org'...
copying path '/nix/store/9skx6v92zwqj2b9vxwfczp7bq778bzby-python3.14-mutagen-1.48.1' from 'https://cache.nixos.org'...
copying path '/nix/store/6azp1hgh86lmnvqi6qvhg0i6bdnkh0l8-python3.14-packaging-26.2' from 'https://cache.nixos.org'...
copying path '/nix/store/2fwiimdk8289pp3fd0k413dyj05q85ll-python3.14-pillow-12.3.0' from 'https://cache.nixos.org'...
copying path '/nix/store/y5xcyv6l55hf57cvrvl6vy3kp1g4x0k5-python3.14-protobuf-7.35.1' from 'https://cache.nixos.org'...
copying path '/nix/store/10xrzbbi4sj4va3jny7rcpji6mp0pp28-python3.14-psutil-7.2.2' from 'https://cache.nixos.org'...
copying path '/nix/store/jy2vnfb0jx9jf1m4xvl77w061ibvczrz-python3.14-pycairo-1.29.0' from 'https://cache.nixos.org'...
copying path '/nix/store/xzynx2mpvrcfp3bhgy6245byy44lks97-openjdk-8u504-b01' from 'https://cache.nixos.org'...
building '/nix/store/g4h31hhjy19v0v23219v5dwxr15qsp6h-cargo-package-anstyle-query-1.1.5.drv'...
copying path '/nix/store/fykzxvr1ha7fzwl30kfwp4bpx8453ljx-python3.14-pyclipper-1.4.0' from 'https://cache.nixos.org'...
copying path '/nix/store/sh1jac5mldwbdx4hxjxqb9vxjbw0s62g-python3.14-pycodestyle-2.14.0' from 'https://cache.nixos.org'...
copying path '/nix/store/58s4dg8f4m8vxkbrq904z0pkcq3k5i6n-python3.14-pycurl-7.46.0' from 'https://cache.nixos.org'...
copying path '/nix/store/ybm041qms4wyj9n7mz20l2i3yh2mv667-python3.14-pycryptodomex-3.23.0' from 'https://cache.nixos.org'...
copying path '/nix/store/qrj69xzndy5li9bqd95379r8bcm61nma-python3.14-pycups-2.0.4' from 'https://cache.nixos.org'...
copying path '/nix/store/y6sc9iajf2xiljl0ccsw7q015c1qp7qa-python3.14-pycparser-3.00' from 'https://cache.nixos.org'...
copying path '/nix/store/kpg3p5h3wfq7xm9nwgz7f1j27i0vaxlz-python3.14-pyelftools-0.32' from 'https://cache.nixos.org'...
copying path '/nix/store/hba1daw9v3l9g3qyxxz0k8n58gwd9sf3-python3.14-pyflakes-3.4.0' from 'https://cache.nixos.org'...
copying path '/nix/store/vad3vgxb2svvsi10gjacvcdmjxc8fjh7-python3.14-pygdbmi-0.11.0.0' from 'https://cache.nixos.org'...
copying path '/nix/store/5fq5f5035r6ps10103g437xn7dmb9h20-python3.14-pygments-2.20.0' from 'https://cache.nixos.org'...
copying path '/nix/store/ilvdpmf2d2s6nqrwdq025zf69z9iaggk-python3.14-pyinotify-0.9.6' from 'https://cache.nixos.org'...
copying path '/nix/store/nxxysnlnrgvg42h8fz9zlmsdiixmw4zj-glib-2.88.3-dev' from 'https://cache.nixos.org'...
copying path '/nix/store/afga4vpynyv724y6z0npl8qs0clipqa9-python3-3.14.7-env' from 'https://cache.nixos.org'...
building '/nix/store/lmw8wfy9079a9gn30sixibh57a2s1giq-cargo-package-anstyle-wincon-3.0.11.drv'...
copying path '/nix/store/kaq3824ncd9rsn28a8khwwy11zz9j62h-python3-3.14.7-env' from 'https://cache.nixos.org'...
copying path '/nix/store/hycmlgzw712z9h4h5q315l9nxdir2i55-python3-3.14.7-env' from 'https://cache.nixos.org'...
copying path '/nix/store/wqvdrhw0gbfmnw0cb0d0qdx1s0prl6c1-python3.14-mdit-py-plugins-0.6.1' from 'https://cache.nixos.org'...
copying path '/nix/store/6k1ydg6a4ymw0jfci4f0h4cci4vfnyk3-python3.14-pyqt6-sip-13.10.2' from 'https://cache.nixos.org'...
copying path '/nix/store/vk0cbpr0cg57al1hni8qmjqqfp2qi8pg-python3.14-pyserial-3.5' from 'https://cache.nixos.org'...
copying path '/nix/store/ryiz7wp5wn50y4lqk4kcl71pbjwx2vn0-python3.14-pysocks-1.7.1' from 'https://cache.nixos.org'...
copying path '/nix/store/z550z76ng8ssw47c5ljgmhlqffa5la6n-python3.14-pyxdg-0.28' from 'https://cache.nixos.org'...
copying path '/nix/store/xg127x7yvb0167539r0jswzg11hglxzb-python3.14-pyyaml-6.0.3' from 'https://cache.nixos.org'...
copying path '/nix/store/kyvv7q7x7v9j4hiflqis2lqg6bh9paz7-python3.14-rapidfuzz-3.14.5' from 'https://cache.nixos.org'...
copying path '/nix/store/i15k1m1c0vanw0mb3068cacrsiykm72f-python3.14-ruamel-base-1.0.0' from 'https://cache.nixos.org'...
copying path '/nix/store/b4gpqrdnqpjwi7vingn1yg3l5yf4d9s6-python3.14-ruamel-yaml-clib-0.2.15' from 'https://cache.nixos.org'...
copying path '/nix/store/102wb0ds630sxisz7dgnpb83qgydqxfd-python3.14-semver-3.0.4' from 'https://cache.nixos.org'...
copying path '/nix/store/wghjj4fqq02jbymfw4xx267hj97aj4g6-python3.14-setproctitle-1.3.7' from 'https://cache.nixos.org'...
copying path '/nix/store/p0ijpx5x5kppx8jrpqzk5zk6ksfw55vl-at-spi2-core-2.60.6-dev' from 'https://cache.nixos.org'...
copying path '/nix/store/j8aysi64y93f62rxvf3x2i0h1l299h28-cairo-1.18.4-dev' from 'https://cache.nixos.org'...
copying path '/nix/store/51646qsjdadnanppb4wdslm5g74dxpha-dbus-glib-0.114-dev' from 'https://cache.nixos.org'...
copying path '/nix/store/hdqh72rw090sdky78zswglgri3205bf0-frei0r-plugins-3.2.3' from 'https://cache.nixos.org'...
copying path '/nix/store/pqqqjfb1pgggrljcl0q9fk3alm2b0kh7-gdk-pixbuf-2.44.7-dev' from 'https://cache.nixos.org'...
building '/nix/store/5ls8zjqbg4zcf1ll7pmbibnyw7wd821c-cargo-package-anyhow-1.0.102.drv'...
copying path '/nix/store/nh84wswqil8w8rq4sqwwnjcv61r65i5y-gstreamer-1.28.6-dev' from 'https://cache.nixos.org'...
copying path '/nix/store/qqj3nczawbxqid388b6kf0q29wrd4gg2-json-glib-1.10.8-dev' from 'https://cache.nixos.org'...
copying path '/nix/store/4q27iqwc58inzr8f6hz73a3aksjimgvm-libsoup-3.6.6-dev' from 'https://cache.nixos.org'...
copying path '/nix/store/iiv95p7c9yxaz92f0jibwxcnix1w7f1i-python3-3.14.7-env' from 'https://cache.nixos.org'...
copying path '/nix/store/nsq8mppz83za706b4s5icxm22yh03psa-python3.14-booleanoperations-0.10.0' from 'https://cache.nixos.org'...
copying path '/nix/store/3vq5n9qx52vqli5sqsya01l51qcc1lxz-python3.14-cffi-2.1.0' from 'https://cache.nixos.org'...
copying path '/nix/store/a18rnpwsmzm5b66ggxc3irxhlazvqz4m-python3.14-flake8-7.3.0' from 'https://cache.nixos.org'...
copying path '/nix/store/x8xh90z2yzkhskpbvnz42rng18shkpbf-python3.14-rich-15.0.0' from 'https://cache.nixos.org'...
copying path '/nix/store/3zlx10nf4db20nvmiyylvkk9wrsbb3as-python3.14-setuptools-83.0.0' from 'https://cache.nixos.org'...
copying path '/nix/store/wr76hchha3y27azah2g509v1jxlbdcig-python3.14-starlark-0.5.0' from 'https://cache.nixos.org'...
copying path '/nix/store/07985wl49z0bd59sikgg341mms91rlyh-python3.14-tomli-2.4.1' from 'https://cache.nixos.org'...
copying path '/nix/store/63gkcqs26wpv2zjd4s2i78azwzvd9hs6-python3.14-tomli-w-1.2.0' from 'https://cache.nixos.org'...
copying path '/nix/store/qq3cdxy4l40q3qyayx36qp3csd2b65hp-python3.14-termcolor-3.3.0' from 'https://cache.nixos.org'...
copying path '/nix/store/mcbpd0lzv6gl5pan8njd72wzczi3v3r2-android-tools-37.0.0' from 'https://cache.nixos.org'...
copying path '/nix/store/vzp4nqxlz1mls5rwn2mdsdc46bb15fnq-librsvg-2.62.3-dev' from 'https://cache.nixos.org'...
copying path '/nix/store/praygv0jhfkx60b0972f8hiadzd4bmcn-nixos-render-docs-0.0' from 'https://cache.nixos.org'...
copying path '/nix/store/5848cfwnrv0by7nb25swhzysd73z9mgc-pango-1.57.1-dev' from 'https://cache.nixos.org'...
copying path '/nix/store/y3rhxwgzhya1wijhbixjwbbfv2dp48pr-power-profiles-daemon-0.30' from 'https://cache.nixos.org'...
building '/nix/store/zd85v0w2pwgkjsy0qsyqq108c7dsdvai-cargo-package-approx-0.5.1.drv'...
copying path '/nix/store/va8xr5z0cp34n5y4zg64cqyvjjay2idk-python3.14-levenshtein-0.27.3' from 'https://cache.nixos.org'...
copying path '/nix/store/2vqh16f17w1fqd61dw46pwx98nmmx5al-python3.14-tomlkit-0.15.0' from 'https://cache.nixos.org'...
copying path '/nix/store/hmzbrqxz2ymw2pjqrmwzi4946g2fcgd4-python3.14-ruamel-yaml-0.19.1' from 'https://cache.nixos.org'...
copying path '/nix/store/0bksfalic5kr2payqrh0y6b9rm60sj39-python3.14-tqdm-4.68.4' from 'https://cache.nixos.org'...
copying path '/nix/store/vhpbmswqwlik8scjd5w85n603pf2559l-python3.14-u-msgpack-python-2.8.0' from 'https://cache.nixos.org'...
copying path '/nix/store/i4zhbfhidnvzsbv8492wy909c27jra7r-python3.14-ufonormalizer-0.6.2' from 'https://cache.nixos.org'...
copying path '/nix/store/5s6zlrmh50a8ciqpv53lj0ms7rs8ir4d-python3.14-urllib3-2.7.0' from 'https://cache.nixos.org'...
copying path '/nix/store/qmz0cs5fixnq6jbjhda1sqsnywccbj58-python3.14-unicodedata2-17.0.1' from 'https://cache.nixos.org'...
copying path '/nix/store/6r7wg1nkpziw568l48pwljvslg0nhz4s-python3.14-websocket-client-1.9.0' from 'https://cache.nixos.org'...
copying path '/nix/store/fyr8w33dvdfvinjgs60a4x338i6dcrs7-python3.14-xmltodict-1.0.4' from 'https://cache.nixos.org'...
copying path '/nix/store/kd9fsdnd916sg7dkmfv1kxpynqd4ghkj-python3.14-websockets-16.1' from 'https://cache.nixos.org'...
copying path '/nix/store/3ac3l82qb2x58597icyj04psrj34sb04-python3.14-zopfli-0.4.0' from 'https://cache.nixos.org'...
copying path '/nix/store/y5cbgr1pjvkvkvxdnzm3i96ka4f5h5w8-python3.14-yt-dlp-ejs-0.8.0' from 'https://cache.nixos.org'...
copying path '/nix/store/sdy3gmhg59lq2s5y4sdg8m9n6x17hqij-auto-patchelf-0-unstable-2024-08-14' from 'https://cache.nixos.org'...
copying path '/nix/store/k7iy7g05m85r5kls2zmx14927701c9xc-gst-plugins-base-1.28.6-dev' from 'https://cache.nixos.org'...
copying path '/nix/store/6f7nfldr4xr36p2zgswrcfvfhdxvpxjn-libappimage-1.0.4-5' from 'https://cache.nixos.org'...
copying path '/nix/store/7xr1gwacy6b2zy6qzv1xndyd163ks5x8-python3-3.14.7-env' from 'https://cache.nixos.org'...
copying path '/nix/store/83h7wfsnqjh76csw4q27rq9sjgv3pvpy-python3.14-cryptography-50.0.0' from 'https://cache.nixos.org'...
copying path '/nix/store/ipd6nl760y1rb57pyh4x7071s1k8fy0b-python3.14-curl-cffi-0.16.0' from 'https://cache.nixos.org'...
copying path '/nix/store/0ijlv3dclq3gza608yafkjxn8blah688-python3.14-sip-6.15.1' from 'https://cache.nixos.org'...
building '/nix/store/rglq843yixi66qg4kzdk58wp4zxvhrdq-cargo-package-arbitrary-1.4.2.drv'...
copying path '/nix/store/kx8392586mzsyzg1lfp5gcji4bidbscj-qtbase-5.15.19' from 'https://cache.nixos.org'...
copying path '/nix/store/jdq0ssnlbwsyhd6x5r27affhc52mfr9k-rtkit-0.14' from 'https://cache.nixos.org'...
copying path '/nix/store/85dr3d0wkq4ypfyh43y4gka83v0k6p8x-sox-14.4.2-unstable-2021-05-09-lib' from 'https://cache.nixos.org'...
copying path '/nix/store/9n93cw9bf9psd513yvvf8dw71nn2rj81-stdenv-linux' from 'https://cache.nixos.org'...
copying path '/nix/store/skbhgmry23hjv6192gzyc9rxbxm34x1v-rtaudio-5.2.0' from 'https://cache.nixos.org'...
copying path '/nix/store/7wq7i5fiakxskcqx4nwm8s779gdrc6ar-sox-14.4.2-unstable-2021-05-09-lib' from 'https://cache.nixos.org'...
copying path '/nix/store/dfzd3p3vm4d3h95lf3wgbf32dp8d3gma-strongswan-6.0.7' from 'https://cache.nixos.org'...
copying path '/nix/store/j2x0lpfbdinq114n20x19l3yaa123j40-speech-dispatcher-0.12.1' from 'https://cache.nixos.org'...
copying path '/nix/store/2r4bdx6p6qw8g8gdh04g8pf4llwg5250-systemd-default-tmpfiles' from 'https://cache.nixos.org'...
copying path '/nix/store/sx6v3j6nlzb4dpxrv5v1pkzkappy6n7d-systemd-261.2-dev' from 'https://cache.nixos.org'...
copying path '/nix/store/n0anxkhzl1psx02r056rq1xw27d6b45d-switch-to-configuration-0.1.0' from 'https://cache.nixos.org'...
copying path '/nix/store/2ihyg24nknnvi3fyx9kiwskh1dg1f0wr-talloc-2.4.4' from 'https://cache.nixos.org'...
copying path '/nix/store/kff0blfwma5w1h6zfiwhych3fsf30ab3-tdb-1.4.15' from 'https://cache.nixos.org'...
copying path '/nix/store/s0bbidsq529dibw3in8wimxk6jsf6yrg-timidity-2.15.0' from 'https://cache.nixos.org'...
copying path '/nix/store/99w7bcm4w7aa47yjnb1dbm1y6whpklbd-auto-patchelf-hook' from 'https://cache.nixos.org'...
copying path '/nix/store/l6cwws0v0km7gl1whss2rqjyy1qdsgm8-gobject-introspection-1.86.0-dev' from 'https://cache.nixos.org'...
copying path '/nix/store/vj4spc6mirlc3jijflic70q0z3a2pr8f-python3.14-defcon-0.12.2' from 'https://cache.nixos.org'...
copying path '/nix/store/9jynrykvfsfg41ywy739k20dpzscnmvv-python3.14-jc-1.25.7' from 'https://cache.nixos.org'...
copying path '/nix/store/dhfc1g0jlbd6vnxnhyrlmlhlknva3bq3-python3.14-remarshal-2.1.4' from 'https://cache.nixos.org'...
building '/nix/store/qjhbl6r9j8916rsrxlsknp9mzwh13864-cargo-package-arg_enum_proc_macro-0.3.4.drv'...
copying path '/nix/store/8hf816dv72vidzszxb0529511vwh4a1p-python3.14-requests-2.34.2' from 'https://cache.nixos.org'...
copying path '/nix/store/9s3izcvg2xgsci0rk27rka1f0c3y7m2v-python3.14-requests-2.34.2' from 'https://cache.nixos.org'...
copying path '/nix/store/p000wyhkjfr3mmwbliqlyk7xgdqfjkb0-python3.14-secretstorage-3.5.0' from 'https://cache.nixos.org'...
copying path '/nix/store/7rsj80bazv4w9q4azdb6dk9pvim3nvhv-python3.14-sentry-sdk-2.66.0' from 'https://cache.nixos.org'...
copying path '/nix/store/abrdf6gyd3a86i5bnjivj8gg23v3v57h-tevent-0.17.1' from 'https://cache.nixos.org'...
copying path '/nix/store/vgzsyq4nhmbgfzfxfjqvc3vg61sn4px3-tinysparql-3.11.1' from 'https://cache.nixos.org'...
copying path '/nix/store/p9bcsp994nk0c33nvdfnh1ha58y4mm2b-volume_key-0.3.11' from 'https://cache.nixos.org'...
copying path '/nix/store/9284sl338l6lsb5g16crvkclrc8cv5iv-usbmuxd2-unstable-2023-12-12' from 'https://cache.nixos.org'...
copying path '/nix/store/c4xcgcy5dhbncpxpizcyj9qqd7ihj8q1-tpm2-tools-5.8' from 'https://cache.nixos.org'...
copying path '/nix/store/mfpq2i04rkbfpwskqbd44m6s473rn6y4-vpnc-scripts-unstable-2026-06-29' from 'https://cache.nixos.org'...
copying path '/nix/store/vyw07h6dpxcf2ihn62ghxfwf50rxppfv-w3m-0.5.6' from 'https://cache.nixos.org'...
copying path '/nix/store/5d1mqz851xmxs7skfz2fizrvysyqmn8w-wpa_supplicant-2.11' from 'https://cache.nixos.org'...
copying path '/nix/store/cn1drziywixrw4x47hv3wxrz0pgjyrmb-x86_64-unknown-linux-musl-gcc-wrapper-15.3.0' from 'https://cache.nixos.org'...
copying path '/nix/store/wfrnz1mcrlg0j03wcr1b0c4sjg5chk1k-gobject-introspection-wrapped-1.86.0-dev' from 'https://cache.nixos.org'...
copying path '/nix/store/8kh3la9mw0ds4mclmzsbandhjxpl6dmk-python3.14-fontparts-1.0.0' from 'https://cache.nixos.org'...
copying path '/nix/store/2k8w7wdwiifiasx488mf5h382dyydwvy-roc-toolkit-0.4.0' from 'https://cache.nixos.org'...
copying path '/nix/store/5011i59wyj76idvwyy0n816xb594mdr9-roc-toolkit-0.4.0' from 'https://cache.nixos.org'...
copying path '/nix/store/b9hvnk969l59n2d7mf72lm4vvqql9pjy-python3.14-mutatormath-3.0.1' from 'https://cache.nixos.org'...
copying path '/nix/store/bmycdspfn8fm1lh8lq6n9wgym2zgqndf-vala-0.56.19' from 'https://cache.nixos.org'...
copying path '/nix/store/cadc1hk45xzbwcxrlpfrl89912i5fq76-xdg-utils-1.2.1' from 'https://cache.nixos.org'...
building '/nix/store/nxzghj5ixp10f81g8p6mymyrhh8ib4jx-cargo-package-arrayref-0.3.9.drv'...
copying path '/nix/store/jj4gfrqdckxr13j5iqvlsj6zqnn6hh18-libblockdev-3.5.0' from 'https://cache.nixos.org'...
copying path '/nix/store/qd2bdhcf7wg5bz451c2kh09f7paw8jnp-samba-4.23.10' from 'https://cache.nixos.org'...
copying path '/nix/store/1lx24asdfzmm3mw8842fd07ipl24cpkz-stdenv-linux' from 'https://cache.nixos.org'...
copying path '/nix/store/c4bh8ipd5jwxq44g4m630jswac1bqa6d-xfsprogs-7.1.1-bin' from 'https://cache.nixos.org'...
copying path '/nix/store/30m8d4jibqrw8r0nr17mf77sxxwfyfbx-yelp-tools-42.1' from 'https://cache.nixos.org'...
copying path '/nix/store/5w897qjkd3wgx28h8gnzk2zah213g6lf-xorg-server-21.1.24' from 'https://cache.nixos.org'...
copying path '/nix/store/8m3invfc9mp7g28qv3zj4hyrzsf8a51r-yt-dlp-2026.08.19' from 'https://cache.nixos.org'...
copying path '/nix/store/w6fl20gn45iyw84zq11czav68nn5inca-yt-dlp-2026.08.19' from 'https://cache.nixos.org'...
copying path '/nix/store/dz1vfnhn550j74kbrv6nv1hp0g33q1x6-zfs-user-2.4.4' from 'https://cache.nixos.org'...
copying path '/nix/store/amhnjmknlj7s5ai3df07myp93vcc3bb2-attica-5.116.0' from 'https://cache.nixos.org'...
copying path '/nix/store/zyjsymnng13wb1wzf0r8xb73whwh13g7-fwupd-2.1.6' from 'https://cache.nixos.org'...
copying path '/nix/store/fl089m700c7zxqwgly18jyx0fs4lgbbj-gtk+3-3.24.52' from 'https://cache.nixos.org'...
copying path '/nix/store/v8668l76qqgcx70f8c0h9qlj1zpsh0p5-kactivities-5.116.0' from 'https://cache.nixos.org'...
copying path '/nix/store/33bjy95rl08x9ijaxb2dixkcc7c1fzib-karchive-5.116.0' from 'https://cache.nixos.org'...
copying path '/nix/store/grnwqhdb988sy1f6zcz0gdnfn2f9rsxv-kcodecs-5.116.0' from 'https://cache.nixos.org'...
copying path '/nix/store/i679ixdpslm6cjspg80n88pa2xzcfpvq-kcoreaddons-5.116.0' from 'https://cache.nixos.org'...
building '/nix/store/vq20z2gmf4n2i7mhw2r8x0bf6wn5wypi-cargo-package-arrayvec-0.7.6.drv'...
copying path '/nix/store/1hjqwpcc77dya1laf5af5vbsic2a0jyb-kdnssd-5.116.0' from 'https://cache.nixos.org'...
copying path '/nix/store/hr6ghm7xz6a0v0a739kkpkwhcfwvy48x-kdsoap-2.2.0' from 'https://cache.nixos.org'...
copying path '/nix/store/3n94ff0gm0qjpqqac95w9vg06w9rpzcr-kwidgetsaddons-5.116.0' from 'https://cache.nixos.org'...
copying path '/nix/store/lpi6cwibn11p5nwd4dd276rhcpv2vqzy-ki18n-5.116.0' from 'https://cache.nixos.org'...
copying path '/nix/store/7zb0gkha6drwcniy54hl9isrxnn5pfkh-kitemviews-5.116.0' from 'https://cache.nixos.org'...
copying path '/nix/store/szirqpnj8m1l0adrppmz49k27zfxr3jk-libdbusmenu-qt5-0.9.3+16' from 'https://cache.nixos.org'...
copying path '/nix/store/qs0fsdz742hbsaxkbv16zn7b9ry08gkh-polkit-qt-1-0.114.0' from 'https://cache.nixos.org'...
copying path '/nix/store/w6z21cccax55fyr36h748x6w3j52sp30-pipewire-1.6.8' from 'https://cache.nixos.org'...
copying path '/nix/store/g2gnby5xxsil3kfb4jm8201kgapy2262-python3-3.14.7-env' from 'https://cache.nixos.org'...
copying path '/nix/store/ihhpc5fqgwym99dadasw034k9qq76k9s-pipewire-1.6.8' from 'https://cache.nixos.org'...
copying path '/nix/store/2ks6rqc6zdj50rszlkw3g8zhjxqpc3i6-moby-29.7.2' from 'https://cache.nixos.org'...
building '/nix/store/kc8x9xph8l5d6k57pd8k6d7whing3hgn-cargo-package-as-raw-xcb-connection-1.0.1.drv'...
copying path '/nix/store/0cvq9p82minh4zcj3l8yp2wrl5jvdwc2-python3.14-pygobject-3.56.3-dev' from 'https://cache.nixos.org'...
copying path '/nix/store/k28zhj5ax2pz89z2gcx4kyskwlx0hq64-python3.14-ufoprocessor-1.14.1' from 'https://cache.nixos.org'...
copying path '/nix/store/56i6s4sbbjdxzlkkm82bm929vncw1hj2-qca-2.3.10' from 'https://cache.nixos.org'...
copying path '/nix/store/3incmc3hff7ww2mvkln7p8wgsbim95z1-qtdeclarative-5.15.19' from 'https://cache.nixos.org'...
copying path '/nix/store/4p9fb0hrg89h4qs1sl3hlizvbjp82x9h-qtsvg-5.15.19' from 'https://cache.nixos.org'...
copying path '/nix/store/kgb2n3wglw9zsg4ly4bfby9z72g0wc00-qttools-5.15.19' from 'https://cache.nixos.org'...
copying path '/nix/store/nbgqm0d5gnd2cn85nab2ixpw51vx3nhw-qtx11extras-5.15.19' from 'https://cache.nixos.org'...
copying path '/nix/store/i1hxm5lwp2g0kh0bdsql08i3ywbd3ppl-solid-5.116.0' from 'https://cache.nixos.org'...
copying path '/nix/store/midqzmr4bf51mb9rnk96r152yjc8nfnx-sonnet-5.116.0' from 'https://cache.nixos.org'...
copying path '/nix/store/igdciwx13waqlrwp8s3vk7dc79v846x6-syndication-5.116.0' from 'https://cache.nixos.org'...
copying path '/nix/store/95cgik21g8x8c58h84x34r9r558n7gyd-syntax-highlighting-5.116.0' from 'https://cache.nixos.org'...
copying path '/nix/store/2rypfklqw1s7y1ym2z20wjqzahjrg8lg-udisks-2.11.2' from 'https://cache.nixos.org'...
copying path '/nix/store/hqnbmhr4h8p229bpgb1dw2wzqdlwqnf3-blueman-2.4.6' from 'https://cache.nixos.org'...
copying path '/nix/store/20wkixfysffq6vwpxyx5dd8z6nvqhzgv-cef-binary-6533' from 'https://cache.nixos.org'...
copying path '/nix/store/qs60278m31is750ksjdy1n7s1ypscrsv-electron-unwrapped-43.4.1' from 'https://cache.nixos.org'...
copying path '/nix/store/0klc0xwi28qgfqhzj2xmxdrq256zyfms-flatpak-1.18.1' from 'https://cache.nixos.org'...
building '/nix/store/43nqml6ydxn6sbzyzcab0vvarl94iv9i-cargo-package-as-slice-0.2.1.drv'...
copying path '/nix/store/g7xi19mk38cdydj2m6yyl1mcjvym1abb-gcr-3.41.2' from 'https://cache.nixos.org'...
copying path '/nix/store/4a82incxsfh49dgkpya3rzd6inxjwbgy-gdb-host-cpu-only-17.2' from 'https://cache.nixos.org'...
copying path '/nix/store/ms2b13kxnl79ymmm0p49a4x6nqsfdmqp-geoclue-2.8.2' from 'https://cache.nixos.org'...
copying path '/nix/store/n27dci9a54zmzqws3agifbwlyr2zw9z9-geoclue-2.8.2' from 'https://cache.nixos.org'...
copying path '/nix/store/pvj4pi4zz25dn4x9rzp2kb5nfqdzanz1-gpsd-3.27.5' from 'https://cache.nixos.org'...
copying path '/nix/store/9cs89cj9dacj398rdnk379rw566g6gnj-gtk-layer-shell-0.10.1' from 'https://cache.nixos.org'...
copying path '/nix/store/b7v13c0vjz6awwi8blckz8jr47nackv4-gtkmm-3.24.10' from 'https://cache.nixos.org'...
copying path '/nix/store/zfm439nbjd0ahnqjawzn4m8k9cflnm0c-gst-plugins-good-1.28.6' from 'https://cache.nixos.org'...
copying path '/nix/store/mfr3794hn3xp0i01xy53rrz5jhqzvcmm-kcrash-5.116.0' from 'https://cache.nixos.org'...
copying path '/nix/store/z1pq2ydlcgz8v37m2xdi8ja562b7y7nz-gtk+3-3.24.52-dev' from 'https://cache.nixos.org'...
copying path '/nix/store/zajnhac5ka6fpr6ynzlsfswaw7irqs8r-kdbusaddons-5.116.0' from 'https://cache.nixos.org'...
building '/nix/store/hxy0wfjx6sma9y42i2v0wpqc1llcjnck-cargo-package-ash-0.38.0+1.3.281.drv'...
copying path '/nix/store/gn6xn3ja3dygsgpjz2ri989aan4z9chv-additional-cups-backends' from 'https://cache.nixos.org'...
copying path '/nix/store/csfz36wbkpin4xksmbgg1mn9bdbmy29n-gvfs-1.60.2' from 'https://cache.nixos.org'...
copying path '/nix/store/xvyjic884s8wnwbmmbfh9g3mjk488zsa-keybinder3-0.3.2' from 'https://cache.nixos.org'...
copying path '/nix/store/5vh0mgbk0s4n78jnbh7b8kqrid27hf5y-ki18n-5.116.0-bin' from 'https://cache.nixos.org'...
copying path '/nix/store/83l9nm7yh10rz4p814mnwq9ingdv7z97-kjobwidgets-5.116.0' from 'https://cache.nixos.org'...
copying path '/nix/store/mdl9y62s87rfc9jadhq920l662y8yn42-kpackage-5.116.0' from 'https://cache.nixos.org'...
copying path '/nix/store/kl74wwfiic0wzn0yn2ggwswk45f65nwy-kwindowsystem-5.116.0' from 'https://cache.nixos.org'...
copying path '/nix/store/81cx2mnvpnjvy12a3hfcjpd98lm6bpki-libcanberra-0.30' from 'https://cache.nixos.org'...
copying path '/nix/store/jh14cgmzlfa39vvs9jm3k9sgv5r99mfb-libdbusmenu-gtk3-16.04.0' from 'https://cache.nixos.org'...
copying path '/nix/store/c7z4kv21nh2y5mvfyhj1ixkgxwc420z4-libdecor-0.2.5' from 'https://cache.nixos.org'...
copying path '/nix/store/fzlx5v79b04caw21xysr632zjrww0zdv-gnome-keyring-50.0' from 'https://cache.nixos.org'...
copying path '/nix/store/mxcclzxcrjjsbv406xikiysknhibs4ps-gparted-1.8.1' from 'https://cache.nixos.org'...
copying path '/nix/store/78b1sj64b8df88ggsidvw04i5hzp6b5d-libunity-unstable-2021-02-01' from 'https://cache.nixos.org'...
building '/nix/store/q4k76dzi9jfsq5ygvvx4x7lj6hj41lif-cargo-package-async-broadcast-0.7.2.drv'...
copying path '/nix/store/nqv9sxxy00bfna1psb5g73qsbkjpfcwc-libwnck-43.3' from 'https://cache.nixos.org'...
copying path '/nix/store/il6q87affml48hpa9scbl9d3klx50pi3-libxfce4ui-4.20.2' from 'https://cache.nixos.org'...
copying path '/nix/store/3dqvxypm3askr8pphhwnh9y3gisrlizi-menulibre-2.4.0' from 'https://cache.nixos.org'...
copying path '/nix/store/hpsrscph1hy6n30rwid22pilid5mvd11-mate-desktop-1.28.2' from 'https://cache.nixos.org'...
copying path '/nix/store/9004rf6dnqw65dv7ynr30ghdp4jgbyb8-openal-soft-1.24.3' from 'https://cache.nixos.org'...
copying path '/nix/store/ndavsv08n607b60qny67njyqnxabqmqf-openjdk-17.0.20+8' from 'https://cache.nixos.org'...
copying path '/nix/store/np41agm7ygkga79laq40swmjj2vgqnz1-openjdk-minimal-jre-21.0.12+8' from 'https://cache.nixos.org'...
copying path '/nix/store/ij5q131fzyqw8wh76y9nrj5jl45zviqw-openjdk-21.0.12+8' from 'https://cache.nixos.org'...
copying path '/nix/store/hdkj27ngzyr7824ik85369p600skj5ls-openjdk-25.0.4+7' from 'https://cache.nixos.org'...
copying path '/nix/store/rm0fnbgacda8p36am4n9a03rq83zj942-pipewire-1.6.8-dev' from 'https://cache.nixos.org'...
copying path '/nix/store/p88v0qr3hjp30xgfc18fqc66l5lhvgvs-openjdk-minimal-jre-21.0.12+8' from 'https://cache.nixos.org'...
copying path '/nix/store/wpj4wf1ddifz5ql54pb9ch6505p2an3q-pipewire-1.6.8-doc' from 'https://cache.nixos.org'...
building '/nix/store/nipb2xr2c51644xrgbkw5cvnv2hlmdbx-cargo-package-async-channel-2.5.0.drv'...
copying path '/nix/store/96if2dvb42y5wpvcklygid7crayfvm1m-docker-29.7.2' from 'https://cache.nixos.org'...
copying path '/nix/store/963nnxpvzlv4bp16095axirbigrmp71w-glfw-3.4' from 'https://cache.nixos.org'...
copying path '/nix/store/jl7xfv2n23n8w6grzp64sr2k39y2xgh1-glfw-minecraft-3.4' from 'https://cache.nixos.org'...
copying path '/nix/store/23gzbnfxbr4gbxlybrx30mc9zqg6psq5-libappindicator-gtk3-12.10.1+20.10.20200706.1' from 'https://cache.nixos.org'...
copying path '/nix/store/f1wn6sb2vw13kdij7c5lhcixnwsz2wyz-libdecor-0.2.5-dev' from 'https://cache.nixos.org'...
copying path '/nix/store/pk8i6h0a3c6hj4z3nh040r4p06zvcckr-mesa-demos-9.0.0' from 'https://cache.nixos.org'...
copying path '/nix/store/782jibrbz7ax40amaj99jpm6d5dkga6q-plymouth-26.134.222' from 'https://cache.nixos.org'...
copying path '/nix/store/d7g512zwwmcvz8d6br4k1dmqh0knnz3d-caja-1.28.0' from 'https://cache.nixos.org'...
copying path '/nix/store/b1yfmdmxq6lza60mg44vvgpxxfm2yd5j-exo-4.20.0' from 'https://cache.nixos.org'...
copying path '/nix/store/bk4a1ij33dx23306aqsml6ih05piiyqh-garcon-4.20.0' from 'https://cache.nixos.org'...
building '/nix/store/ji7k8nmn31gm7vkrzyz27lrzj6vq4lgg-cargo-package-async-executor-1.14.0.drv'...
copying path '/nix/store/1v51fwhylk8wdws8h82knnyx1iid6k22-gst-plugins-bad-1.28.6' from 'https://cache.nixos.org'...
copying path '/nix/store/pcz1k7c896lyxp3kn96fa36zgrwf27mx-libxfce4windowing-4.20.7' from 'https://cache.nixos.org'...
copying path '/nix/store/pxqzd9q2gml6gh6rrp59gi13swk2ysm8-python3.14-afdko-5.0.1' from 'https://cache.nixos.org'...
copying path '/nix/store/01dxy7xmaxqhhva0i7p76aliyn3z58bz-python3.14-dasbus-unstable-11-10-2022' from 'https://cache.nixos.org'...
copying path '/nix/store/rxmw5cp0ap8fcbqz95kd2hk4h9zbxakv-python3.14-pysmbc-1.0.25.1' from 'https://cache.nixos.org'...
copying path '/nix/store/ziv4i465mcn645mxx9smn8h891gs0d1b-qtbase-5.15.19-bin' from 'https://cache.nixos.org'...
building '/nix/store/h62wca49vaidf0lilfdxxf1afncnygmq-cargo-package-async-io-2.6.0.drv'...
copying path '/nix/store/avdsaqd2dw3pnc3j87q7qjli1d6ns0xp-qtbase-6.11.2' from 'https://cache.nixos.org'...
copying path '/nix/store/0qcnjfw0zvdhvs58damghx96k0xfrcvg-qtgraphicaleffects-5.15.19' from 'https://cache.nixos.org'...
copying path '/nix/store/kxfxx6ah8xrlapb6z0x5ai1x9h0irh41-qtdeclarative-5.15.19-bin' from 'https://cache.nixos.org'...
copying path '/nix/store/9zlfl90ar084jpm0fj6s6qvh22jd7cny-qtquickcontrols-5.15.19' from 'https://cache.nixos.org'...
copying path '/nix/store/4h785sjns59fx375v60d70zdqgpd5291-qtsvg-5.15.19-bin' from 'https://cache.nixos.org'...
copying path '/nix/store/rfyi3x2gyir7077giw0nnyaiyvafpnn5-qtquickcontrols2-5.15.19' from 'https://cache.nixos.org'...
copying path '/nix/store/j56y1r9p8v8iin082d27fda0m54qqzj3-qtbase-5.15.19-dev' from 'https://cache.nixos.org'...
copying path '/nix/store/9lbijr8sngi36h7c7abjq74jswr71ynp-qttools-5.15.19-bin' from 'https://cache.nixos.org'...
building '/nix/store/q5596bp5qv7xzvk2zi4i2fzplkv5hmk0-cargo-package-async-lock-3.4.2.drv'...
copying path '/nix/store/78qrsq2x1nrc9yklp1bkqi3x3xkm0as7-engrampa-1.28.5' from 'https://cache.nixos.org'...
copying path '/nix/store/kbjxi53x99p5p80dfvikdwwjbmq9s9ry-qtwayland-5.15.19' from 'https://cache.nixos.org'...
copying path '/nix/store/yaa1sq5g4jar7rvlspy7kk2wd98nj6qh-rustc-wrapper-1.97.1' from 'https://cache.nixos.org'...
copying path '/nix/store/b0q237ajr70yf52ik3grws592avsrn0w-security-wrapper-gnome-keyring-daemon-x86_64-unknown-linux-musl' from 'https://cache.nixos.org'...
copying path '/nix/store/db268vyjgggyqymsymzl5wg9gi8ri5iz-spice-gtk-0.42' from 'https://cache.nixos.org'...
copying path '/nix/store/abwv7appz8s4aqzgr5ipi4qlj2ybklf5-stoken-0.93' from 'https://cache.nixos.org'...
copying path '/nix/store/v5g1g2fqwdczdj6733l0dkxgi931k2in-gst-plugins-bad-1.28.6-dev' from 'https://cache.nixos.org'...
copying path '/nix/store/4j905cjgk8idkzg4szhyryzjx2q1b6br-gtk4-4.22.4' from 'https://cache.nixos.org'...
building '/nix/store/1pckmk2afyychccrqhghygmsrjs5xwf9-cargo-package-async-process-2.5.0.drv'...
copying path '/nix/store/dv55qwamlq68hdiprg1v104ymwh1c27r-cargo-1.97.1' from 'https://cache.nixos.org'...
copying path '/nix/store/bav7p21kajxgdklr2m58f5dvbfpc81rl-kirigami2-5.116.0' from 'https://cache.nixos.org'...
copying path '/nix/store/40hndh5q4a0zf7qbvbwry76zv0pzqhv2-nvidia-vaapi-driver-0.0.17' from 'https://cache.nixos.org'...
copying path '/nix/store/4rv16r0bcvp444q15p5hkrjbsy97a7w5-python3.14-gst-python-1.28.6' from 'https://cache.nixos.org'...
copying path '/nix/store/vqsb8xn8xvhcq71zbq0daym14mkgzwn4-qtquickcontrols2-5.15.19-bin' from 'https://cache.nixos.org'...
copying path '/nix/store/kvfgqkprc32m4rn5m6vk8fkhlb4y000h-system-config-printer-1.5.18' from 'https://cache.nixos.org'...
copying path '/nix/store/5v2j8ivh3f7zw81q5jj11fnl1pv2zjzm-thunderbird-unwrapped-154.0' from 'https://cache.nixos.org'...
copying path '/nix/store/5zz5h90qbklz80277av7zr01bzk8jbnf-vte-0.84.1' from 'https://cache.nixos.org'...
building '/nix/store/xrxw0ysragsll23048jh5b2a3ygw62zq-cargo-package-async-recursion-1.1.1.drv'...
copying path '/nix/store/ix2bqwfaqn8yk5wvz43dhm1z0gv7jdms-libbluray-1.4.1' from 'https://cache.nixos.org'...
copying path '/nix/store/a7i6vcs6092jm8m4njrv27zcfsh32h0b-openconnect-9.12-unstable-2025-11-03' from 'https://cache.nixos.org'...
copying path '/nix/store/idfg3a6pl48w5mwwni36z4gpigdb1yc8-libreoffice-26.2.5.2' from 'https://cache.nixos.org'...
copying path '/nix/store/wq21n1mb1v5s4hwmd5c4pi62srm0xd00-qtsvg-5.15.19-dev' from 'https://cache.nixos.org'...
copying path '/nix/store/2fydc9ssqg4lrxhvazxs7x8iiq3gskyc-qtwayland-5.15.19-bin' from 'https://cache.nixos.org'...
copying path '/nix/store/f8dxgv2x140iwmzisq03lbgl74jvhqc7-webkitgtk-2.52.6+abi=4.1' from 'https://cache.nixos.org'...
building '/nix/store/8lla1hcp4xkr8d9cpiy70s591mrp8slx-cargo-package-async-signal-0.2.13.drv'...
copying path '/nix/store/s9jmp4s1hq0rsnhna5j570j2d10sxzz6-orca-50.2' from 'https://cache.nixos.org'...
copying path '/nix/store/g74qm971q5fdjj0w8fd6bafznbl6gf63-weylus-unstable-2025-10-08' from 'https://cache.nixos.org'...
copying path '/nix/store/7xhy3rh46qv6swvdg87pxwi4jmjv0x4l-wrap-gapps-hook' from 'https://cache.nixos.org'...
copying path '/nix/store/xbi9x6vsf7sh502fqwwqkmabr001rs3q-wireplumber-0.5.15' from 'https://cache.nixos.org'...
copying path '/nix/store/hwfl4n2p049q0pa2gzsrjfiqlgf6cbny-xdg-desktop-portal-1.22.1' from 'https://cache.nixos.org'...
building '/nix/store/b878cgy9q20gys4j4sg609z3v0c11ma0-cargo-package-async-task-4.7.1.drv'...
copying path '/nix/store/xnzsf956mv3fv0hxs1hlyfxalnlsxw0d-clapper-unwrapped-0.10.0-lib' from 'https://cache.nixos.org'...
copying path '/nix/store/1qix50hqmbx1rdk0c4ar4qglf673mnmb-gnome-desktop-44.5' from 'https://cache.nixos.org'...
copying path '/nix/store/dczin2m9wvwsfjyfbnksm983ljgmibfk-gtk4-4.22.4-dev' from 'https://cache.nixos.org'...
copying path '/nix/store/pbnjx6164k6a9ygxjfh25x2hwp7h2qpj-gtksourceview-5.20.0' from 'https://cache.nixos.org'...
copying path '/nix/store/m9gdjl9apbv1wlfw8l5d0718rx2i3fhl-ibus-1.5.34' from 'https://cache.nixos.org'...
copying path '/nix/store/fglvzd352mjj2a3vb99x6jw7ysyzab7j-kconfig-5.116.0' from 'https://cache.nixos.org'...
building '/nix/store/a82di9i8x6rhb0vwrjdkr0x2q7idgc63-cargo-package-async-trait-0.1.89.drv'...
copying path '/nix/store/6xq9jgq7cinc3dyrkq1zirm5v9nszj23-auditable-cargo-1.97.1' from 'https://cache.nixos.org'...
copying path '/nix/store/irg54k49q5615cd6h1qqcpajrppdj259-kcoreaddons-5.116.0-bin' from 'https://cache.nixos.org'...
copying path '/nix/store/mmg8jzfp3bg4cmsjqvvb9idf2grn9640-kdoctools-5.116.0' from 'https://cache.nixos.org'...
copying path '/nix/store/49w2ks2yhz17hk4j02q01jgr75kcyxzb-kguiaddons-5.116.0' from 'https://cache.nixos.org'...
copying path '/nix/store/zcv1ragr3s7x6w0fd03qhac43r09qfn7-kwayland-5.116.0' from 'https://cache.nixos.org'...
copying path '/nix/store/x8v08wl57vkyk6qfcblx32a0w6cphnpy-libadwaita-1.9.3' from 'https://cache.nixos.org'...
building '/nix/store/jh3frb1fgipqimnnx1l7sf50cfinz9ks-cargo-package-atomic-waker-1.1.2.drv'...
copying path '/nix/store/x4xyqsl4kxcmswwgmi40dfa6hziwp2a6-accounts-qt-1.17' from 'https://cache.nixos.org'...
copying path '/nix/store/pcani83z62plqrh8g5ivnpi5jybn53z2-attica-6.29.0' from 'https://cache.nixos.org'...
copying path '/nix/store/r26br2h1zm2yn1k0d5jqwcs5jcnsv92y-appstream-qt-1.1.3' from 'https://cache.nixos.org'...
copying path '/nix/store/l3n2lsdxfhyrjgyyyl8mh7cf6ijg6w87-breeze-icons-6.29.0' from 'https://cache.nixos.org'...
copying path '/nix/store/gfb25a51ljv1s4zlkc4r8yx72pwjpsbs-clapper-enhancers-0.10.0' from 'https://cache.nixos.org'...
copying path '/nix/store/b6dsh3vcanr31lgnnymxyq3hn0x81d65-kactivities-stats-5.116.0' from 'https://cache.nixos.org'...
building '/nix/store/3jn2yws8ak8ai8w9h2dq8snmc7z7l6m9-cargo-package-autocfg-1.5.0.drv'...
copying path '/nix/store/yy8p0b8kkljlwjpdjwawb0c3xjqqlk2h-baobab-50.0' from 'https://cache.nixos.org'...
copying path '/nix/store/d3lm7m34zqsp0mb5w7h34wv9xa5pipah-clapper-unwrapped-0.10.0' from 'https://cache.nixos.org'...
copying path '/nix/store/5yllr3nskr90dfn6bm1as76vqj9rd3nq-gnome-online-accounts-3.58.1' from 'https://cache.nixos.org'...
copying path '/nix/store/22rw2zfh0nrs67jmhng9j5qcfkh93r1d-karchive-6.29.0' from 'https://cache.nixos.org'...
copying path '/nix/store/ycjpi7b1jwn5d4ng2v8bcxa42i7jsxvg-kauth-5.116.0' from 'https://cache.nixos.org'...
building '/nix/store/c522jlrvrgasvq9y8cxca80djacgij3x-cargo-package-av-scenechange-0.14.1.drv'...
copying path '/nix/store/jc0zy2lwn01nlqnmqs40mr1hlx34bzkv-kcodecs-6.29.0' from 'https://cache.nixos.org'...
copying path '/nix/store/aqc9h09klfqmgnps7ii5pzzsb6hsx3s7-kcolorpicker-0.3.1' from 'https://cache.nixos.org'...
copying path '/nix/store/4p73lpl11zczd6n0v591i084aglq0rb7-kcompletion-5.116.0' from 'https://cache.nixos.org'...
copying path '/nix/store/bfyrx52h508kx02mq7kmbc2wh5srx92a-kdegraphics-mobipocket-26.08.0' from 'https://cache.nixos.org'...
copying path '/nix/store/743h69r8w05z7jh6plhk2bh7ci3k881x-kdnssd-6.29.0' from 'https://cache.nixos.org'...
building '/nix/store/15a53jzb6rsvpbzzi20pr4wg76bybx0x-cargo-package-av1-grain-0.2.5.drv'...
copying path '/nix/store/2v8qwd1hawfqc0d8grjbj0j4b6b8q03l-karchive-6.29.0-dev' from 'https://cache.nixos.org'...
copying path '/nix/store/1gc16p1bj42j96hsvfz15pgfh07xn3hc-kconfigwidgets-5.116.0' from 'https://cache.nixos.org'...
copying path '/nix/store/64886g8p4rjkklm4zkrfhwxypi7b124k-kdsoap-2.2.0' from 'https://cache.nixos.org'...
copying path '/nix/store/3rzd7cgip50jjgarm7vi57p1j6f5h34j-kimageformats-6.29.0' from 'https://cache.nixos.org'...
copying path '/nix/store/qfhh2agd319kp74w617jc8dd3i361hgq-kitemviews-6.29.0' from 'https://cache.nixos.org'...
copying path '/nix/store/92n5zls4mfw9nqi7vdyffjzdbqbgimrx-kglobalaccel-6.29.0' from 'https://cache.nixos.org'...
copying path '/nix/store/j9z37rhwm1qb34izx5sj7qjn445wh1vm-kidletime-6.29.0' from 'https://cache.nixos.org'...
copying path '/nix/store/jdjrvsa95awydgpgx06ws49pcw42ci76-kcodecs-6.29.0-dev' from 'https://cache.nixos.org'...
building '/nix/store/8rz1ni4j0hgmjfl3nzdiplmanzkz914h-cargo-package-avif-serialize-0.8.8.drv'...
copying path '/nix/store/zq3p75xdv1xgags2v3gbwjbybvz76786-kmime-6.29.0' from 'https://cache.nixos.org'...
copying path '/nix/store/8pg0drs78pl1rrdnz47bx3nc9nxkn9sj-kwayland-6.7.4' from 'https://cache.nixos.org'...
copying path '/nix/store/xg1y5s12sa2g6xslv998pw75nfg686hl-knotifications-5.116.0' from 'https://cache.nixos.org'...
copying path '/nix/store/b8329c392waf7y0974mik6pwip35d490-kservice-5.116.0' from 'https://cache.nixos.org'...
copying path '/nix/store/jwa91zdjjflhcjxzcgpchvccsyyi33l6-kwayland-integration-6.7.4' from 'https://cache.nixos.org'...
copying path '/nix/store/njpdsq8qb66w8lwcgp0a5hv9yh4x8ypc-kwidgetsaddons-6.29.0' from 'https://cache.nixos.org'...
copying path '/nix/store/qmgdzkybl60v8im0bbmv6jwy5i30xxjk-libkdcraw-26.08.0' from 'https://cache.nixos.org'...
copying path '/nix/store/y6mzyzisa54xyqrz2nfrzpnwnazw68h2-kdsoap-ws-discovery-client-0.4.0' from 'https://cache.nixos.org'...
building '/nix/store/3ia3v7jn8s113cz46jlplp2v6p6mhbd9-cargo-package-bit-set-0.8.0.drv'...
copying path '/nix/store/afa3ib4sp4jppv94nlhwrpa2gi6ig7dg-kitemviews-6.29.0-dev' from 'https://cache.nixos.org'...
copying path '/nix/store/gng9h1cwwv9ndv8mynk6ar7b3bp4zw2h-kiconthemes-5.116.0' from 'https://cache.nixos.org'...
copying path '/nix/store/0g72z0iyq598nprq8san5kr4nnr6gdsz-ktextwidgets-5.116.0' from 'https://cache.nixos.org'...
copying path '/nix/store/33g1bl68zymyx99fabq8i095k2xyfqlb-libportal-gtk4-0.9.1' from 'https://cache.nixos.org'...
copying path '/nix/store/70m3algharr2kg17f2khkpfx2z0phnkp-libkdcraw-26.08.0-dev' from 'https://cache.nixos.org'...
copying path '/nix/store/d7lkj7l05s5dzy6kzmpvs7p9x52jp559-libkexiv2-26.08.0' from 'https://cache.nixos.org'...
copying path '/nix/store/34ha698hbfv2z2y181rwrxclbrbmz79r-libqaccessibilityclient-0.6.0' from 'https://cache.nixos.org'...
copying path '/nix/store/p7pf13p2map7whxps6rad3pdwci8ly74-frameworkintegration-5.116.0-bin' from 'https://cache.nixos.org'...
copying path '/nix/store/4bnvza5pzlp9i6zprg5q0k7wi3sj9qx3-kmbox-26.08.0' from 'https://cache.nixos.org'...
building '/nix/store/zkn9qzyxvs84b1536bxis6qs4wy2s7ak-cargo-package-bit-vec-0.8.0.drv'...
copying path '/nix/store/6y79flw3pn209zia49js53s8rd4gfm3k-knotifications-5.116.0-bin' from 'https://cache.nixos.org'...
copying path '/nix/store/gszrsw2hamnbiajj69524idhv0w7p00b-kservice-5.116.0-bin' from 'https://cache.nixos.org'...
copying path '/nix/store/75zri2rx6yrziig1ziagiaqhxq2z55vq-kwallet-5.116.0' from 'https://cache.nixos.org'...
copying path '/nix/store/51h55fkkwpi83sbmngzqw0fp1w4pwhiz-kwidgetsaddons-6.29.0-dev' from 'https://cache.nixos.org'...
copying path '/nix/store/dkqw9bpjlxpy1nlavc4f5cfc7binsns2-libspelling-0.4.10' from 'https://cache.nixos.org'...
copying path '/nix/store/lsm8a1arhiw2m8nf6xb5jvbnlj1vh6cb-modemmanager-qt-6.29.0' from 'https://cache.nixos.org'...
copying path '/nix/store/0rzakr6kxqj6px46683qwijp848jlm9w-polkit-qt-1-0.201.1' from 'https://cache.nixos.org'...
copying path '/nix/store/ihij5qxfh0hm88kj6rmrf4gf2rnjlxd7-packagekit-qt-1.1.4' from 'https://cache.nixos.org'...
copying path '/nix/store/dwsry64k340m8rgwqgkg8f7v9zchbh6f-gnome-network-displays-0.99.0' from 'https://cache.nixos.org'...
building '/nix/store/2w5piqyh8mcqa9gv89c1dnaybvancvmj-cargo-package-bit_field-0.10.3.drv'...
copying path '/nix/store/fppxwq3qhk46fkpdi6lv8bd54pkpd8xx-kiconthemes-5.116.0-bin' from 'https://cache.nixos.org'...
copying path '/nix/store/w4y6kbp30gianlx8g9hibc74jx8jlvj6-qtbase-6.11.2-dev' from 'https://cache.nixos.org'...
copying path '/nix/store/8jf6jpbyq4bgs6cyhw6fa74yw0lmvqks-ktextwidgets-5.116.0-bin' from 'https://cache.nixos.org'...
copying path '/nix/store/g3w3lq5yqq0x1mxwznv4v3zk9x0r32y2-poppler-qt6-26.06.0' from 'https://cache.nixos.org'...
copying path '/nix/store/0s9af2cvy126iiyynsj8k6bfmqwfmsl9-qgpgme-2.2.0' from 'https://cache.nixos.org'...
copying path '/nix/store/1n7csl6hbfa92whxc68hynpdn5gxlg6z-pulseaudio-qt-1.8.1' from 'https://cache.nixos.org'...
copying path '/nix/store/sx8m75cg5pr3cywr9mqay2al9b78bq89-qtbase-6.11.2-only-plugins-qml' from 'https://cache.nixos.org'...
copying path '/nix/store/gmcn7vaspsf5dkw4llcxwvi5yjhshs4z-qtconnectivity-6.11.2' from 'https://cache.nixos.org'...
copying path '/nix/store/gcqbgp5p38mb72ynizkj1kal4w88nxlz-kglobalaccel-5.116.0' from 'https://cache.nixos.org'...
copying path '/nix/store/vdw8ghjd883v4i9nrla4678kc4scghm7-qtdeclarative-5.15.19-dev' from 'https://cache.nixos.org'...
copying path '/nix/store/kag5qb204z8npfbkiy1w84z49d3n99v7-qtimageformats-6.11.2' from 'https://cache.nixos.org'...
copying path '/nix/store/qx1v33rwx4r2yk12ijlss7x9cl7f3vk5-qtkeychain-0.17.0' from 'https://cache.nixos.org'...
building '/nix/store/cr5pnwl3azl6hqghnp5kqc793qf1cg1i-cargo-package-bitflags-1.3.2.drv'...
copying path '/nix/store/1b3qkjp4s0d1w1dw3c768sg7w4aar4hb-kdbusaddons-6.29.0' from 'https://cache.nixos.org'...
copying path '/nix/store/i474n7ckra047kax9l18hzbnww9vf23w-qtlanguageserver-6.11.2-dev' from 'https://cache.nixos.org'...
copying path '/nix/store/s7yyjifafsp5lw8yzhqkpjg7zbh9fbir-qtnetworkauth-6.11.2' from 'https://cache.nixos.org'...
copying path '/nix/store/jaxszki7zmxi8mpqrnf87dslz18q0cbx-qtserialport-6.11.2' from 'https://cache.nixos.org'...
copying path '/nix/store/dsxfg6z1wfycw4ms2dvqb4k4mm9xpzq7-qtshadertools-6.11.2' from 'https://cache.nixos.org'...
copying path '/nix/store/zpn6qyn74wn3ji8g39mg340ha5pykph1-qtsvg-6.11.2' from 'https://cache.nixos.org'...
copying path '/nix/store/46x20vc833xsd6sx5gyx06arnv7zafhc-signond-8.61-unstable-2023-11-24' from 'https://cache.nixos.org'...
copying path '/nix/store/8gxrh4dn1vwspswsrfwc3yy6bhg8vlh9-solid-5.116.0-bin' from 'https://cache.nixos.org'...
copying path '/nix/store/zma3zfvdy1fmk3l50qcdpgxvwv2yiiss-solid-6.29.0' from 'https://cache.nixos.org'...
copying path '/nix/store/62ix841xgdp1xjg9r0r37q9wrs2frwv7-sonnet-5.116.0-bin' from 'https://cache.nixos.org'...
copying path '/nix/store/vq8ywa0vx3yf4qf877mv8ibxpxm6528j-electron-43.4.1' from 'https://cache.nixos.org'...
copying path '/nix/store/ggxmpfscdm4f1xcyy85ssvx8w75plaw1-poppler-qt6-26.06.0-dev' from 'https://cache.nixos.org'...
building '/nix/store/z5sz4jndyhqzf02lxmixln0vbap6sdg7-cargo-package-bitflags-2.11.0.drv'...
copying path '/nix/store/hzvxp5jayvyypclw61dfqh3cs0bn4jqc-qtquickcontrols-5.15.19-dev' from 'https://cache.nixos.org'...
copying path '/nix/store/fy24y8qmwh2a2qg50wnpn32h0hgwravz-qtimageformats-6.11.2-dev' from 'https://cache.nixos.org'...
copying path '/nix/store/7q2xxbbd1m71fx62dmrasv4dmi2p1sz0-ulauncher-5.15.7' from 'https://cache.nixos.org'...
copying path '/nix/store/g4819imp2xxx5c8bh32w4d0r51vlhwkc-syntax-highlighting-5.116.0-bin' from 'https://cache.nixos.org'...
copying path '/nix/store/i51lpjzfavjsii0m14h3ny7yvqmxfrsl-syndication-6.29.0' from 'https://cache.nixos.org'...
copying path '/nix/store/w8k744yv99aa3h22n17rix89xf17wcb4-wrap-gapps-hook' from 'https://cache.nixos.org'...
copying path '/nix/store/x5019sjyjn62x96fni9bz7kmpz7i81hr-threadweaver-6.29.0' from 'https://cache.nixos.org'...
copying path '/nix/store/kw4is6f89jv5wr8nk4gpq7i3h65p6025-vscodium-1.126.04524' from 'https://cache.nixos.org'...
copying path '/nix/store/glvd2r8dlhac81vkgjapp1zcs4bbdzq6-webkitgtk-2.52.6+abi=6.0' from 'https://cache.nixos.org'...
copying path '/nix/store/hbpmicjdicbh6h7cyl80k5l2rcyd7vc5-wrap-qt6-apps-hook' from 'https://cache.nixos.org'...
copying path '/nix/store/4ha7dly7lnp8d0vnrzd54i2r9y99zsyd-bitwarden-desktop-2026.8.0' from 'https://cache.nixos.org'...
copying path '/nix/store/nmwl4gyn6g0dvh0zlc6ii8myx195zxkn-github-desktop-3.6.4' from 'https://cache.nixos.org'...
copying path '/nix/store/a5xyklw2nmwn6l2fhqdd33q9js4i1n6r-kdbusaddons-6.29.0-dev' from 'https://cache.nixos.org'...
copying path '/nix/store/s69gw5bv4ac60qh8ysprq4vl6vrj2g91-kimageannotator-0.7.2' from 'https://cache.nixos.org'...
copying path '/nix/store/4qrb427p23l7v1xmrigq0cmiqilkp36n-kxmlgui-5.116.0' from 'https://cache.nixos.org'...
building '/nix/store/mp7n7ch7wg0b1h834slqm9xl35zkmfgn-cargo-package-bitstream-io-4.9.0.drv'...
copying path '/nix/store/cxlzv8kak5377srdwik9lh2ksqs3agdd-prismlauncher-unwrapped-11.0.3' from 'https://cache.nixos.org'...
copying path '/nix/store/fx21gyydnjdcy7r3ricmsq1iijdivdwl-qtdeclarative-6.11.2' from 'https://cache.nixos.org'...
copying path '/nix/store/bybf9g2p4sc94zcj843ndvyd88l58n89-qtshadertools-6.11.2-dev' from 'https://cache.nixos.org'...
copying path '/nix/store/1rrj6nvrlkbjbgn1nrly2hhc015a993p-qtsvg-6.11.2-dev' from 'https://cache.nixos.org'...
copying path '/nix/store/0hyyr0wk4zpq9hglx7j95044y8akfig7-solid-6.29.0-dev' from 'https://cache.nixos.org'...
copying path '/nix/store/cfh8glyabbnhvjzm5rr5pc5pzbiynxlv-qtwayland-5.15.19-dev' from 'https://cache.nixos.org'...
copying path '/nix/store/5m3rl00a2rglsc1cp78dihjiidjqpx6v-kbookmarks-5.116.0' from 'https://cache.nixos.org'...
copying path '/nix/store/rkw3wzziv59inxy9j8bmkc42459b62cm-xdg-desktop-portal-gtk-1.15.3' from 'https://cache.nixos.org'...
copying path '/nix/store/s0jallv9x4hsyic2644d717j2qhk623b-xfce4-panel-4.20.8' from 'https://cache.nixos.org'...
building '/nix/store/g82jkbv1w1b8afpax04pnfkw4rs5x7iv-cargo-package-block-0.1.6.drv'...
copying path '/nix/store/78grhzragl3wslxa4cmc49b4a4ww0hdb-breeze-icons-6.29.0-dev' from 'https://cache.nixos.org'...
copying path '/nix/store/257syka3m9vcgfsg06lvbglj8rga21fr-xfce4-panel-profiles-1.1.1' from 'https://cache.nixos.org'...
copying path '/nix/store/8c3kgzkknkvhz3xl890xqyavg4wn6crg-xfce4-terminal-1.2.0' from 'https://cache.nixos.org'...
copying path '/nix/store/l6rxsrpla8nhnq61i08mkskiqv3r1rpj-xfwm4-4.20.0' from 'https://cache.nixos.org'...
copying path '/nix/store/6qvxgprgvb7gmrbm66jqf9362r8lfi27-kio-5.116.0' from 'https://cache.nixos.org'...
building '/nix/store/298191j5s7p0fwp2vkwcxh03j7s46wq8-cargo-package-block2-0.5.1.drv'...
copying path '/nix/store/jv5ghl6677d2hr5ala9x70v77fwa3zsy-papirus-icon-theme-20260801' from 'https://cache.nixos.org'...
copying path '/nix/store/r9p7gxkam5576823gn91pjk46dklp993-xfce4-clipman-plugin-1.7.0' from 'https://cache.nixos.org'...
copying path '/nix/store/ic029npxykhpvafk7znrn2pc57a94xf0-wrap-qt5-apps-hook' from 'https://cache.nixos.org'...
copying path '/nix/store/fzr4lrb5a716x1zqnisi7d1bmh1ind03-xfce4-pulseaudio-plugin-0.5.1' from 'https://cache.nixos.org'...
copying path '/nix/store/lj6h988m71ng650bj6v2b08kc7mm1nyq-xfce4-whiskermenu-plugin-2.10.1' from 'https://cache.nixos.org'...
building '/nix/store/r34sab9y9lqdmlvrc5273pdy0c8i2fjh-cargo-package-block2-0.6.2.drv'...
copying path '/nix/store/s66cj9zd7pdq6sv5338132c4l06g1g25-xrdp-0.10.6' from 'https://cache.nixos.org'...
copying path '/nix/store/pn4012z2vcmik22kg4dp5j8fr478mx4h-xwayland-24.1.13' from 'https://cache.nixos.org'...
copying path '/nix/store/jnxaamnk3x259cxqr6g2fx03f73y5zd0-zenity-4.2.2' from 'https://cache.nixos.org'...
copying path '/nix/store/czy73qjx900pfqrl2js21lqcj8wrg4m8-kactivities-5.116.0-bin' from 'https://cache.nixos.org'...
building '/nix/store/cpwgxplvxmagv1c17rzd9g7f7ssv7dmb-cargo-package-blocking-1.6.2.drv'...
copying path '/nix/store/lhirhpli6l2z4ir098mxk2s16crx5p5d-kio5-plugins-only' from 'https://cache.nixos.org'...
copying path '/nix/store/0bqisj5j9w5qxzxhx0m4piv82j10cv9f-knewstuff-5.116.0' from 'https://cache.nixos.org'...
copying path '/nix/store/hxiy1jkvypzn37qv8r0wbl7xdw85ayj8-plasma-integration-6.7.4-qt5' from 'https://cache.nixos.org'...
copying path '/nix/store/w60sc0ahj7dmcypvrx8v0s76j2kb53n6-kio-extras-kf5-24.02.2' from 'https://cache.nixos.org'...
copying path '/nix/store/63ai3hhggv9r9bxvw2qmzml9gh108b9h-sdl3-3.4.14-lib' from 'https://cache.nixos.org'...
building '/nix/store/qxcbdd1r37sakkzk337f4jhqklygd8mj-cargo-package-bumpalo-3.20.2.drv'...
copying path '/nix/store/kwng81vqzy1zfcy31gi8azpg2fh6dp0q-sdl3-3.4.14-lib' from 'https://cache.nixos.org'...
copying path '/nix/store/plvagm1j1w0xgghf6ca4y69q39y5vdg7-godot-4.7.2-stable' from 'https://cache.nixos.org'...
copying path '/nix/store/3557wi07qqhrz9f56f8d7zljb0gskms7-knewstuff-5.116.0-bin' from 'https://cache.nixos.org'...
copying path '/nix/store/ssf1fannk5yxzn4sc7ihws07aq8czgg6-sdl3-ttf-3.2.2' from 'https://cache.nixos.org'...
building '/nix/store/qacmlcy58rz0iswxri1si70kspz657fp-cargo-package-bytes-1.11.1.drv'...
copying path '/nix/store/qvdwkwdqsk3rnmdwniwdjhx7n74829dz-frameworkintegration-5.116.0' from 'https://cache.nixos.org'...
copying path '/nix/store/xcvx0q47wkizix03kp422p9z0yldk32s-freerdp-3.30.0' from 'https://cache.nixos.org'...
copying path '/nix/store/da69qm9bail6gvla94gdx29kk7gvlmvj-sdl2-compat-2.32.70' from 'https://cache.nixos.org'...
building '/nix/store/3hf5a7n1x00na8f1d33c3yfwk0wcmxg0-cargo-package-cfg-if-1.0.4.drv'...
copying path '/nix/store/31820n440745n9lx1vnrvqcbnw3w6nib-SDL2_mixer-2.8.2' from 'https://cache.nixos.org'...
copying path '/nix/store/j4wcnhb8knpy7g9pfhcdhv3zmiisafw8-SDL2_image-2.8.12' from 'https://cache.nixos.org'...
copying path '/nix/store/mirdqc2f34g5f94cif1iv80w061nxlm3-bluez-qt-6.29.0' from 'https://cache.nixos.org'...
copying path '/nix/store/4n0wgbr969jqvjd26knlrn0h5380vfp1-SDL2_ttf-2.24.0' from 'https://cache.nixos.org'...
copying path '/nix/store/36bkqdwrf9z5sdhwnbspr8qnw0hjk6mc-breeze-6.7.4-qt5' from 'https://cache.nixos.org'...
copying path '/nix/store/7n7baxs3mp2731z0hbkl3ik7l5w9n1n7-ffmpeg-6.0-lib' from 'https://cache.nixos.org'...
building '/nix/store/2xkbd3s0dinfy80qqg4rzhvnk28b2mrd-cargo-package-cfg_aliases-0.2.1.drv'...
copying path '/nix/store/w4x3hv93k44v5jpb1z3lw0d1qdv6a3vd-ffmpeg-7.1.5-lib' from 'https://cache.nixos.org'...
copying path '/nix/store/3b3gh3k2rchfb8mpmrkh0wndpi8wll42-gamescope-3.16.25' from 'https://cache.nixos.org'...
copying path '/nix/store/zx8l3zgidx4lh7sqb3yrmskxc31ad4h1-kcalendarcore-6.29.0' from 'https://cache.nixos.org'...
copying path '/nix/store/lyjfmsny7zry2ji6ra27wvk258vm9swp-kconfig-6.29.0' from 'https://cache.nixos.org'...
copying path '/nix/store/zgs825dw7zl77dynpv90w5s25mxbh821-kcoreaddons-6.29.0' from 'https://cache.nixos.org'...
copying path '/nix/store/mif4k5d7z7aaj5cwxab16y3y9kx0nw00-kholidays-6.29.0' from 'https://cache.nixos.org'...
building '/nix/store/xbbyyb6gdn0kgngv7wps32ylab75x72i-cargo-package-clap_builder-4.6.0.drv'...
copying path '/nix/store/6zj308qkvxn70whl2xgdsi66a1hfjf5y-appimage-run-fhsenv-rootfs' from 'https://cache.nixos.org'...
copying path '/nix/store/klgzf4v1fg96zkf95i6l14r0im1ycrdz-evolution-data-server-3.60.2' from 'https://cache.nixos.org'...
copying path '/nix/store/8g3819rmx2mls1axs7llh9nndzc590cd-ki18n-6.29.0' from 'https://cache.nixos.org'...
copying path '/nix/store/5fxiqzxffjim9vqs4m9i89afmb7vhfli-kitemmodels-6.29.0' from 'https://cache.nixos.org'...
copying path '/nix/store/0ygav8g85zihgqgmqsdi20qqhxcyhsgz-kirigami-6.29.0' from 'https://cache.nixos.org'...
building '/nix/store/gv0bmswld1gz8rwxh5lga4ys1kamx5n4-cargo-package-clap_lex-1.1.0.drv'...
copying path '/nix/store/gihysyrnmaib6lhi2rlbkfc4g6lsv9g7-kbookmarks-6.29.0' from 'https://cache.nixos.org'...
copying path '/nix/store/yzbmblpzhimnkhyz8b0kw4a230sr6z2h-kcoreaddons-6.29.0-dev' from 'https://cache.nixos.org'...
copying path '/nix/store/4ffpqqkgls8rk3irf4qnbi9h9106b627-kcompletion-6.29.0' from 'https://cache.nixos.org'...
copying path '/nix/store/1zdj11rnl45n0j0jmk0gsp1wndff121q-kcontacts-6.29.0' from 'https://cache.nixos.org'...
copying path '/nix/store/l3mxa41ny5s2rkk4n9m1pj70xn7f1lbj-kcrash-6.29.0' from 'https://cache.nixos.org'...
copying path '/nix/store/m187dhzwybf7v5kr1jv764zsa40hfld4-kdav-6.29.0' from 'https://cache.nixos.org'...
building '/nix/store/i2l6wfgjw97chcw98y734qaqwws9nryf-cargo-package-clipboard-win-5.4.1.drv'...
copying path '/nix/store/qszqigfz6ybqpiyf1qypz7dbs8wk6xzp-kdecoration-6.7.4' from 'https://cache.nixos.org'...
copying path '/nix/store/aswacvrs2zi6cq7jh3qqhfrq52rrv2rw-kfilemetadata-6.29.0' from 'https://cache.nixos.org'...
copying path '/nix/store/b0nkxcxra8xiz6mh1m7202j32ckw65xv-ki18n-6.29.0-dev' from 'https://cache.nixos.org'...
copying path '/nix/store/ych2aahkzy75bichq2j3wr9yzgj82npx-kdoctools-6.29.0' from 'https://cache.nixos.org'...
copying path '/nix/store/zvqx7ky1k54y193rjswmsb2pc91sv587-knotifications-6.29.0' from 'https://cache.nixos.org'...
copying path '/nix/store/n8w3dgak63vbdz54jhzpkw0c5lrnpyqf-kitemmodels-6.29.0-dev' from 'https://cache.nixos.org'...
copying path '/nix/store/l34r8xc6mbhlz9g610amvf8wq0fl25ks-alvr-20.14.1' from 'https://cache.nixos.org'...
building '/nix/store/k20qk6amnz78zgn0cn29yxkc6949gpzq-cargo-package-codespan-reporting-0.12.0.drv'...
copying path '/nix/store/pa4rizrzvn12b2fmn0cjzgsgbdsjxngy-kcrash-6.29.0-dev' from 'https://cache.nixos.org'...
copying path '/nix/store/na6lf0vy2iss1kjhhzr3lrj2m2xzyx4k-kpeople-6.29.0' from 'https://cache.nixos.org'...
copying path '/nix/store/jn4q0vy38ppc9m978dnybm1a5x05rp0s-kpipewire-6.7.4' from 'https://cache.nixos.org'...
copying path '/nix/store/vyc8hhir89m7rnykzi42j32bxf80zp4i-kpty-6.29.0' from 'https://cache.nixos.org'...
copying path '/nix/store/vlx3qdxw1phfcym6ansvlfwh5bxlrg0g-kquickcharts-6.29.0' from 'https://cache.nixos.org'...
copying path '/nix/store/7q2w1v03p1my8ic8pkvs43gnx95p531j-kdoctools-6.29.0-dev' from 'https://cache.nixos.org'...
building '/nix/store/lkvk080wglvnqx314l7a9sal1qz48f7v-cargo-package-colorchoice-1.0.5.drv'...
copying path '/nix/store/9dadzh5dvv36hn9gyq31hf78zjlvzlcq-kjobwidgets-6.29.0' from 'https://cache.nixos.org'...
copying path '/nix/store/xnj81kshm1za7dpa55rxv54py7gin90k-kpackage-6.29.0' from 'https://cache.nixos.org'...
copying path '/nix/store/kyan4cmr8v8cwpn720fjfxadd1n06drg-kquickimageeditor-0.6.1' from 'https://cache.nixos.org'...
copying path '/nix/store/icw53636z24pvb48dni1xad3v72bb635-kseexpr-6.0.0.0' from 'https://cache.nixos.org'...
copying path '/nix/store/81a73hi45830vzdq58df6y66g1jcvji8-ksshaskpass-6.7.4' from 'https://cache.nixos.org'...
copying path '/nix/store/6j228qnzy3v2nk0iwrl6xxrjp0hb2jw5-kservice-6.29.0' from 'https://cache.nixos.org'...
building '/nix/store/h5vvxm1ws7qh1b9q6rvcrmzjz1n2h6dy-appimage-run-bwrap.drv'...
copying path '/nix/store/l3m31hyghgv7vkzvkr1fljwnmcwswii4-kdesu-6.29.0' from 'https://cache.nixos.org'...
copying path '/nix/store/1gx9mfn7skiif4jwjbm1mkm530z61kbf-ktexttemplate-6.29.0' from 'https://cache.nixos.org'...
copying path '/nix/store/s3cw3n0ay24bix205k9k8bh781ywz108-kunitconversion-6.29.0' from 'https://cache.nixos.org'...
copying path '/nix/store/z8zjspxkp1rrf3dk2hv0h4s5wjkym4wc-kuserfeedback-6.29.0' from 'https://cache.nixos.org'...
copying path '/nix/store/51wqk5x443x718jlksd8i05jxg7wjwgz-kwindowsystem-6.29.0' from 'https://cache.nixos.org'...
copying path '/nix/store/js7brlxfilsac0r0zrcjrs4jb5jsyyb2-kwrited-6.7.4' from 'https://cache.nixos.org'...
copying path '/nix/store/xdwdlxw0f9dv5xlk98bim3kbxvi8sb1m-kded-6.29.0' from 'https://cache.nixos.org'...
building '/nix/store/bs3c7mhrg92bgaypii2v2gnmaxiqm2js-cargo-package-combine-4.6.7.drv'...
copying path '/nix/store/jq3q9zlxlbrq5jl1951inyk6xfn58f4a-layer-shell-qt-6.7.4' from 'https://cache.nixos.org'...
copying path '/nix/store/dmisbx7m3vgviz672bj1k112005s1fbr-libvlc-3.0.23-2' from 'https://cache.nixos.org'...
copying path '/nix/store/dlhavsppxmp5kz66lyip2zaznwxrr6zs-networkmanager-qt-6.29.0' from 'https://cache.nixos.org'...
copying path '/nix/store/0mygb8fhm8fg88pjhdcava8vwaw3s1hs-libkdepim-26.08.0' from 'https://cache.nixos.org'...
copying path '/nix/store/80dfdwzv1gjzshs4kqx6iwf266im1x6c-planify-4.19.4' from 'https://cache.nixos.org'...
copying path '/nix/store/fxzw2b0p67sq1ypbf37qig3rcyirvg6z-qt5compat-6.11.2' from 'https://cache.nixos.org'...
copying path '/nix/store/xq9lyq13d8npfx26adhm1d8d38gfqgjv-qtdeclarative-6.11.2-dev' from 'https://cache.nixos.org'...
building '/nix/store/nwx34jdca4vdaqc9dr6aa7afxlx2y0xf-cargo-package-concurrent-queue-2.5.0.drv'...
copying path '/nix/store/4d93qx9p2rxhp67rdkqjnqwjmvwa3k4f-kauth-6.29.0' from 'https://cache.nixos.org'...
copying path '/nix/store/jfmd6v182yx0k21fp85gdvmv0bafd1x9-krunner-6.29.0' from 'https://cache.nixos.org'...
copying path '/nix/store/44vqhimjld34z8bw0ilajwas4l9dgdni-kstatusnotifieritem-6.29.0' from 'https://cache.nixos.org'...
copying path '/nix/store/96sq1qnx5jsanb66y02v3jqfxrwqnidm-kwindowsystem-6.29.0-dev' from 'https://cache.nixos.org'...
copying path '/nix/store/zvajcj8g3rv3qr1swhwilyph79zklwxl-plasma-activities-6.7.4' from 'https://cache.nixos.org'...
copying path '/nix/store/mb2rhk122d260k7khwnkiqy9hwqrc59s-plasma-nano-6.7.4' from 'https://cache.nixos.org'...
building '/nix/store/dxjsln3403r13g42vzxv94x8gnhm7zap-appimage-run.drv'...
copying path '/nix/store/m5cf8s9myjc5j0gw0b4vagdgs2nj8jl1-kconfig-6.29.0-dev' from 'https://cache.nixos.org'...
copying path '/nix/store/6v2lwlwy15k81cp3p7lml3ch7azp74lk-phonon-4.12.0' from 'https://cache.nixos.org'...
copying path '/nix/store/1d55iyja71qlm4v7mswk03ds007dvim4-mlt-7.40.0' from 'https://cache.nixos.org'...
copying path '/nix/store/9f3vaandx9pvcq6w77mhzckgw7z0na61-qca-2.3.10' from 'https://cache.nixos.org'...
copying path '/nix/store/9q1a9823m9ld3x96smvxpqrnn7yi1sqh-qt5compat-6.11.2-dev' from 'https://cache.nixos.org'...
copying path '/nix/store/m0pm5qfc0mlxnj0b0s9zvazhl9xflklq-qtpositioning-6.11.2' from 'https://cache.nixos.org'...
copying path '/nix/store/ipr44cy7q2pdm18raywpip4nxf5a7ya1-plasma-activities-stats-6.7.4' from 'https://cache.nixos.org'...
copying path '/nix/store/d2b83awbx6vqlqvy0r1v3izlqky3478y-qtquick3d-6.11.2' from 'https://cache.nixos.org'...
copying path '/nix/store/m8mx8fxn0j3pwya81wr4649li15xrhy3-qtscxml-6.11.2' from 'https://cache.nixos.org'...
copying path '/nix/store/viinqdrvahm6h96n51p946z0parkf4gx-qtsensors-6.11.2' from 'https://cache.nixos.org'...
copying path '/nix/store/zl9j32ik1fbnww5skqxjvybcvbk0i3q9-qttools-6.11.2' from 'https://cache.nixos.org'...
building '/nix/store/v2pxcmcpqr9czra64ffgqjjwff23z3cd-cargo-package-core-foundation-0.10.1.drv'...
copying path '/nix/store/wqb1g67k2xsxghacm9lgd054m3i15q0g-kbookmarks-6.29.0-dev' from 'https://cache.nixos.org'...
copying path '/nix/store/vvxk4y2vw34x414936hndl5njb78fdcq-kcompletion-6.29.0-dev' from 'https://cache.nixos.org'...
copying path '/nix/store/ds79zxjk541jv51v5haxzi0w5mnbfc44-knighttime-6.7.4' from 'https://cache.nixos.org'...
copying path '/nix/store/lvp2nrfl4agk540w4jk4z6is56m1n6f8-kservice-6.29.0-dev' from 'https://cache.nixos.org'...
copying path '/nix/store/9740sh1ifpd63kmb0f8vi6h5rz6q2ahn-knotifications-6.29.0-dev' from 'https://cache.nixos.org'...
building '/nix/store/pni0m014c6037yyzx1bgkmzhyrxnb8i2-cargo-package-core-foundation-0.9.4.drv'...
copying path '/nix/store/ssa6dr3xc3j06ppal1q3krd815infchv-phonon-vlc-0.12.0' from 'https://cache.nixos.org'...
copying path '/nix/store/kbz1m3h7y51jvdrn32fsy0k9ccjm6x5z-qtlocation-6.11.2' from 'https://cache.nixos.org'...
copying path '/nix/store/gakgwmhfw6wn8ld8akwf1ay9554kcz2d-mlt-7.40.0-dev' from 'https://cache.nixos.org'...
copying path '/nix/store/iah2009sh2bd1f3sp3zs8a1hz36nfbfd-qtscxml-6.11.2-dev' from 'https://cache.nixos.org'...
copying path '/nix/store/h3gbi1vsl4mcrll3yy6l1r54vs2czl6d-qtwayland-6.11.2' from 'https://cache.nixos.org'...
copying path '/nix/store/f1d1qprwnvb3yv8wxyi9n7llh43ry8iq-qtvirtualkeyboard-6.11.2' from 'https://cache.nixos.org'...
copying path '/nix/store/j3yzy0dlyzzc6b1rmgbwq7hb6hfj6dwl-qtwebchannel-6.11.2' from 'https://cache.nixos.org'...
copying path '/nix/store/2v5p2zz8awhg7rwbqnzvbpnpcn4r6hn7-kjobwidgets-6.29.0-dev' from 'https://cache.nixos.org'...
building '/nix/store/nr5islz2dnbr35dmd7bq54qdf1iphrf2-cargo-package-core-foundation-sys-0.8.7.drv'...
copying path '/nix/store/rax5hys9p6hp96wgxzp0nfjwr9vhinkd-qtmultimedia-6.11.2' from 'https://cache.nixos.org'...
copying path '/nix/store/sh2nbn8yhladqqx29lqkl2shg0c9xilz-qttools-6.11.2-dev' from 'https://cache.nixos.org'...
copying path '/nix/store/44m7b2w5ffg6nrv4yax49k4mn3bg559z-qtquick3d-6.11.2-dev' from 'https://cache.nixos.org'...
copying path '/nix/store/lz5yjp9g07pyd8if0a2v5y37vhbhbwfb-qtwebsockets-6.11.2' from 'https://cache.nixos.org'...
copying path '/nix/store/0b6yr6w7hz2yl0c8wy2xym8vv9qy43bz-sddm-unwrapped-0.21.0' from 'https://cache.nixos.org'...
copying path '/nix/store/5phvdb99fipp7sj5l2706p3salz68nv7-quazip-1.5' from 'https://cache.nixos.org'...
copying path '/nix/store/8yyq6ifh5l3y1pd5j0yd10gqvixcj9rn-remmina-1.4.43' from 'https://cache.nixos.org'...
copying path '/nix/store/r8yajgyp53gwa83zyxp8wb2yk0d7l9wq-sdl2-compat-2.32.70-dev' from 'https://cache.nixos.org'...
copying path '/nix/store/mhlgizansyqxmchd5r34lx4m0zsrdh64-kguiaddons-6.29.0' from 'https://cache.nixos.org'...
building '/nix/store/5gy1vks0h3b5xp45nk8s58m2znzjxlgg-cargo-package-cpufeatures-0.2.17.drv'...
copying path '/nix/store/ji34kqb7chkn260sb7y71q07x3f8izk5-libkscreen-6.7.4' from 'https://cache.nixos.org'...
copying path '/nix/store/y0k4xg1691hr66z68x2vwjpik0xz2581-qtwayland-6.11.2-dev' from 'https://cache.nixos.org'...
copying path '/nix/store/j1xfqka1qhpyf7i7r1f417npv1h6j970-qtwebengine-6.11.2' from 'https://cache.nixos.org'...
copying path '/nix/store/57s6yqpjmi4nazhi1kc5vi8n9l56fkra-sonnet-6.29.0' from 'https://cache.nixos.org'...
copying path '/nix/store/ymwi7kn3b5r75bpbyb4yw70l9nsxrxgk-syntax-highlighting-6.29.0' from 'https://cache.nixos.org'...
copying path '/nix/store/k8jxapmcy9w8hq4n2nbgd173nv704v4s-transmission-4.1.3' from 'https://cache.nixos.org'...
copying path '/nix/store/9rzklckhsa0d19a4dcz88n6nhqh0x60h-tuba-0.10.3' from 'https://cache.nixos.org'...
copying path '/nix/store/kpq6igl0d7p0b4q869w4149l91s7nisr-vlc-3.0.23-2' from 'https://cache.nixos.org'...
building '/nix/store/wsd3b3n6zik037a5fhkk8vgxdhgbq9cr-cargo-package-crc32fast-1.5.0.drv'...
copying path '/nix/store/yy6rq4lgz38f3qwvx1xzlvfrd6vhby8w-kcolorscheme-6.29.0' from 'https://cache.nixos.org'...
copying path '/nix/store/cjvkbcr2lzwmlxy6vqccrw776rac19hx-kdeclarative-6.29.0' from 'https://cache.nixos.org'...
copying path '/nix/store/7x8qzjqbldr40b50hpsawbijv62z8dv7-prison-6.29.0' from 'https://cache.nixos.org'...
copying path '/nix/store/16ppazybi3qsmsp4i7x2viwhqd583lwm-qtmultimedia-6.11.2-dev' from 'https://cache.nixos.org'...
copying path '/nix/store/x84mlqxqbhibnynwnv0figpblplcqpfv-kguiaddons-6.29.0-dev' from 'https://cache.nixos.org'...
copying path '/nix/store/iw8fdp72c6mcsbn2j1drp0kw2m40sd94-qtspeech-6.11.2' from 'https://cache.nixos.org'...
copying path '/nix/store/98ql77r1vkx9fb858ckyckpry50d8f2x-quazip-1.5-dev' from 'https://cache.nixos.org'...
building '/nix/store/vy4s287qwdjxx3kpzalkw8pgn6rl88qf-cargo-package-crossbeam-deque-0.8.6.drv'...
copying path '/nix/store/x5xy1yi899wg5kh6xfxci79ck3lfschl-webkitgtk-2.52.6+abi=6.0-dev' from 'https://cache.nixos.org'...
copying path '/nix/store/4dn5x3gl17gvn6r5a2h74pda18m8h76x-kcolorscheme-6.29.0-dev' from 'https://cache.nixos.org'...
copying path '/nix/store/brm9av1f64am9ibnrv1378wvrvajlwy8-kconfigwidgets-6.29.0' from 'https://cache.nixos.org'...
copying path '/nix/store/6l0ngmiyhwnxh5h4ars3ygbz5mmvj83b-kde-gtk-config-6.7.4' from 'https://cache.nixos.org'...
copying path '/nix/store/4yxgvdskpm46a26c3rqhdc6rna3br56v-kiconthemes-6.29.0' from 'https://cache.nixos.org'...
building '/nix/store/h2vcs06ky72iwxq6iyd1ixjizjawdiw4-cargo-package-crossbeam-epoch-0.9.18.drv'...
copying path '/nix/store/798411r2xhl76sx2gfq9fs5wbn5nw6my-ksvg-6.29.0' from 'https://cache.nixos.org'...
copying path '/nix/store/j1bajg2d7vnvf80j3a66gb2mmnc32dkp-ktextwidgets-6.29.0' from 'https://cache.nixos.org'...
copying path '/nix/store/n204gdjfkk4ikg2bmwxyf68z7hgb3cx9-libkleo-26.08.0' from 'https://cache.nixos.org'...
copying path '/nix/store/niprpmqk8x6p9aik4g87y60fr416i9k4-kiconthemes-6.29.0-dev' from 'https://cache.nixos.org'...
copying path '/nix/store/7sfd0aw03bfw8wm5kmi2gnkkzjgwp86w-kirigami-addons-1.13.1' from 'https://cache.nixos.org'...
copying path '/nix/store/fi40msa2shvfizg1an3f2k8g635pqghi-kwallet-6.29.0' from 'https://cache.nixos.org'...
building '/nix/store/kci0gcrfp5d5kn3awx07vny2crizcqlb-cargo-package-crossbeam-utils-0.8.21.drv'...
copying path '/nix/store/yvnmf24vjz8mf6hg9877i89vyg4cjn29-kxmlgui-6.29.0' from 'https://cache.nixos.org'...
copying path '/nix/store/a7fhf41448pk6rp09jv4890iwb6higak-libgravatar-26.08.0' from 'https://cache.nixos.org'...
copying path '/nix/store/9rvbvrwqg603g9nmqnp0019wbgrb44ij-qqc2-breeze-style-6.7.4' from 'https://cache.nixos.org'...
copying path '/nix/store/mkbna56m53c28cpdyfmc6p4gbdwipxzy-qqc2-desktop-style-6.29.0' from 'https://cache.nixos.org'...
copying path '/nix/store/cafqlpwn3dilg7pzgvvy5vh7ml82ppnz-kio-6.29.0' from 'https://cache.nixos.org'...
copying path '/nix/store/gifs72njvkm25fwsg1hpinx22i8qbh68-kwallet-6.29.0-dev' from 'https://cache.nixos.org'...
copying path '/nix/store/wjdj7ryqvfr4hpfb9v4gdyrf1i99vglm-kwallet-pam-6.7.4' from 'https://cache.nixos.org'...
copying path '/nix/store/3fj66rgjjz793n0d5hn967z8ppk435c1-libkgapi-26.08.0' from 'https://cache.nixos.org'...
building '/nix/store/ni4sfaag6jxagp09svw686d1n1z6l8mq-cargo-package-crunchy-0.2.4.drv'...
copying path '/nix/store/lgmpccx3j96alvii1gjqy0rmz134f5q3-ffmpegthumbs-26.08.0' from 'https://cache.nixos.org'...
copying path '/nix/store/jdqq03hkr1a82hlx4xdnyazfh4v6fs1d-baloo-6.29.0' from 'https://cache.nixos.org'...
copying path '/nix/store/lfhd1fbhj4m6f75y6adn86di8xwgn1ni-elisa-26.08.0' from 'https://cache.nixos.org'...
copying path '/nix/store/93f1l5kv4mznql5x60cs60jn0lzrnk35-kactivitymanagerd-6.7.4' from 'https://cache.nixos.org'...
copying path '/nix/store/xgjz7m7mii3912a01hw48z4x069i09zz-kcmutils-6.29.0' from 'https://cache.nixos.org'...
copying path '/nix/store/3naq22p6f9dinsrj56i552qwh1w70lbw-kde-inotify-survey-26.08.0' from 'https://cache.nixos.org'...
copying path '/nix/store/i6x587g87jf22v0r44lpz0wcq7fqw1vb-kdegraphics-thumbnailers-26.08.0' from 'https://cache.nixos.org'...
copying path '/nix/store/i3ki8mcx3rxz9ya5gs2b6s7lfhxz638b-kglobalacceld-6.7.4' from 'https://cache.nixos.org'...
copying path '/nix/store/gmqh81c0365c7c13bnfymwn644vgb1c5-kimap-26.08.0' from 'https://cache.nixos.org'...
building '/nix/store/4z2z16w5jsd8mws20m9a728n4y6sr9da-cargo-package-crypto-common-0.2.1.drv'...
copying path '/nix/store/8pma6rxmmrn4d0g1is6d6fbjhycq86bd-kio-admin-26.08.0' from 'https://cache.nixos.org'...
copying path '/nix/store/nwkh8n5j2ca8cfz8zdc75a0hnapk40x2-kio-6.29.0-dev' from 'https://cache.nixos.org'...
copying path '/nix/store/fqsdd8293rm6rcfr9hxvik7yjiakbxgf-kldap-26.08.0' from 'https://cache.nixos.org'...
copying path '/nix/store/3n49snb531kxwd7s8qp644jgpcyqxs1y-kmenuedit-6.7.4' from 'https://cache.nixos.org'...
copying path '/nix/store/8xkhwqcpg7y0lv2mdgar06hxhg764rd5-knotifyconfig-6.29.0' from 'https://cache.nixos.org'...
copying path '/nix/store/ry8pg3c4x32vj0fmirbql34jwgdimhsw-kparts-6.29.0' from 'https://cache.nixos.org'...
copying path '/nix/store/fn7snf8l2p3g8qnczln07z47yhxcqq2c-krita-unwrapped-6.0.2.1' from 'https://cache.nixos.org'...
copying path '/nix/store/6hd32rrxplb05ykz2xm03wi4b97z8bpc-ksmtp-26.08.0' from 'https://cache.nixos.org'...
copying path '/nix/store/6dq61pyppr49ay41n9mfkgirbfxb8mb4-ktextaddons-2.1.2' from 'https://cache.nixos.org'...
building '/nix/store/ibkildsq0rjrnlish0lvfrvap043rgbv-cargo-package-darling-0.20.11.drv'...
copying path '/nix/store/l6mdh3h7szzfypln7k8vlgbrz9vwbqjd-aurorae-6.7.4' from 'https://cache.nixos.org'...
copying path '/nix/store/xqb4xhx6zff43wpa15qinkbaallvclya-baloo-widgets-26.08.0' from 'https://cache.nixos.org'...
copying path '/nix/store/ghy6qxqih7bmdrjfbac45v7sisn96wzh-drkonqi-6.7.4' from 'https://cache.nixos.org'...
copying path '/nix/store/6ln2kgi32ygwnya7nyrl12yml2s7blsm-flatpak-kcm-6.7.4' from 'https://cache.nixos.org'...
copying path '/nix/store/6pd549835kjisk500hpj7j4zqz3zkx9m-kaccounts-integration-26.08.0' from 'https://cache.nixos.org'...
copying path '/nix/store/2bym47fnc7yn8fzsb9vqizvxzgsx9g05-kamera-26.08.0' from 'https://cache.nixos.org'...
copying path '/nix/store/2545y8ghg7wvjbhrh2pdvn3ddnj63cn0-kdeconnect-kde-26.08.0' from 'https://cache.nixos.org'...
copying path '/nix/store/jdjyyd33mp5ysgva0hp4n487048xh4py-kio-extras-26.08.0' from 'https://cache.nixos.org'...
copying path '/nix/store/wkjz80m138y8p3fj59kdwspl2yhd7vym-knewstuff-6.29.0' from 'https://cache.nixos.org'...
building '/nix/store/07c4jh535ys7rbaqrspgnz87fnv1qijc-cargo-package-darling_core-0.20.11.drv'...
copying path '/nix/store/5aqhdyi0mgxzgmma0yamzk4jsd6jafal-ark-26.08.0' from 'https://cache.nixos.org'...
copying path '/nix/store/9w8rd30cpn7acnacfnw8w1d4qzng1rxv-kde-cli-tools-6.7.4' from 'https://cache.nixos.org'...
copying path '/nix/store/12ibpdx3yrq56zkqh9g9c9cswlv69g7i-kpimtextedit-26.08.0' from 'https://cache.nixos.org'...
copying path '/nix/store/s7yqb1wi8vs6s3g17pl73fffxr1li47s-krdp-6.7.4' from 'https://cache.nixos.org'...
copying path '/nix/store/yjhhhh756g7vn8jizvrak4qyb0mav7r5-kunifiedpush-26.08.0' from 'https://cache.nixos.org'...
copying path '/nix/store/jcsia7z7ig9aiyfp3albxms60k36asfk-kwalletmanager-26.08.0' from 'https://cache.nixos.org'...
copying path '/nix/store/jgdbylx73j0qlwcms3khbg9yxqlgf99d-kmailtransport-26.08.0' from 'https://cache.nixos.org'...
copying path '/nix/store/ln1fn7rr2wc9vcc27f6dwrmxn20dwg3w-libplasma-6.7.4' from 'https://cache.nixos.org'...
copying path '/nix/store/vksrimm19k99s9w03bx4fz07cfycfmaz-ktexteditor-6.29.0' from 'https://cache.nixos.org'...
building '/nix/store/4csvd0692qhbyj9ann4lb3nlrdg2vw2w-cargo-package-darling_macro-0.20.11.drv'...
copying path '/nix/store/hd4gf7bkmzafmw3qc9h3wday8q4cvz34-akonadi-26.08.0' from 'https://cache.nixos.org'...
copying path '/nix/store/ybvbiyfdphyh06a84p88wyf4dr251c51-grantleetheme-26.08.0' from 'https://cache.nixos.org'...
copying path '/nix/store/h13z3ivp39z3zcybr7rlvl1l0d0xv5jz-dolphin-26.08.0' from 'https://cache.nixos.org'...
copying path '/nix/store/lbl15j8133m4cx6ciya48lvfd7kjd5xf-frameworkintegration-6.29.0' from 'https://cache.nixos.org'...
copying path '/nix/store/2mgpjsyajaxj6h5gaka8mja62ny6d20k-kio-fuse-5.1.1' from 'https://cache.nixos.org'...
copying path '/nix/store/a2s6f3f4mxbmdcz30c9mqx5qycr23l08-konsole-26.08.0' from 'https://cache.nixos.org'...
copying path '/nix/store/6in2c699c7v3cn45jf4mypb0lzrrwkn7-plasma-integration-6.7.4' from 'https://cache.nixos.org'...
copying path '/nix/store/jj0xswznanh5w48jzw3ka948kz7zl3hs-polkit-kde-agent-1-6.7.4' from 'https://cache.nixos.org'...
copying path '/nix/store/p9nm1d4z5hb38pqz45wp2993hm744rz9-purpose-6.29.0' from 'https://cache.nixos.org'...
building '/nix/store/kdz5814bm5789x8gwsa4hzmkab54mbr2-cargo-package-displaydoc-0.2.5.drv'...
copying path '/nix/store/d1ndkpsp69yylwbg1k83fa5b613bc0a7-kate-26.08.0' from 'https://cache.nixos.org'...
copying path '/nix/store/da595x5s8rxzfrl3jxsv3slk8bydn5am-kidentitymanagement-26.08.0' from 'https://cache.nixos.org'...
copying path '/nix/store/asmb5rwfj2w044plwxlhm5jddxah2fgx-kscreenlocker-6.7.4' from 'https://cache.nixos.org'...
copying path '/nix/store/w8my219lz85m26y5zrw71r93ls6xdifl-milou-6.7.4' from 'https://cache.nixos.org'...
copying path '/nix/store/bcb721qmhh0bkz0bfbq90n0h9vr6c8pf-plasma-keyboard-6.7.4' from 'https://cache.nixos.org'...
copying path '/nix/store/9n50kflh0126wy4nvmg354b88cpkam5k-plasma-pa-6.7.4' from 'https://cache.nixos.org'...
copying path '/nix/store/kaz9w3axnk3byibj1fqfahdd0w3v6d25-systemsettings-6.7.4' from 'https://cache.nixos.org'...
copying path '/nix/store/v7bqdfrrsy5jvzj0kjf1b82y83kh7aky-union-6.7.4' from 'https://cache.nixos.org'...
copying path '/nix/store/arh4l08ska9cj0kwn43d85g7flnmhjrx-breeze-6.7.4' from 'https://cache.nixos.org'...
building '/nix/store/bh2lgyf46xsnzaxp83ka2w7xr4m3abzb-cargo-package-either-1.15.0.drv'...
copying path '/nix/store/nfij30mnd4y8k5kf5ql21nn0kbf8z6vz-akonadi-contacts-26.08.0' from 'https://cache.nixos.org'...
copying path '/nix/store/2qahb2gkq7c4jbngy2am7sksqw3kbkgj-gwenview-26.08.0' from 'https://cache.nixos.org'...
copying path '/nix/store/lxxwbwm38ni0hx1i4x75ks3jd8b4mdhg-akonadi-mime-26.08.0' from 'https://cache.nixos.org'...
copying path '/nix/store/z3asz7pflml63jild079dbv2kb66y2pn-dolphin-plugins-26.08.0' from 'https://cache.nixos.org'...
copying path '/nix/store/7dwf7d81m79p7gx4awv7bljlcssc97bi-qrca-26.08.0' from 'https://cache.nixos.org'...
copying path '/nix/store/qwasnmkwpbcqpq6fh8hdwixngfm72azs-okular-26.08.0' from 'https://cache.nixos.org'...
copying path '/nix/store/qvacjg33iwlb48ca16ixhza8n42x6rqd-oxygen-6.7.4' from 'https://cache.nixos.org'...
copying path '/nix/store/86djxdy8i658ys8hxhxdfqq2w2mb6r3l-kcalutils-26.08.0' from 'https://cache.nixos.org'...
building '/nix/store/7ssawhs32jgd285dn7nnhgfs7z9j0dlr-cargo-package-env_filter-1.0.1.drv'...
copying path '/nix/store/x8n3i66y4vw76zfg5r8m1ss2qc7bwd79-spectacle-6.7.4' from 'https://cache.nixos.org'...
copying path '/nix/store/kg01xqfhzjz8c3r6bz53avacalq43mrr-akonadi-search-26.08.0' from 'https://cache.nixos.org'...
building '/nix/store/hm7bq4kjl78v3hdr324ax6sp4ap3gb13-cargo-package-env_logger-0.11.10.drv'...
copying path '/nix/store/y40pkgpybpc8szvdxmfy7la7rk8dfcck-pimcommon-26.08.0' from 'https://cache.nixos.org'...
building '/nix/store/nr17ladf9zshgrn8m0r2lyqraphrh6gn-cargo-package-equator-0.4.2.drv'...
copying path '/nix/store/7sk4rdbrh1fc74484s41gsp4lcvbn985-obs-studio-32.2.1' from 'https://cache.nixos.org'...
copying path '/nix/store/9s55752jk6r1nhch9231yafgwkp8kiww-intiface-central-3.0.4+40' from 'https://cache.nixos.org'...
building '/nix/store/3ibjh8x9qq84mcg8xsc820dph7k4ni0m-cargo-package-equator-macro-0.4.2.drv'...
building '/nix/store/s977bwrzwcrx9bv9vfma8qzgdvll4vlr-cargo-package-equivalent-1.0.2.drv'...
building '/nix/store/yiccryrp60qba0hiriramchcf1v4i4k0-cargo-package-errno-0.3.14.drv'...
copying path '/nix/store/dnhnbjfygx79an8s30kif7iniawdnqc5-kwin-6.7.4' from 'https://cache.nixos.org'...
building '/nix/store/r32vwymfh9kjp5qc6rjl77v81zbrlzhj-cargo-package-error-code-3.3.2.drv'...
building '/nix/store/3jcc8anz6skp41ip153560as415b334f-cargo-package-event-listener-5.4.1.drv'...
copying path '/nix/store/9sdik65lmjyw2jn9lf5abqlnx6fmy4p1-mcpelauncher-client-1.7.6-qt6' from 'https://cache.nixos.org'...
copying path '/nix/store/bkqaaf2d56bm4w3i9vhnsl8z66bkwp87-khelpcenter-26.08.0' from 'https://cache.nixos.org'...
copying path '/nix/store/q52jpv7kw87w84gwbmv44w0bq5rsz1mj-messagelib-26.08.0' from 'https://cache.nixos.org'...
copying path '/nix/store/5yis4cy1d5z40hpvpzd339s3fa9ia9qq-libksysguard-6.7.4' from 'https://cache.nixos.org'...
copying path '/nix/store/djw5svkp6y5bj2a1aaija35v8qij85wz-plasma-nm-6.7.4' from 'https://cache.nixos.org'...
copying path '/nix/store/d8w39kq4zrlw7lrnwrkn2v1zhmvyvr53-python3.14-pyqt6-6.11.0' from 'https://cache.nixos.org'...
copying path '/nix/store/ndnbz650qnxhs4sr5crd4d0k9ly42k6x-obs-backgroundremoval-1.4.1' from 'https://cache.nixos.org'...
copying path '/nix/store/fmgiywnl5vd3jrh63hp0yai9py5aw9pn-obs-pipewire-audio-capture-1.2.1' from 'https://cache.nixos.org'...
copying path '/nix/store/5bkhwvgpyc6bz4q8sb8zzkapaffink2j-qtwebview-6.11.2' from 'https://cache.nixos.org'...
copying path '/nix/store/3ii72qrkwjaq7sx7snp7yrm4z2ln2yyx-security-wrapper-kwin_wayland-x86_64-unknown-linux-musl' from 'https://cache.nixos.org'...
copying path '/nix/store/ybk4yp9ff757c8r9x174i64ls5h2zp7h-wlrobs-unstable-2024-12-24' from 'https://cache.nixos.org'...
copying path '/nix/store/kx2l15zp25jnik00dyvzlywlnmy634wb-krita-plugin-gmic-3.7.4.1' from 'https://cache.nixos.org'...
building '/nix/store/3dj35qrphb2xz0fkhwihrwla7fq17jd4-cargo-package-fastrand-2.3.0.drv'...
copying path '/nix/store/pzw9bm2qrg3v6g5xcly8m6134w07clx9-ksystemstats-6.7.4' from 'https://cache.nixos.org'...
copying path '/nix/store/vkr655l83gryfdf71c1lk90vcqjkk6vg-akonadi-calendar-26.08.0' from 'https://cache.nixos.org'...
copying path '/nix/store/66pw1cbykxvd8qx12y1zwl9sgrfkv12a-plasma5support-6.7.4' from 'https://cache.nixos.org'...
copying path '/nix/store/paagyyzi0vxfw7r99xfzqgqifqvga5l1-plasma-systemmonitor-6.7.4' from 'https://cache.nixos.org'...
copying path '/nix/store/2gaz9jwfi8rj8axmnrzyl6y0irrgy5zs-discover-6.7.4' from 'https://cache.nixos.org'...
copying path '/nix/store/2b9hvx5xgiwmg34ydnn5gxkf90vs5z1w-security-wrapper-ksgrd_network_helper-x86_64-unknown-linux-musl' from 'https://cache.nixos.org'...
copying path '/nix/store/zhksbgcpgr9jbwy7xd4z5958rffznmy1-python3.14-pyqt6-6.11.0-dev' from 'https://cache.nixos.org'...
building '/nix/store/sbg9zhwf8zdzv0gisv41ngr80ksacn25-cargo-package-find-msvc-tools-0.1.9.drv'...
copying path '/nix/store/j1wfmz4g59xk72zd7v4r1ydrac1vjc2c-kdepim-runtime-26.08.0' from 'https://cache.nixos.org'...
copying path '/nix/store/4n60j2319c1xsrq62hq6649q4zccms85-kscreen-6.7.4' from 'https://cache.nixos.org'...
copying path '/nix/store/w0z7gsa776b0jknkddq8bhyg0mg68m2n-mcpelauncher-ui-qt-1.7.6-qt6' from 'https://cache.nixos.org'...
copying path '/nix/store/cl6znj4c2sqcyck2njvpmd45ivql5gf0-lenovo-legion-app-0.0.22-unstable-2026-08-21' from 'https://cache.nixos.org'...
copying path '/nix/store/p0k8wmvmvvd8szxi9il8wyp0nxj5ac1p-plasma-sdk-6.7.4' from 'https://cache.nixos.org'...
copying path '/nix/store/jd73909qcbwpnnrsp5rny2dk4ldrlc3j-plasma-workspace-6.7.4' from 'https://cache.nixos.org'...
copying path '/nix/store/dkbzp9mb9xhfs099gh6wwv7bzs6pgcwq-sddm-wrapped' from 'https://cache.nixos.org'...
copying path '/nix/store/ajshvl5ysaaj0a1jm2n99qjklmxrm7vm-security-wrapper-ksystemstats_intel_helper-x86_64-unknown-linux-musl' from 'https://cache.nixos.org'...
building '/nix/store/lkircklfdz6mj4qhf8y2x7zy8fvkcs0r-cargo-package-flate2-1.1.9.drv'...
copying path '/nix/store/vfh0n62m989292b1h39blxr8w7sxmx26-libreoffice-26.2.5.2-wrapped' from 'https://cache.nixos.org'...
building '/nix/store/lbfwnj6na91z1l4bm7zd6xvrmps3sidb-cargo-package-fnv-1.0.7.drv'...
copying path '/nix/store/ssn5wnn471prd1pwif059j03iw10n9j7-bluedevil-6.7.4' from 'https://cache.nixos.org'...
copying path '/nix/store/0swaghab4lz9x0vnl4h89j64ai0bjb3p-plasma-workspace-6.7.4-sessions' from 'https://cache.nixos.org'...
copying path '/nix/store/fz6r34lcz5wja46aa5isipdk0bic4kf1-powerdevil-6.7.4' from 'https://cache.nixos.org'...
copying path '/nix/store/lslsmmqi36qx8pnqafg4zinyp1sqbl8r-xdg-desktop-portal-kde-6.7.4' from 'https://cache.nixos.org'...
copying path '/nix/store/iv3kkgb269sngqj6annnpz44safx5852-plasma-browser-integration-6.7.4' from 'https://cache.nixos.org'...
copying path '/nix/store/m4p9bivv5yzrf3m64gs384l85b52a5cg-print-manager-6.7.4' from 'https://cache.nixos.org'...
copying path '/nix/store/2w79y3v7ly0y8w2hxybk6h0c4ayff3yz-kwin-x11-6.7.4' from 'https://cache.nixos.org'...
building '/nix/store/89z53sxfy33n17bw1a2pgidfay9qnm1w-cargo-package-foldhash-0.1.5.drv'...
copying path '/nix/store/j0j2mpzb1j9ssa7c8h14nm9lc65g0pb8-kinfocenter-6.7.4' from 'https://cache.nixos.org'...
copying path '/nix/store/5rk4vdqw5rp1swsgps1q2f2d7d9ymk80-plasma-desktop-6.7.4' from 'https://cache.nixos.org'...
building '/nix/store/ky5a241c6a77mf890f5aa0wrpasrzgfy-cargo-package-foldhash-0.2.0.drv'...
copying path '/nix/store/y9jb5v17b5yw76yjlaavaycn6v6zc0yc-kdeplasma-addons-6.7.4' from 'https://cache.nixos.org'...
building '/nix/store/3mwqfbkipzkj7bs79wkn16mmxn1f8crh-cargo-package-futures-0.3.32.drv'...
building '/nix/store/ly910cgmh2xragkhkd89bxxrvxpghi9r-cargo-package-futures-channel-0.3.32.drv'...
building '/nix/store/kfpbajds6in2f5mqxrd3ljzzh6s1n1qy-cargo-package-futures-core-0.3.32.drv'...
building '/nix/store/gpqg772n0ps5vwrx0dkpzx42vmqgrj6h-cargo-package-futures-executor-0.3.32.drv'...
building '/nix/store/5lmv91v6dsbg1m1x0zk1cp45j6c015k7-cargo-package-futures-io-0.3.32.drv'...
building '/nix/store/fp5yfwynvk1qmjjxlsa422lqd32rmfc0-cargo-package-futures-macro-0.3.32.drv'...
building '/nix/store/y6figfdp0q2l0rrx3b2w6dl1my82f5mi-cargo-package-futures-sink-0.3.32.drv'...
building '/nix/store/bdlahlkj2krsdphg3cqhsfbx3aywd1hb-cargo-package-futures-task-0.3.32.drv'...
building '/nix/store/x71k7s7jxh3j2dznvigc1c1fh2faz787-cargo-package-futures-util-0.3.32.drv'...
building '/nix/store/ryc7s6fbxd3wcqn9jicndfj3m533cxqj-cargo-package-gethostname-1.1.0.drv'...
building '/nix/store/3cbqj19470xm4qg151rh3q4lg209dbnb-cargo-package-getrandom-0.3.4.drv'...
building '/nix/store/mpg6nl6nchl937l36aabgjd12yimc2jh-cargo-package-getrandom-0.4.2.drv'...
building '/nix/store/b7v89nvk9fb933l5v7bip9dbkj6dgd6m-cargo-package-hashbrown-0.15.5.drv'...
building '/nix/store/2c3g0nv85fxhb9fmvz3l1vp0apksqcmy-cargo-package-hashbrown-0.16.1.drv'...
building '/nix/store/vzmbjaissdf3w041r56cf7m2jjf1sdhl-cargo-package-heck-0.5.0.drv'...
building '/nix/store/5n1rm2nisq31l33dzyjvr7d0c1w2gvj6-cargo-package-hermit-abi-0.5.2.drv'...
building '/nix/store/8wga5nkqd6l7wb3wnzp43zlykwd9bqy7-cargo-package-hex-0.4.3.drv'...
building '/nix/store/fckz3zpyl54wjqynk6ksrw200j06x6yq-cargo-package-id-arena-2.3.0.drv'...
building '/nix/store/d5n6nj55gv3vg19mb0b3n3awa0zz50nw-cargo-package-ident_case-1.0.1.drv'...
building '/nix/store/9bjg6yxyylm5mkld8a0zqa9423f3ax20-cargo-package-is_terminal_polyfill-1.70.2.drv'...
building '/nix/store/knbflpzkw5w5z9cvm8ii6zrx53a2ggzq-cargo-package-itertools-0.14.0.drv'...
building '/nix/store/axs68db596rbcjpnm95gld9gard5dvsh-cargo-package-itoa-1.0.18.drv'...
building '/nix/store/q442qd32rgbyxyc9pj6wnckhd3v92hkg-cargo-package-jni-0.22.4.drv'...
building '/nix/store/40d74a7880lqi2lgwk38mpb6jiwnxkg6-cargo-package-jni-macros-0.22.4.drv'...
building '/nix/store/31kma373rragqk55xcnnpjnk3szxvlbd-cargo-package-jni-sys-0.4.1.drv'...
building '/nix/store/fxbd4ms8iaqj54aip7ybs57ns26wwhqm-cargo-package-jni-sys-macros-0.4.1.drv'...
building '/nix/store/932bh31wi4bdp76mpmyn3kp9ik12spmy-cargo-package-jobserver-0.1.34.drv'...
building '/nix/store/v91462zyy9rrm4m1202075g6dhhzq64j-cargo-package-lazy_static-1.5.0.drv'...
building '/nix/store/nazpzjgng60rdz16iqfn9mld124kgz79-cargo-package-leb128fmt-0.1.0.drv'...
building '/nix/store/dfyqhhpr1w4n2g3i96fzfqcmqy85nri7-cargo-package-libm-0.2.16.drv'...
building '/nix/store/r6kwg1y8gyckyx69k4hw8i39d4v4g3db-cargo-package-linux-raw-sys-0.12.1.drv'...
building '/nix/store/xbckb11ppk909zg7gcb84aj43wwb2gjr-cargo-package-linux-raw-sys-0.4.15.drv'...
building '/nix/store/gmbd5053yar34pfbl4p4i78xgjdwawh3-cargo-package-lock_api-0.4.14.drv'...
building '/nix/store/apq9i2vg819qxymh5b759d2bxidp982q-cargo-package-log-0.4.29.drv'...
building '/nix/store/3kzvjbl1md241xvnq4r3nfhr8bh4fqhb-cargo-package-memchr-2.8.0.drv'...
building '/nix/store/dipnm87yq8zrkn0psjqvlaa0y1mmimzp-cargo-package-memmap2-0.9.10.drv'...
building '/nix/store/km8lv083vqi89jmqxpzy34vc9r6agkpy-cargo-package-memoffset-0.9.1.drv'...
building '/nix/store/kj30vswmfx85588sc094j900whf6q3d3-cargo-package-miniz_oxide-0.8.9.drv'...
building '/nix/store/nf41yj4xg0341qiv458wxfdh6fw51svv-cargo-package-mio-1.2.0.drv'...
building '/nix/store/63d408jv235s79qchk5iydsadij95gks-cargo-package-new_debug_unreachable-1.0.6.drv'...
building '/nix/store/8hx27v0y4p4drma6hjcbyif6v2k8c289-cargo-package-nix-0.29.0.drv'...
building '/nix/store/7ps299qk9k1kmzg7625qjz4byr0xkjkh-cargo-package-num-integer-0.1.46.drv'...
building '/nix/store/cd3va53vv7k0cccd6qvr0jx5rdc4fsk4-cargo-package-num-iter-0.1.45.drv'...
building '/nix/store/dllajgx9cvspvr5xqsfgizasgpd64j5y-cargo-package-num-traits-0.2.19.drv'...
building '/nix/store/7h7icsc8rqhwk0znn49b6yi7jgnirhb7-cargo-package-num_enum-0.7.6.drv'...
building '/nix/store/d1njpn4zs1qwhxx7mpk2y5qfqdqh1njv-cargo-package-num_enum_derive-0.7.6.drv'...
building '/nix/store/kz8azyfksf2b5i7m4yl32i27qmyv421v-cargo-package-objc2-core-foundation-0.3.2.drv'...
building '/nix/store/9r1a9l2klbf8cbh061pjr88clf4yvmb3-cargo-package-once_cell-1.21.4.drv'...
building '/nix/store/h0azqkhndkv4cj9ixnvh9lzipk525hay-cargo-package-once_cell_polyfill-1.70.2.drv'...
building '/nix/store/34b2rzzspgq9p9diia6irwl0zpskw352-cargo-package-ordered-float-5.3.0.drv'...
building '/nix/store/n9ncgklm1nsmkbv0frlxif9vcwp1irdx-cargo-package-parking-2.2.1.drv'...
building '/nix/store/140b40p9m4225qp0ds9kdl5x8991910m-cargo-package-parking_lot-0.12.5.drv'...
building '/nix/store/i0ap0zd4ybnrp5ppsijq7kyxg03ynsir-cargo-package-parking_lot_core-0.9.12.drv'...
building '/nix/store/hxq103bxprrml0dp39w1bfhsgb7a4xqk-cargo-package-paste-1.0.15.drv'...
building '/nix/store/kb4pmnzv8jw3cj8dqg0bvz3zblw27dha-cargo-package-percent-encoding-2.3.2.drv'...
building '/nix/store/fdkc1sq0hg6wys6ziiri86qwhbww7dg9-cargo-package-pin-project-lite-0.2.17.drv'...
building '/nix/store/ngam90p3cmq9h12c0k93ndlg7fjyzga2-cargo-package-pin-utils-0.1.0.drv'...
building '/nix/store/yicvwa49cpd97pz5sghvv7687k572d87-cargo-package-pkg-config-0.3.32.drv'...
building '/nix/store/z0rcpsdxp3pvq8wy4gpjvvz94bc3fihz-cargo-package-plain-0.2.3.drv'...
building '/nix/store/1lqivqyc3lbbpgd8a2mhwl2w5zki66d5-cargo-package-portable-atomic-1.13.1.drv'...
building '/nix/store/hzvgf89cqlh8ghych7h37m8afxjgn5hg-cargo-package-ppv-lite86-0.2.21.drv'...
building '/nix/store/mlhq1lfz72n69k3fc10c8kg2gx6fprzf-cargo-package-prettyplease-0.2.37.drv'...
building '/nix/store/8dvg0hjd1b8nsddpl40cl4svappg59d3-cargo-package-proc-macro-crate-3.5.0.drv'...
building '/nix/store/a7444xc18izchm4pl22s8wqrispyni6q-cargo-package-proc-macro2-1.0.106.drv'...
building '/nix/store/imapffi8378m8zgwkjbws1xcwrwr766h-cargo-package-quote-1.0.45.drv'...
building '/nix/store/f1vfwas68swprmcrb22ksg3ph3lxjhli-cargo-package-r-efi-5.3.0.drv'...
building '/nix/store/3fqw2bfl90zf4sx7ginr7rrl971l62l9-cargo-package-r-efi-6.0.0.drv'...
building '/nix/store/k57f586j08pq8j12n8zfbs8w191xd5zd-cargo-package-rand-0.9.2.drv'...
building '/nix/store/gag4nz7h23i44a5xif5zs41bczwzya84-cargo-package-rand_chacha-0.9.0.drv'...
building '/nix/store/sd1jll8f6wr9l3aadr41h2jlbvmsclw0-cargo-package-rand_core-0.9.5.drv'...
building '/nix/store/sv8dif3j15haawxk039p3prsnaf3srqm-cargo-package-rayon-1.11.0.drv'...
building '/nix/store/am3zvnc5nvwsqirp04qkwgim869xx1zj-cargo-package-rayon-core-1.13.0.drv'...
building '/nix/store/id3xim36xfhw2i6m1gq6sxgsrfpm48x4-cargo-package-redox_syscall-0.5.18.drv'...
building '/nix/store/508n66cpjc6lyq5gjw2qg2w03mz1qics-cargo-package-regex-1.12.3.drv'...
building '/nix/store/8wc21yg1635cgj8aqx4lk22frh7i0sp7-cargo-package-regex-automata-0.4.14.drv'...
building '/nix/store/rsy8vzkc6fcl9zfhjvf0qik51ikf0rn5-cargo-package-regex-syntax-0.8.10.drv'...
building '/nix/store/73zhpzw2nwysfx0c36my3pg796aa6jy2-cargo-package-rustc-hash-2.1.2.drv'...
building '/nix/store/f0za3hxfx31wsy70s44bq8idp4jqbny2-cargo-package-rustc_version-0.4.1.drv'...
building '/nix/store/0xr17lr3kl4kyr23cvzc19a3kvdm5z4b-cargo-package-rustix-0.38.44.drv'...
building '/nix/store/imawjhkwhw8li29382w53196ak1gq500-cargo-package-rustix-1.1.4.drv'...
building '/nix/store/n8gbra1m9lj9r4j6z7scnsxg0dv68xkm-cargo-package-rustversion-1.0.22.drv'...
building '/nix/store/jj64pvw62wfq3z9wrnysxddm2maa67iv-cargo-package-safe_arch-0.7.4.drv'...
building '/nix/store/5h0yq9m0wb2xaj7sxm65phlr0ric1g0g-cargo-package-same-file-1.0.6.drv'...
building '/nix/store/8056gly8wli538293n829l34pqbzjf3g-cargo-package-scopeguard-1.2.0.drv'...
building '/nix/store/qh00blmsviklqfm4vyl66lb7hdhb65hg-cargo-package-semver-1.0.27.drv'...
building '/nix/store/f7jdjisjni13jydb87b8g77sbsrhk3gg-cargo-package-serde-1.0.228.drv'...
building '/nix/store/v669wbq5jv5r7c9crbl0hvsq07j2xgna-cargo-package-serde_core-1.0.228.drv'...
building '/nix/store/c0g4i82civmf61q0l03j9gqd1r63gnkr-cargo-package-serde_derive-1.0.228.drv'...
building '/nix/store/5kcid3rjvsq2m98fx0ha9azix2jh7vg3-cargo-package-serde_json-1.0.149.drv'...
building '/nix/store/akmlb4bbjmnl6ryhr1lnvhxgxp1j0ffw-cargo-package-serde_repr-0.1.20.drv'...
building '/nix/store/i73v4glpfq5j2pw8xyi82snqzapjpvwx-cargo-package-shlex-1.3.0.drv'...
building '/nix/store/lv53jg5cf511fxx090xjm1jna26lbi44-cargo-package-signal-hook-registry-1.4.8.drv'...
building '/nix/store/yni88zcw618yvjympasgsn62kzrijzbs-cargo-package-simd-adler32-0.3.9.drv'...
building '/nix/store/cb32v2vh1g88x7rwhm0fsvy012gwfb8s-cargo-package-simd_cesu8-1.1.1.drv'...
building '/nix/store/vq3lbyrsr0kq4z3sj4bws1d1vha7lbjq-cargo-package-simdutf8-0.1.5.drv'...
building '/nix/store/g4xsva3byyxb5mfm1h4i800qxx0m5941-cargo-package-slab-0.4.12.drv'...
building '/nix/store/4dhr4an14xv00j0ms3a7avqnibzc8mbq-cargo-package-smallvec-1.15.1.drv'...
building '/nix/store/c0n9c9vp7fi2dc1aiid40d91508w4f9k-cargo-package-socket2-0.6.3.drv'...
building '/nix/store/md9mlml0znbai4vfpgkps1cbqscz77f1-cargo-package-stable_deref_trait-1.2.1.drv'...
building '/nix/store/2l8gjr9fszwwf5cazlw7zgh44fj9gss4-cargo-package-static_assertions-1.1.0.drv'...
building '/nix/store/yaz2lx6pq27xzkv3gyn7fp4lv4cvhjik-cargo-package-strsim-0.11.1.drv'...
building '/nix/store/kkq1xp1z0iq002nd20b82jw8q2p1qc24-cargo-package-syn-2.0.117.drv'...
building '/nix/store/qwm4jnkrhbkbvp2srq901j2rcg3rd5pk-cargo-package-synstructure-0.13.2.drv'...
building '/nix/store/n0vwasdd2s1bprhdrpkv8i7knhh5ajn1-cargo-package-tempfile-3.27.0.drv'...
building '/nix/store/2jfrs41j764fjqpmpqdqg32jfb3j24pw-cargo-package-termcolor-1.4.1.drv'...
building '/nix/store/m703chw2ayhfs820fsv523vnmilffsxi-cargo-package-thiserror-1.0.69.drv'...
building '/nix/store/znijjcvv15wpf82j4isb00kvdads80fn-cargo-package-thiserror-2.0.18.drv'...
building '/nix/store/41ahb3h5wpcm1v05ipq6x7psj7frjqw2-cargo-package-thiserror-impl-1.0.69.drv'...
building '/nix/store/jz7iprvwf2xp5r43h2k4smns6jq138i9-cargo-package-thiserror-impl-2.0.18.drv'...
building '/nix/store/16rglpbhjyxjhy1zm2x43fa18d0znjjd-cargo-package-tinyvec-1.11.0.drv'...
building '/nix/store/5pvicp23z82zkv17p7i66696qdy21iil-cargo-package-tinyvec_macros-0.1.1.drv'...
building '/nix/store/vz02npi6qf4dzaxss7njmqz3ing6pj2l-cargo-package-tokio-stream-0.1.18.drv'...
building '/nix/store/cgfd5gkipc818cyfcxrcd1k28z1cnkg5-cargo-package-toml_datetime-1.1.1+spec-1.1.0.drv'...
building '/nix/store/x8bgqzwaxb540wphkvrf3g1fix9064s9-cargo-package-toml_parser-1.1.2+spec-1.1.0.drv'...
building '/nix/store/ryjqcvb5cwd1xg767dgx1lfvizyp72mw-cargo-package-tracing-0.1.44.drv'...
building '/nix/store/nfhn2bknnkrppzzqk4rlxx6r4bwdgjav-cargo-package-tracing-attributes-0.1.31.drv'...
building '/nix/store/3dxcd9pzfcdlxknxq9h01yjylxhpin11-cargo-package-tracing-core-0.1.36.drv'...
building '/nix/store/9yx6j94cdni22pq6s7a15781kka1whil-cargo-package-unicode-bidi-0.3.18.drv'...
building '/nix/store/kqncfhf8vmnc5ihgwbcy13glyv6ld5xv-cargo-package-unicode-ident-1.0.24.drv'...
building '/nix/store/fq4kbsi5jvdy49w9dmizn5xv91l157ny-cargo-package-unicode-linebreak-0.1.5.drv'...
building '/nix/store/fr4lh5ha6zpyp2iv24h6i88cmqx4x7vh-cargo-package-unicode-segmentation-1.13.2.drv'...
building '/nix/store/4f1i40lhjqwaci73ysjhdwhbc5akffzp-cargo-package-unicode-width-0.2.2.drv'...
building '/nix/store/8dia0h9b9qpafsv67f4vnb3f3y0c15yp-cargo-package-unicode-xid-0.2.6.drv'...
building '/nix/store/mp429fp4khfrnd2vyn3lbdvnijk806px-cargo-package-utf8parse-0.2.2.drv'...
building '/nix/store/cbxmnddybx39v1jz10my82znax7l8z4a-cargo-package-version_check-0.9.5.drv'...
building '/nix/store/vr4rdbq8d4m9qa5l5hy48j66l16i163a-cargo-package-walkdir-2.5.0.drv'...
building '/nix/store/pq6awc17qnz3ri5065vpf02x6y6q9kll-cargo-package-wasi-0.11.1+wasi-snapshot-preview1.drv'...
building '/nix/store/981ag0xbm0slwpkq0zvbny624k953dzc-cargo-package-wasip3-0.4.0+wasi-0.3.0-rc-2026-01-06.drv'...
building '/nix/store/r0id53mpnhr08iry7b3ps1d0qrmzi09c-cargo-package-wasm-encoder-0.244.0.drv'...
building '/nix/store/39724w95984m093irv51x1scmb3d5n2h-cargo-package-wasm-metadata-0.244.0.drv'...
building '/nix/store/hybb982l6s4aygpf70ijj9n08prxhxr5-cargo-package-wasmparser-0.244.0.drv'...
building '/nix/store/krh28663zp4pi0yqr0nbjn1j75qrxa06-cargo-package-web-time-1.1.0.drv'...
building '/nix/store/zkjvg68337dshz3k7b1wji4ckfb617kr-cargo-package-wide-0.7.33.drv'...
building '/nix/store/3hycwvx2w92zgqdwzai3348dfy0kllw7-cargo-package-winapi-0.3.9.drv'...
building '/nix/store/jp8jk1fvr279b29l6sfqngpbszbnpw71-cargo-package-winapi-i686-pc-windows-gnu-0.4.0.drv'...
building '/nix/store/0affm7c364bd3p3ljfxvlz8p1jiqxbw1-cargo-package-winapi-util-0.1.11.drv'...
building '/nix/store/h62iy6r0ybarvs3a7l50ls6lx76mxjan-cargo-package-winapi-x86_64-pc-windows-gnu-0.4.0.drv'...
building '/nix/store/v1wj4x1r7yx6r2mkmi9fkajy9n042d7l-cargo-package-windows-0.62.2.drv'...
building '/nix/store/xndk7xqy932yrs72rvfpvw6br59jsmlz-cargo-package-windows-collections-0.3.2.drv'...
building '/nix/store/bvdqpq0hjndv7yrpd615yr7bpdyhdnws-cargo-package-windows-core-0.62.2.drv'...
building '/nix/store/zf2fw7pn6zfd4aydls4yldymc3da4qpy-cargo-package-windows-future-0.3.2.drv'...
building '/nix/store/nafig9gfc4h7n2r1hbf343ivfrw5pixi-cargo-package-windows-implement-0.60.2.drv'...
building '/nix/store/s7dw7g2h8138dyi48f0lwsnpss5i5fa6-cargo-package-windows-interface-0.59.3.drv'...
building '/nix/store/67pj1xj6950v301zg8z7dpv7vn82a2n3-cargo-package-windows-link-0.2.1.drv'...
building '/nix/store/xj57qhizjiw3kmlm82c8wjsi9033z0v9-cargo-package-windows-numerics-0.3.1.drv'...
building '/nix/store/946ij5bwhx4d6vajnfciciq2b8gmj6f2-cargo-package-windows-result-0.4.1.drv'...
building '/nix/store/p4wbcb4s0xi93i96j4bs2zjpnngh2qpp-cargo-package-windows-strings-0.5.1.drv'...
building '/nix/store/2y08aii5wsbwxk20fqz491l2jxh7gdaq-cargo-package-windows-sys-0.52.0.drv'...
building '/nix/store/91n7wg3rc866kd6k3npjq9dwb6gkdmb8-cargo-package-windows-sys-0.59.0.drv'...
building '/nix/store/5wvdlhqj48hd4fblww7l9jnsf0jipm9p-cargo-package-windows-sys-0.61.2.drv'...
building '/nix/store/p18xcx23sgb5qns2dfi3h6vn1bxpv2g9-cargo-package-windows-targets-0.52.6.drv'...
building '/nix/store/mbp0am9jk310ra6qj9lrm82ql1jcimc2-cargo-package-windows-threading-0.2.1.drv'...
building '/nix/store/gd6191fslgxv6lsdyvnyaj2j4lg00p9q-cargo-package-windows_aarch64_gnullvm-0.52.6.drv'...
building '/nix/store/c12h18yy7g0r2yqvqnnajjcqsyvp9ajs-cargo-package-windows_aarch64_msvc-0.52.6.drv'...
building '/nix/store/ahyj527qcjk6vm1pwmcarwv5dpd0nxwb-cargo-package-windows_i686_gnu-0.52.6.drv'...
building '/nix/store/nvk3i68hyn9rnvwh47ch7slrlspqacjr-cargo-package-windows_i686_gnullvm-0.52.6.drv'...
building '/nix/store/9fap7af3m8p133gr7rhqxb6dk77h0hbv-cargo-package-windows_i686_msvc-0.52.6.drv'...
building '/nix/store/fmf999wnbwd0cm4g893gxxza038plidp-cargo-package-windows_x86_64_gnu-0.52.6.drv'...
building '/nix/store/dq90hahpxv6a76v7q5vaq33gzviwwigj-cargo-package-windows_x86_64_gnullvm-0.52.6.drv'...
building '/nix/store/niw63p26b1p50jz7lc50gldpcysw6833-cargo-package-windows_x86_64_msvc-0.52.6.drv'...
building '/nix/store/h0r52b8arfnzh6s2q28bc9msnm3d2qlr-cargo-package-wit-bindgen-0.51.0.drv'...
building '/nix/store/8smph5nvg69764n8avgd0j4zm5i7smmf-cargo-package-wit-bindgen-core-0.51.0.drv'...
building '/nix/store/25pnjv29bw070sym44vb3500d40b06j8-cargo-package-wit-bindgen-rust-0.51.0.drv'...
building '/nix/store/yb80x2cirhjf06h2fpkf8pq1jxy659sp-cargo-package-wit-bindgen-rust-macro-0.51.0.drv'...
building '/nix/store/86xm7yw6p1xylkj3y07w5zi1ysynda7i-cargo-package-wit-component-0.244.0.drv'...
building '/nix/store/24anrf6svvm728g881fm63lmv9khwnc7-cargo-package-wit-parser-0.244.0.drv'...
building '/nix/store/pflzc6c8r6s72x27k4aqqvwygrm50g31-cargo-package-zerocopy-0.8.48.drv'...
building '/nix/store/84lj1ffamcb9b4c1mwdxyl180d8c4mk1-cargo-package-zerocopy-derive-0.8.48.drv'...
building '/nix/store/m958vfff0b77ki8in0khwyf38yswim0d-cargo-package-zmij-1.0.21.drv'...
building '/nix/store/mng72mlap4fiwrnxqb5fqdn6jxxcfqcn-cargo-src-bluer-0.17.4.drv'...
building '/nix/store/gbyhvzhhl2jw0xkzm6346f8mr5gnwh4a-cargo-src-built-0.8.0.drv'...
building '/nix/store/icyy9i9ykk5s1pl7gqzcjlzwv4jrzd06-cargo-src-bytemuck-1.25.0.drv'...
building '/nix/store/axkrydj5bv11hx7dy16ny7p6vb8csii7-cargo-package-bluer-0.17.4.drv'...
building '/nix/store/mg70yhd3h18h3ygp6vc1p3yi1l7jxynj-cargo-package-built-0.8.0.drv'...
building '/nix/store/yn4vpy7vy1gin855mhqng2bfxdqb17ll-cargo-package-bytemuck-1.25.0.drv'...
building '/nix/store/qnn149pss51s1s4c7bmswgganmaxqcwn-cargo-src-bytemuck_derive-1.10.2.drv'...
building '/nix/store/hl17kp7w3wlxpby8glpby5wmlcwqi67j-cargo-src-byteorder-lite-0.1.0.drv'...
building '/nix/store/mxvsb2mzcbniriqpal9y8ipakmrfk1hx-cargo-src-calloop-0.13.0.drv'...
building '/nix/store/7s2085fhhc3rk6vy6xv8l0mqvmjjkn47-cargo-package-bytemuck_derive-1.10.2.drv'...
building '/nix/store/6psh3p8ivgj26ypsp68r8gc473p6vrc4-cargo-package-byteorder-lite-0.1.0.drv'...
building '/nix/store/94fvwng4119rr7qkaaa6qsz6p8l43c3w-cargo-package-calloop-0.13.0.drv'...
building '/nix/store/68ma6n3vrgxg9gwiwlg0sca63d5sxdd9-cargo-src-calloop-0.14.4.drv'...
building '/nix/store/0pkif9adpys0rbvr2g8dnvipc3s41r2h-cargo-src-calloop-wayland-source-0.3.0.drv'...
building '/nix/store/42krd8lizfcsjyc4qzdqjlfj8qmygavw-cargo-src-calloop-wayland-source-0.4.1.drv'...
building '/nix/store/9bcdy24qsf6rq9d1rq2smjz27bz3wc3v-cargo-package-calloop-0.14.4.drv'...
building '/nix/store/vf7yqvb06csm1ff0vn52sh5ykcbi7y7a-cargo-package-calloop-wayland-source-0.3.0.drv'...
building '/nix/store/bb43dlfx48bhc7g75ana7bbmc8pndy1q-cargo-package-calloop-wayland-source-0.4.1.drv'...
building '/nix/store/3mxrdi6257al7sbf96iw041m752hky6v-cargo-src-cc-1.2.58.drv'...
building '/nix/store/92x6hiww7sfmdl19v99g1wsm4bdxb3r2-cargo-src-cesu8-1.1.0.drv'...
building '/nix/store/aclp9cd4226k5dp3gj0vzz4ginh8c644-cargo-src-cipher-0.5.1.drv'...
building '/nix/store/zpava3xdhkz1dr5gxafibqf1czih6hm3-cargo-package-cc-1.2.58.drv'...
building '/nix/store/ygqjm02slmbq02mvx6zblgxk6pmgx5b6-cargo-package-cesu8-1.1.0.drv'...
building '/nix/store/wb80ajsjc5n0yn24psv6bpfvj3zcyzzk-cargo-package-cipher-0.5.1.drv'...
building '/nix/store/3qwjmmq8ia2a8fxmqsz0xlgyxnqdjmvk-cargo-src-clap-4.6.0.drv'...
building '/nix/store/gdyikqj7i5672q0wfygvcljl4av8nifr-cargo-src-clap_derive-4.6.0.drv'...
building '/nix/store/x7yg2sdw8jiyx94grhgy8i0gvw3b5bk5-cargo-src-clipboard_macos-0.1.1.drv'...
building '/nix/store/b6z1bqcfxbrln47s13hf442ng7dbd38f-cargo-package-clap-4.6.0.drv'...
building '/nix/store/ppp2ggrc0ds5k5xiv1a4v3rdk2qvhxd4-cargo-package-clap_derive-4.6.0.drv'...
building '/nix/store/sknnsshmd05m6qc5yfs5xj2ln2abzbdy-cargo-package-clipboard_macos-0.1.1.drv'...
building '/nix/store/3bydpymp9lh31m75bk4wnwa26b3fyg0w-cargo-src-clipboard_wayland-0.2.2.drv'...
building '/nix/store/3c2n76flmx2l14dq3d1q3hm4kjsq7kqc-cargo-src-clipboard_x11-0.4.3.drv'...
building '/nix/store/d9c6dwi1rx6rvwiv5cbrlq6fs1i36r78-cargo-src-color_quant-1.1.0.drv'...
building '/nix/store/yfyd5r4zcchgwj2ixdh0f6q6r417jcr3-cargo-package-clipboard_wayland-0.2.2.drv'...
building '/nix/store/1djfjhwznwwhxvazmdjmni8qhlxy0agp-cargo-package-clipboard_x11-0.4.3.drv'...
building '/nix/store/jfx9sx5r69s6lrr431hvc438w555rfal-cargo-package-color_quant-1.1.0.drv'...
building '/nix/store/j9mxnj456q4ypr29aacbhn2h2qkyjk46-cargo-src-core-graphics-0.23.2.drv'...
building '/nix/store/0zqb84zgcd8vdxpiy4hc04xh9zpixfix-cargo-src-core-graphics-types-0.1.3.drv'...
building '/nix/store/z1zynm2f834c4pmbf0waahhy5dmz9nac-cargo-src-core-graphics-types-0.2.0.drv'...
building '/nix/store/m6pfm0zphafysq9aw39y9xwr8hwx8by7-cargo-package-core-graphics-0.23.2.drv'...
building '/nix/store/nl8qhgxm0bir8n4fzh73iyd27ycsnlml-cargo-package-core-graphics-types-0.1.3.drv'...
building '/nix/store/jsmlvlbg5wqpfr26ddgrg1xn081fmppz-cargo-package-core-graphics-types-0.2.0.drv'...
building '/nix/store/20i2f91m869knvlg0vvlb6lq4y0japiw-cargo-src-core2-0.4.0.drv'...
building '/nix/store/8b4ryvz3c2wys7pvgnz74swrl89baadr-cargo-src-core_maths-0.1.1.drv'...
building '/nix/store/wydhfxhg8p4fdx8rl6iamvv345zv7p8y-cargo-src-cosmic-text-0.15.0.drv'...
building '/nix/store/f7cj629br5cwgnl5d7l96dnb90pmpg2q-cargo-package-core2-0.4.0.drv'...
building '/nix/store/ir5w1hhkrp0mlyrlp4hcfbp91mfd24iy-cargo-package-core_maths-0.1.1.drv'...
building '/nix/store/ww08mn2l9j9dknc5y66pj21f1fiz0b1d-cargo-package-cosmic-text-0.15.0.drv'...
building '/nix/store/fng9i69q90wilzlky0jghwxl8n7hjq94-cargo-src-cpubits-0.1.0.drv'...
building '/nix/store/yn1g4bbdzd38m4s4yr8vkkgb3kpz5xni-cargo-src-cryoglyph-0.1.0.drv'...
building '/nix/store/n9kdnz9k9ca9iydq0wwbac8qi0bfjpwg-cargo-src-ctor-lite-0.1.2.drv'...
building '/nix/store/c81b39wkzqx178pbii8yibqqxbh86plh-cargo-package-cpubits-0.1.0.drv'...
building '/nix/store/i4i246r0dm0qw3ln4wmwp10fnnl0r3fg-cargo-package-cryoglyph-0.1.0.drv'...
building '/nix/store/q59bd0r13rgbl82qzvhf3mk1jkkh5fi3-cargo-package-ctor-lite-0.1.2.drv'...
building '/nix/store/q8w145i3kafji80cvd4m9pgm5xs3rjnp-cargo-src-cursor-icon-1.2.0.drv'...
building '/nix/store/v7mki7py2f4lyfi17gnlmz3nh6ijflyi-cargo-src-custom_debug-0.6.2.drv'...
building '/nix/store/9ik6jx673v7gqnibn1cf2gznl7viamyy-cargo-src-custom_debug_derive-0.6.2.drv'...
building '/nix/store/kh0lrddhxj1zcpvb776r8sbhdrgbvjxz-cargo-package-cursor-icon-1.2.0.drv'...
building '/nix/store/g55cdrmhywa7v38v55f42g3p3ldixwzx-cargo-package-custom_debug-0.6.2.drv'...
building '/nix/store/a5ijs4nhbmy21bdhxffkxjd2iwxk4nl2-cargo-package-custom_debug_derive-0.6.2.drv'...
building '/nix/store/phby8amgd5yr67dihzl6z2gh5m28rw2y-cargo-src-dbus-0.9.10.drv'...
building '/nix/store/5w7a3xv4sv2z6zxwsq0lcbx4n9p3pjbv-cargo-src-dbus-crossroads-0.5.3.drv'...
building '/nix/store/iazf2rn3jh1j7khnljg8albqzns9kgjl-cargo-src-dbus-tokio-0.7.6.drv'...
building '/nix/store/aasfhbfsswy7whmn2dl8zijhdld6l9zv-cargo-package-dbus-0.9.10.drv'...
building '/nix/store/4wgw7lh9gyid1mrasqak97g8jaq8blqw-cargo-package-dbus-crossroads-0.5.3.drv'...
building '/nix/store/xlmiy1snip0zhjnwhzizyi6gvs989qgn-cargo-package-dbus-tokio-0.7.6.drv'...
building '/nix/store/0mq37a8kdgjs91vx02an25678ajhrdnw-cargo-src-dispatch-0.2.0.drv'...
building '/nix/store/f1bd18lpk8q5a1s23145kwm55dq17i8r-cargo-src-dispatch2-0.3.1.drv'...
building '/nix/store/dfvy1qzd2fqsvaqsjvrizrap5ciycz1v-cargo-src-dlib-0.5.3.drv'...
building '/nix/store/fcb7mw4gnm1wdfacwabwmiqbf9mk0s20-cargo-package-dispatch-0.2.0.drv'...
building '/nix/store/wcczl8zkrh1rdgh6f08rrfmzxi9rmvys-cargo-package-dispatch2-0.3.1.drv'...
building '/nix/store/y8m3xdvslfhy8acrs1v5i47s9qypdxbr-cargo-package-dlib-0.5.3.drv'...
building '/nix/store/r9xvf74m19hbfabb54w83kaaycrr044z-cargo-src-document-features-0.2.12.drv'...
building '/nix/store/b4pb3j2lqfyr92bvkaqwmb1wljfidl8k-cargo-src-downcast-rs-1.2.1.drv'...
building '/nix/store/chkm2kraqii1g2viv37blvqx7px31gb6-cargo-src-dpi-0.1.2.drv'...
building '/nix/store/fwxpj3gn7fxrd3875zx41kivsr2n2rwz-cargo-package-document-features-0.2.12.drv'...
building '/nix/store/0rnlzaf05w9hjkviwvk0br12bqw30vcl-cargo-package-downcast-rs-1.2.1.drv'...
building '/nix/store/w80y04xv05164q7rb503l3kmlndk5c1c-cargo-package-dpi-0.1.2.drv'...
building '/nix/store/75074n0p2d6wm6jmk4lc9kfwvkbi0hlx-cargo-src-endi-1.1.1.drv'...
building '/nix/store/cip0jfylsjm5qza83631mk47mpfqzr2l-cargo-src-enumflags2-0.7.12.drv'...
building '/nix/store/zs27grsqg4vlrbpvsaf6szy2aqkjzxk0-cargo-src-enumflags2_derive-0.7.12.drv'...
building '/nix/store/jmq81c9s3bagg0a5br7zkgk1ygl1ycsr-cargo-package-endi-1.1.1.drv'...
building '/nix/store/6rxzp4zdxgqi49j59x0i37ris28d17mj-cargo-package-enumflags2-0.7.12.drv'...
building '/nix/store/80cgcdw700vha6xsgpmhyr93sg4hsvjy-cargo-package-enumflags2_derive-0.7.12.drv'...
building '/nix/store/gid5vq281hk9kip63bjkr5crmsclg37k-cargo-src-etagere-0.2.15.drv'...
building '/nix/store/iqvci9f151iail9247hs32n7iq3v1wcd-cargo-src-euclid-0.22.14.drv'...
building '/nix/store/v7sq11p0w0vl9dc7bbpfyqjbc85pxb1d-cargo-src-event-listener-strategy-0.5.4.drv'...
building '/nix/store/4586rr9abpg3l6zzxgmxjw09xiygc7wr-cargo-package-etagere-0.2.15.drv'...
building '/nix/store/dak9rx431x9bhkpwycx5yxrqpamndzxi-cargo-package-euclid-0.22.14.drv'...
building '/nix/store/fc7ys71qcjnqb2g8cka5za3n8ic6zsks-cargo-package-event-listener-strategy-0.5.4.drv'...
building '/nix/store/7a52i87n5ifh54nygp4amy2p2fwwhnvw-cargo-src-exr-1.74.0.drv'...
building '/nix/store/if7rsjwp7b8384iv5wf2s4xai8hxky5k-cargo-src-fax-0.2.6.drv'...
building '/nix/store/xyp8lx69kwvsiimswmxhsmdaarahpw1a-cargo-src-fax_derive-0.2.0.drv'...
building '/nix/store/f338sa3d85zfc7z9l2kcg07h81flx8ml-cargo-package-exr-1.74.0.drv'...
building '/nix/store/97m7c9jx1r75fx4i67ly4kkskwsvikwk-cargo-package-fax-0.2.6.drv'...
building '/nix/store/8inbrl0bqa0x37wzv6w7d274hb423f6g-cargo-package-fax_derive-0.2.0.drv'...
building '/nix/store/ay19p4d8vnxm5igv4cfwhj54b8vr08zd-cargo-src-fdeflate-0.3.7.drv'...
building '/nix/store/1sy67qfgi2181l31x8709dzhaqnfssxk-cargo-src-font-types-0.10.1.drv'...
building '/nix/store/pl0m3daiyj3mpaz68m88dqphgix0gnvh-cargo-src-font-types-0.11.1.drv'...
building '/nix/store/wcnvq9lp95wkpbhwp2albm4ly556gzng-cargo-package-fdeflate-0.3.7.drv'...
building '/nix/store/bbqh2g63z29671pc6rlvvvdsx4i8wxzl-cargo-package-font-types-0.10.1.drv'...
building '/nix/store/0kfpcbg1y8lj3hw5psbvm4g7zhrwkqrg-cargo-package-font-types-0.11.1.drv'...
building '/nix/store/4fdvbz79zf40qsmfl5va0hibiyn63hvb-cargo-src-fontconfig-parser-0.5.8.drv'...
building '/nix/store/dp8n0vi54dbfq3h1k1q1qgv7xfnj5blv-cargo-src-fontdb-0.23.0.drv'...
building '/nix/store/4b5j4lr1lg2hidqqbimcs17fp8idb39x-cargo-src-foreign-types-0.5.0.drv'...
building '/nix/store/r9kvsqj2v44hylbppjflpw9ihdxwypg1-cargo-package-fontconfig-parser-0.5.8.drv'...
building '/nix/store/65adzy97v1m572iy153dqyq2gpx2vxdd-cargo-package-fontdb-0.23.0.drv'...
building '/nix/store/qiji33lfq9ir64fcgscwdhf7lhsf5irb-cargo-package-foreign-types-0.5.0.drv'...
building '/nix/store/s4vkyn9k33llqd2jgh1qjhxbki7ysi29-cargo-src-foreign-types-macros-0.2.3.drv'...
building '/nix/store/pwwbd074ymnmb10bhy7pncgwxm5przky-cargo-src-foreign-types-shared-0.3.1.drv'...
building '/nix/store/p1811fal9ma59fd6hx4mqngxmjq6hryn-cargo-src-futures-lite-2.6.1.drv'...
building '/nix/store/z6q8lmfm2ni2bkg4h7ckxkgag79zfibs-cargo-package-foreign-types-macros-0.2.3.drv'...
building '/nix/store/584s7fy2lyxjlnkkpd3fdwiqgp3ri1f5-cargo-package-foreign-types-shared-0.3.1.drv'...
building '/nix/store/iwhyvlb2w8gv6pqhlnb1k0n9m478znrm-cargo-package-futures-lite-2.6.1.drv'...
building '/nix/store/5wx2rabwqbrw54261pf6rjvasqvkwdkj-cargo-src-gif-0.14.1.drv'...
building '/nix/store/yx3gkm2qhlw3y4dwh5naf19hlg4fhh8z-cargo-src-gl_generator-0.14.0.drv'...
building '/nix/store/79r5y1b0pn5bakpj13nfzlbssp5s97g6-cargo-src-glam-0.14.0.drv'...
building '/nix/store/d7vy2h7nvfjhsfmalasyrnjk7ya7sm11-cargo-package-gif-0.14.1.drv'...
building '/nix/store/zcqwlj6ia81szd0y14yvjmar1jrhqi1v-cargo-package-gl_generator-0.14.0.drv'...
building '/nix/store/6dsp5f1vcni1q74dg9jrk5kpfr4r712k-cargo-package-glam-0.14.0.drv'...
building '/nix/store/6ky5smcjscm6f38z82f7kncj24p5sxcx-cargo-src-glam-0.15.2.drv'...
building '/nix/store/hjzgjr4hjs5j6d248mnq6dcyqj917f2b-cargo-src-glam-0.16.0.drv'...
building '/nix/store/f6f8s892fc1mlgxv2h7fa5ykgrj2p084-cargo-src-glam-0.17.3.drv'...
building '/nix/store/wvg1c4wvnmsckvfmk0a7gi4fk72r7gf5-cargo-package-glam-0.15.2.drv'...
building '/nix/store/p7j1v8x8yq2bhnjl5hqk21xv5xxjrrx8-cargo-package-glam-0.16.0.drv'...
building '/nix/store/snw93196zxi6ifji713rd3bhdhh6wp83-cargo-package-glam-0.17.3.drv'...
building '/nix/store/k2acmsfy04jz96y4wglbw2da3nzrhwys-cargo-src-glam-0.18.0.drv'...
building '/nix/store/n991z7qmdkmrv3nbhya3qracxmx4jnm6-cargo-src-glam-0.19.0.drv'...
building '/nix/store/qpqrzycq58pbdmk7iwf1dzr5cgfplgf7-cargo-src-glam-0.20.5.drv'...
building '/nix/store/lkxllr7dcj5d020x6x8fybfv0r987da2-cargo-package-glam-0.18.0.drv'...
building '/nix/store/qx20z2mf20zx758yk0sawx02nv99b9qz-cargo-package-glam-0.19.0.drv'...
building '/nix/store/6fzxz0wm7vzx44zpnzvfjnpbw75bryz9-cargo-package-glam-0.20.5.drv'...
building '/nix/store/jxlan2vyqp56ji9684l85889sam98cyb-cargo-src-glam-0.21.3.drv'...
building '/nix/store/jvc5jfj5qh43l2pk2hywpak8kz0xq1wa-cargo-src-glam-0.22.0.drv'...
building '/nix/store/xvbyvc82p3m5g2ybprsn8m9rq0icjbs0-cargo-src-glam-0.23.0.drv'...
building '/nix/store/6hiq7cmcc6zld75w0wpwynfjgxsa4ddn-cargo-package-glam-0.21.3.drv'...
building '/nix/store/rrq2z89i8dgksvvgv8hbs4n88amipxbb-cargo-package-glam-0.22.0.drv'...
building '/nix/store/pl514cf525jamhyxc0hgsd5dgci8cqky-cargo-package-glam-0.23.0.drv'...
building '/nix/store/afpcn6a5pb3jkr64l3wy2zpagq31mlxy-cargo-src-glam-0.24.2.drv'...
building '/nix/store/0vqj1zy09vpxnliqqsmphgxhpxhb6zz6-cargo-src-glam-0.25.0.drv'...
building '/nix/store/xx3n3kdvgskr9idsayv130hcl88ks2fv-cargo-src-glam-0.27.0.drv'...
building '/nix/store/zvvplkjhs2ps03jjlin60y85vnng206l-cargo-package-glam-0.24.2.drv'...
building '/nix/store/m105z3nmkfc1ffnv51g7nyg7w8hbfmfj-cargo-package-glam-0.25.0.drv'...
building '/nix/store/jr5nm0pqj948agxkqr28b4krp5hv5230-cargo-package-glam-0.27.0.drv'...
building '/nix/store/nz3b28zc4xrhg70g8s6d3f2ndwi4kh3b-cargo-src-glam-0.28.0.drv'...
building '/nix/store/n322364x5ycw19h8nl00h5svsshqvgpm-cargo-src-glam-0.29.3.drv'...
building '/nix/store/xd0i1hiwsw3a7cc164q51ik5d84wzwh5-cargo-src-glam-0.30.10.drv'...
building '/nix/store/3dxz5pf5jiqdl91rz48rasfhaa3br38r-cargo-package-glam-0.28.0.drv'...
building '/nix/store/d00knylsbifyjzgl0vnlmxv214rzyzv8-cargo-package-glam-0.29.3.drv'...
building '/nix/store/dsxlmvw10s2jc154lam2vfnrslmvsqbx-cargo-package-glam-0.30.10.drv'...
building '/nix/store/p65fgnahr19p5ss6pw0xp1xmhphbnlmj-cargo-src-glam-0.31.1.drv'...
building '/nix/store/r5ivazhjqw9wb4q5dz0vvhb4fpjysnlj-cargo-src-glam-0.32.1.drv'...
building '/nix/store/bwg5r4g69i3qifcypbdzlli1w8cbs7yc-cargo-src-glow-0.16.0.drv'...
building '/nix/store/pm1dv3cw2qddirwl3s3x5anmy6c75778-cargo-package-glam-0.31.1.drv'...
building '/nix/store/hxkx1kqialnjfq08r6b5by2w6dkh2p4d-cargo-package-glam-0.32.1.drv'...
building '/nix/store/nhlyqw5mxx39v2gdjbkh0w0xwcgrd139-cargo-package-glow-0.16.0.drv'...
building '/nix/store/jigrjhpyqrjqpq3nv18qbaaxahgp9xjn-cargo-src-glutin_wgl_sys-0.6.1.drv'...
building '/nix/store/wic0sd6zbmgwxsqhnfjsyqbv6fpkpf9y-cargo-src-gpu-alloc-0.6.0.drv'...
building '/nix/store/7d3864qx1kkkxanawrqiy1m7fcg4qqqd-cargo-src-gpu-alloc-types-0.3.0.drv'...
building '/nix/store/q6m12lkxxz5r8naa7wg1cxyglnlpm60h-cargo-package-glutin_wgl_sys-0.6.1.drv'...
building '/nix/store/qq8l17vc9xnrlvfspd2lq1lkr1gnpwsk-cargo-package-gpu-alloc-0.6.0.drv'...
building '/nix/store/7zfh9xwpl2fa3q0wpwa592g5qfwcbg61-cargo-package-gpu-alloc-types-0.3.0.drv'...
building '/nix/store/z4c4iwjdkvyrjqicssac1ynzqjzwb5sq-cargo-src-gpu-allocator-0.27.0.drv'...
building '/nix/store/j56vaz8lg6nj772m1mlh6sf3nbj0pkas-cargo-src-gpu-descriptor-0.3.2.drv'...
building '/nix/store/agyfg6yimn5mryvi4m7f7i7rdzrv2cf9-cargo-src-gpu-descriptor-types-0.2.0.drv'...
building '/nix/store/1qz40jdlb8y1g6kw8x1lzr3sfqfpfif6-cargo-package-gpu-allocator-0.27.0.drv'...
building '/nix/store/zx5iasad7h3wk768xp7cdzcrz8c11h6l-cargo-package-gpu-descriptor-0.3.2.drv'...
building '/nix/store/wk794rjcrr4l47dk09xspn8x3z2nrkfh-cargo-package-gpu-descriptor-types-0.2.0.drv'...
building '/nix/store/pnq9x4rb3z449mnnfkv46klx41a4gp2q-cargo-src-guillotiere-0.6.2.drv'...
building '/nix/store/wm31mqw3ch3xsp65flw7v9qw8xsh9rpf-cargo-src-half-2.7.1.drv'...
building '/nix/store/an4i5wbmdamwk82cwks9padr4x6fyygs-cargo-src-harfrust-0.3.2.drv'...
building '/nix/store/i5iajb8z30rl09n8d2nf13rfn72s9p9c-cargo-package-guillotiere-0.6.2.drv'...
building '/nix/store/0z72w06np8kp9k42948zrq6rz6wx4imq-cargo-package-half-2.7.1.drv'...
building '/nix/store/grlcvin0r5d69i96n5s88n8si27ixj7h-cargo-package-harfrust-0.3.2.drv'...
building '/nix/store/rxzakbsyhivbnbxl0kly8q2cn8gfa39q-cargo-src-hexf-parse-0.2.1.drv'...
building '/nix/store/4p1rpj5il3p7lhqnjw1p9bp197lwdgaz-cargo-src-hybrid-array-0.4.10.drv'...
building '/nix/store/54ri1z7iz689gadcw9iqf4x37wfsyi6n-cargo-src-iced-0.14.0.drv'...
building '/nix/store/myszk19l4wg0iwnii09f94prrwrjz35d-cargo-package-hexf-parse-0.2.1.drv'...
building '/nix/store/sbawls6qml63wqry3lgk5nlssyyaax4s-cargo-package-hybrid-array-0.4.10.drv'...
building '/nix/store/gmiis8axvgjk0ny5g8rqid77pzhbici5-cargo-package-iced-0.14.0.drv'...
building '/nix/store/gmqj109ngjlflqhmxw6dal36bv039vwg-cargo-src-iced_core-0.14.0.drv'...
building '/nix/store/kff2x0567ciaf31dimq9xf8j0cbh5wl8-cargo-src-iced_debug-0.14.0.drv'...
building '/nix/store/s25zivq2hb3d2iiwayxp82kiiwcwhh4p-cargo-src-iced_futures-0.14.0.drv'...
building '/nix/store/dla2iml2xz0by4zm26ncav9iz5jq8zdj-cargo-package-iced_core-0.14.0.drv'...
building '/nix/store/jg000h0z6p05a52bxb44xmpl05m8grc6-cargo-package-iced_debug-0.14.0.drv'...
building '/nix/store/wakggk5074h3ig5ylrzjkrxh0l835h27-cargo-package-iced_futures-0.14.0.drv'...
building '/nix/store/m5h3wg0rd55wirvn521z7vhwms6y9sqk-cargo-src-iced_graphics-0.14.0.drv'...
building '/nix/store/jmg8067dh80cv801s1j2lrrhyzaxsp46-cargo-src-iced_program-0.14.0.drv'...
building '/nix/store/5dlcby8qc855s6vxfcw4b69p09vddjkr-cargo-src-iced_renderer-0.14.0.drv'...
building '/nix/store/lhdbm603sp6889hkfnvxqaalnk2mjrsw-cargo-package-iced_graphics-0.14.0.drv'...
building '/nix/store/w3f4wrip2hwiynn2p2gk91gzy2f828zv-cargo-package-iced_program-0.14.0.drv'...
building '/nix/store/qmkf6g8vyywj35zvxvig63vhv4l1wnjw-cargo-package-iced_renderer-0.14.0.drv'...
building '/nix/store/q571cmi7p7y1693l4j1nyq2cyhc1zv01-cargo-src-iced_runtime-0.14.0.drv'...
building '/nix/store/fqc07yj52njvi41hhzqqlyfh3jmf8yy6-cargo-src-iced_tiny_skia-0.14.0.drv'...
building '/nix/store/7mmp7412rd0h1walmv8h0iwnsrnlr3pr-cargo-src-iced_wgpu-0.14.0.drv'...
building '/nix/store/6d833lbnim6y1c3hqyc7q6n227s6sa6i-cargo-package-iced_runtime-0.14.0.drv'...
building '/nix/store/v50iknl6vmf97v3y7vns83khzgg7gmml-cargo-package-iced_tiny_skia-0.14.0.drv'...
building '/nix/store/59jw5snqg8afz8zs7z6v90phn2rmyqhb-cargo-package-iced_wgpu-0.14.0.drv'...
building '/nix/store/n1g5crq8pkpq4gi3c6di1am8rcljqh3y-cargo-src-iced_widget-0.14.2.drv'...
building '/nix/store/78k1qiiz7v3w49jrqwij77wm3bvlmfh7-cargo-src-iced_winit-0.14.0.drv'...
building '/nix/store/59x467mz26679i0akfd72g7ynjy8pjgj-cargo-src-image-0.25.10.drv'...
building '/nix/store/6i1k5y19q076j8142r2qyqsf4b7p07kj-cargo-package-iced_widget-0.14.2.drv'...
building '/nix/store/lgwyg9iij4ppl75hd5ab7mpl9q44ywgm-cargo-package-iced_winit-0.14.0.drv'...
building '/nix/store/5w0l400y2nmrlrcmqv2dbk5iqxjvk9sz-cargo-package-image-0.25.10.drv'...
building '/nix/store/i3jbvk5xi70jpdmq74xrqp64wj00www1-cargo-src-image-webp-0.2.4.drv'...
building '/nix/store/p7p3j2l7xqlllwlq8sw690dzd56pihm2-cargo-src-imageproc-0.26.1.drv'...
building '/nix/store/rp5p046gpgfiahckkgdvv00hxfjcmrnb-cargo-src-imgref-1.12.0.drv'...
building '/nix/store/6ql3glncajqim72axxam9aig8m6vh4sd-cargo-package-image-webp-0.2.4.drv'...
building '/nix/store/7mbp2jrkar3hjzhzvvn8piw8dmqraa4p-cargo-package-imageproc-0.26.1.drv'...
building '/nix/store/6rkhzfpixavbs5zva84z42zpkcln7ygi-cargo-package-imgref-1.12.0.drv'...
building '/nix/store/31slw5ljqbv1j521z9kkrzi8klfx19mj-cargo-src-indexmap-2.13.0.drv'...
building '/nix/store/2aqjr2grdmkkxl68fmdap753fxf77xvq-cargo-src-inout-0.2.2.drv'...
building '/nix/store/n84zwq6m6603aaf2vpyiq5kgidij14l7-cargo-src-interpolate_name-0.2.4.drv'...
building '/nix/store/kwam0bki7l35zjxrgzn9z8p3sqdfz589-cargo-package-indexmap-2.13.0.drv'...
building '/nix/store/6d4pr2pf5hxvnbsdrvvr2qg373xnhlmd-cargo-package-inout-0.2.2.drv'...
building '/nix/store/wylgf9pxcjmmgzrvsmfqzs5ljgzy0nyk-cargo-package-interpolate_name-0.2.4.drv'...
building '/nix/store/lhd2r8lnyj135x3y9dj5rsv1a1rg9jx4-cargo-src-jiff-0.2.23.drv'...
building '/nix/store/dr0xjxvimcn8q9pfcashkb5bs1pcjwr0-cargo-src-jiff-static-0.2.23.drv'...
building '/nix/store/ps1p5j1dd6nfkdy54whrn03if03mqkh0-cargo-src-jni-0.21.1.drv'...
building '/nix/store/w8sj2nsn0rbvlzw6h85qjz9l99sm4pkb-cargo-package-jiff-0.2.23.drv'...
building '/nix/store/8mr8w78fkq64y43c02hcijxzia660ri8-cargo-package-jiff-static-0.2.23.drv'...
building '/nix/store/5asj6iraaq5is64lxszvbib2d93s2vba-cargo-package-jni-0.21.1.drv'...
building '/nix/store/fvnndbfkqrwiz448r2lccb0i8qizv3my-cargo-src-jni-sys-0.3.1.drv'...
building '/nix/store/4pzgr2jj1gf18s7slg7xck6358bdacl3-cargo-src-js-sys-0.3.94.drv'...
building '/nix/store/dpcds7d0mmsy5l0znp1qkd9w8k2l675q-cargo-src-kamadak-exif-0.6.1.drv'...
building '/nix/store/gq47x2ybywvlvh1wchlsxcivcr2208ib-cargo-package-jni-sys-0.3.1.drv'...
building '/nix/store/kwwb5xsa40kipcx0x2riifj7nn4bi1gg-cargo-package-js-sys-0.3.94.drv'...
building '/nix/store/9hn1c38235lj6i2wjmq4013xi3wd3b2q-cargo-package-kamadak-exif-0.6.1.drv'...
building '/nix/store/qx25qkkiix7dfgf22jx5k58ddck92y1a-cargo-src-khronos-egl-6.0.0.drv'...
building '/nix/store/lc7xbd3f7jls90lyvggnx239fgx2mqsk-cargo-src-khronos_api-3.1.0.drv'...
building '/nix/store/rzvfwr8hf7rzw8ksqs9dmw0ivadbnhxf-cargo-src-ksni-0.3.3.drv'...
building '/nix/store/yscsaxx0c68byv8q6fsp79h6hdqc30kf-cargo-package-khronos-egl-6.0.0.drv'...
building '/nix/store/s9ikd2zbcr7kriy8g7m1jifq7z5wzd0v-cargo-package-khronos_api-3.1.0.drv'...
building '/nix/store/gik7jidj15v5vgbqvy02ccklgja58xh8-cargo-package-ksni-0.3.3.drv'...
building '/nix/store/612x18a9l1ga78qi68yk3c3c31mxl4i9-cargo-src-kurbo-0.10.4.drv'...
building '/nix/store/1yn0b5r8lwi85iz7nd00zl31xysa7q13-cargo-src-lebe-0.5.3.drv'...
building '/nix/store/j120cgd78fk60pzghbabhhr8wnnzsqfg-cargo-src-libc-0.2.184.drv'...
building '/nix/store/hmj5g0sg4n80jxw4pwhy0z3qi2idl00i-cargo-package-kurbo-0.10.4.drv'...
building '/nix/store/0b9xvsdbfk5cl8pk96rsc5ima0xrqbm5-cargo-package-lebe-0.5.3.drv'...
building '/nix/store/g8ywqggnq5cv2pl1knqjlb2vcdvfbqv9-cargo-package-libc-0.2.184.drv'...
building '/nix/store/5sj9cb3fi1riwm8n6mgp5ccmcnwryixp-cargo-src-libdbus-sys-0.2.7.drv'...
building '/nix/store/n89dzr6zgc43wgv6s3kis7rjbdv2v2sm-cargo-src-libfuzzer-sys-0.4.12.drv'...
building '/nix/store/vb2l6a6bvnkfc51mdnqcsliy3q4879b2-cargo-src-libloading-0.8.9.drv'...
building '/nix/store/6x3vqhj822y3xvq0daf3yjy5am95mapn-cargo-package-libdbus-sys-0.2.7.drv'...
building '/nix/store/cip5zlb22325h027klv3j47cpf9dzlyq-cargo-package-libfuzzer-sys-0.4.12.drv'...
building '/nix/store/9sh99qbbnggf9wxsjgvw6cra2ihy9alx-cargo-package-libloading-0.8.9.drv'...
building '/nix/store/2sr3xqy5gv758jjvqsykrfpzxqxm1c1y-cargo-src-libpulse-binding-2.30.1.drv'...
building '/nix/store/a3jjvpmlhxl81ncbv87rlkb4dg2h6jhp-cargo-src-libpulse-sys-1.23.0.drv'...
building '/nix/store/4ykjvy7bh8gysm3ampb6vy67vnchkmmv-cargo-src-libredox-0.1.15.drv'...
building '/nix/store/13i76xfx2a04gjybrvbsrn2f7d36pyaf-cargo-package-libpulse-binding-2.30.1.drv'...
building '/nix/store/pwk35rba4jvnks9riyazjwdw91wk4dlq-cargo-package-libpulse-sys-1.23.0.drv'...
building '/nix/store/405yq85h3zh8s38w3rb2yzjra75l4yb6-cargo-package-libredox-0.1.15.drv'...
building '/nix/store/pnmaf8knlf9hxca0vfax4nvmivldy3a4-cargo-src-lilt-0.8.1.drv'...
building '/nix/store/mffjq0z2pd491jy348c4g7nkimd4n5va-cargo-src-linebender_resource_handle-0.1.1.drv'...
building '/nix/store/svaab0q3vdr9i7hkllzjw6pka8p56hpx-cargo-src-litrs-1.0.0.drv'...
building '/nix/store/j2y38vrxkyz4ak4lbb204x8hfxb67xsz-cargo-package-lilt-0.8.1.drv'...
building '/nix/store/ilcwhyj8vk9zrxffc0l61z5jzyj81b6f-cargo-package-linebender_resource_handle-0.1.1.drv'...
building '/nix/store/qvihlb7m6qg21zajbzi1721v1218ar84-cargo-package-litrs-1.0.0.drv'...
building '/nix/store/z87vplk52z6va1g5628cdl5bjihks83q-cargo-src-loop9-0.1.5.drv'...
building '/nix/store/b1phfkpwbg8pvn6awiyz25kjxy77y30r-cargo-src-lru-0.16.3.drv'...
building '/nix/store/2rmzl9simz3h5lcrnr83cxlsxm815apf-cargo-src-macaddr-1.0.1.drv'...
building '/nix/store/7m36j1iqa782p5fz4m686v7zavsldzsb-cargo-package-loop9-0.1.5.drv'...
building '/nix/store/h1mxqr9j39ri05bfp70kd5m5jz5qkpws-cargo-package-lru-0.16.3.drv'...
building '/nix/store/01q7k784b7bbfiv9kdbafd3pp69i4rwr-cargo-package-macaddr-1.0.1.drv'...
building '/nix/store/8m67hjs8cd2c1b2d1nf43j8nz3pdz2hp-cargo-src-malloc_buf-0.0.6.drv'...
building '/nix/store/g36bavb6j488vzzfa3i60zrhm3fd2kl3-cargo-src-matrixmultiply-0.3.10.drv'...
building '/nix/store/hdb2q8x5ifnaypbi6vkd8phn9yqrfhia-cargo-src-maybe-rayon-0.1.1.drv'...
building '/nix/store/xkpgm7gfhqlvh7cd3m395g9x054f8kg3-cargo-package-malloc_buf-0.0.6.drv'...
building '/nix/store/5a556qfyzjy2r50myzzs1ddsbfkc0vjl-cargo-package-matrixmultiply-0.3.10.drv'...
building '/nix/store/kw2ch75d4yjvn095vxkzifw8vxz29n7x-cargo-package-maybe-rayon-0.1.1.drv'...
building '/nix/store/s3k8pk7dqc10mygw5vcqdma4kzgw2glj-cargo-src-metal-0.32.0.drv'...
building '/nix/store/rgcbl9lvihjkavnpwk7f5s8bmzi2k4c4-cargo-src-moxcms-0.8.1.drv'...
building '/nix/store/qm54inl54jh22z065qmrfbhrnpxzh2n3-cargo-src-mundy-0.2.2.drv'...
building '/nix/store/g5186f6y5kzak20zqvyfvzifh4xdlmhj-cargo-package-metal-0.32.0.drv'...
building '/nix/store/6vd18yhv5fsggixrssykndrcdif6wlsp-cargo-package-moxcms-0.8.1.drv'...
building '/nix/store/c1sb5fmyb9njmn5hr96f8mnqz9pvz4xc-cargo-package-mundy-0.2.2.drv'...
building '/nix/store/2wxzdp3hrp5xj806gv3bd000w0l1b9h9-cargo-src-mutate_once-0.1.2.drv'...
building '/nix/store/db8kvkik3892a374pc5kw3qimzkygpnm-cargo-src-naga-27.0.3.drv'...
building '/nix/store/n4050vqhjjpgjjd17sb8snkf70yiii4k-cargo-src-nalgebra-0.34.2.drv'...
building '/nix/store/qx267j5a57i24vlvz4ayb31i52w73b9i-cargo-package-mutate_once-0.1.2.drv'...
building '/nix/store/gav8yq0y0dskrx8xa4hbz61m3887fjxv-cargo-package-naga-27.0.3.drv'...
building '/nix/store/5dlxphpkypap44r5fwn47kgwb7xwnrzj-cargo-package-nalgebra-0.34.2.drv'...
building '/nix/store/hmq0qqg2n1h5kc7xjqmc2g6p7g4vdxfd-cargo-src-ndk-0.9.0.drv'...
building '/nix/store/cbfyk9g722gk11zhxbzckls63dy8yafw-cargo-src-ndk-context-0.1.1.drv'...
building '/nix/store/brixc035ky32lpijgz7b0s8z8a7v7yfc-cargo-src-ndk-sys-0.6.0+11769913.drv'...
building '/nix/store/vr5f4fqnnlcpha7rcqihqpc0sxkr6gsv-cargo-package-ndk-0.9.0.drv'...
building '/nix/store/0m5v236wx316jk0c73fl2p2xz81ljmx1-cargo-package-ndk-context-0.1.1.drv'...
building '/nix/store/gzcwawrfrsr30klvlikzf3mg5n5059k5-cargo-package-ndk-sys-0.6.0+11769913.drv'...
building '/nix/store/bx9rf2k1z08ksrqzwvm0c3gb66b1j8cj-cargo-src-nom-8.0.0.drv'...
building '/nix/store/lvr7xmqnx4mpw5hfkra93zmkijylrhla-cargo-src-noop_proc_macro-0.3.0.drv'...
building '/nix/store/q7hiz6dr5fxxxa0sj524j9n8wc7la4m2-cargo-src-num-0.4.3.drv'...
building '/nix/store/5dwaz4zd8h0bs9h0qwirac8gbg50by66-cargo-package-nom-8.0.0.drv'...
building '/nix/store/n7fvyxfhvw9dgablr24n3j65dwhlww3f-cargo-package-noop_proc_macro-0.3.0.drv'...
building '/nix/store/4ac3k3x4p3gd4mz4c5n8bzfbsj2lbvg2-cargo-package-num-0.4.3.drv'...
building '/nix/store/w8y2zz9pm1jiyi588gdh147spx3v511m-cargo-src-num-bigint-0.4.6.drv'...
building '/nix/store/bls647zn9sk3f4vcf1fn84jqrrcrcy81-cargo-src-num-complex-0.4.6.drv'...
building '/nix/store/n016xg8qdvk8wa18jf8vh0345w529qyz-cargo-src-num-derive-0.4.2.drv'...
building '/nix/store/4y37w8v87266irfpzlzxi94n7xyk38wy-cargo-package-num-bigint-0.4.6.drv'...
building '/nix/store/ynqyrsyn63kdf1jhrx3c5g8h3pgss8jd-cargo-package-num-complex-0.4.6.drv'...
building '/nix/store/cy5qsvviab3lgk5v324byvys4i3rr7i0-cargo-package-num-derive-0.4.2.drv'...
building '/nix/store/n1pkxc6w384c621kyjzciglgli5hd1z0-cargo-src-num-rational-0.4.2.drv'...
building '/nix/store/f1b1p7ya0wqli7qln7ri5yw3xh154m1l-cargo-src-objc-0.2.7.drv'...
building '/nix/store/kyydqby7f4q1lscmij6gx9qn4n10h2g3-cargo-src-objc-sys-0.3.5.drv'...
building '/nix/store/xjvqgyan1yc92alvc842vl3f80a2y5qg-cargo-package-num-rational-0.4.2.drv'...
building '/nix/store/ggmvm1dwfig9gwk3c3avg8992a3fma7z-cargo-package-objc-0.2.7.drv'...
building '/nix/store/mpw3866j9bh34iqmas999l1bsvd3gag3-cargo-package-objc-sys-0.3.5.drv'...
building '/nix/store/qdlcx1vsjfb29bkkzr96pxg7firfxyi5-cargo-src-objc2-0.5.2.drv'...
building '/nix/store/79hmmjgjy4qd6yl10095i7qqqjlfvyn0-cargo-src-objc2-0.6.4.drv'...
building '/nix/store/j80kdinqh2w3vdwc2sahf1xm3pkzxmpd-cargo-src-objc2-app-kit-0.2.2.drv'...
building '/nix/store/2p4g4i01n3xg1ik5x8qlwzbwm3qc6pbw-cargo-package-objc2-0.5.2.drv'...
building '/nix/store/f43fl2gi4zyxg2xl25kws6pggd2a3dd0-cargo-package-objc2-0.6.4.drv'...
building '/nix/store/kbmd27ch9cx6hw17586mm67d63j9fnfi-cargo-package-objc2-app-kit-0.2.2.drv'...
building '/nix/store/5ybyn53362j0qdrnx6cm86f16kbfkqd2-cargo-src-objc2-app-kit-0.3.2.drv'...
building '/nix/store/9v129xzg0z10gyhi1p1h5why17z4k2zc-cargo-src-objc2-cloud-kit-0.2.2.drv'...
building '/nix/store/v0yq4vfbws3mbx28219mavjbyfbz7w5h-cargo-src-objc2-cloud-kit-0.3.2.drv'...
building '/nix/store/gqwfnxmv4mihr0sgn98imml54ykl4fnw-cargo-package-objc2-app-kit-0.3.2.drv'...
building '/nix/store/lx9vr66pc25pyp5j8k0zmhrx89a19jfh-cargo-package-objc2-cloud-kit-0.2.2.drv'...
building '/nix/store/q3b4g6b7d990644rly48szx86w87wn9w-cargo-package-objc2-cloud-kit-0.3.2.drv'...
building '/nix/store/cgxny1i7c17q9zby6c13j6rc6j82vw2c-cargo-src-objc2-contacts-0.2.2.drv'...
building '/nix/store/lm9wba3llcbx9kffw4cspcv0czrrns9k-cargo-src-objc2-core-data-0.2.2.drv'...
building '/nix/store/479cg7scqrcshcsmjzjiwdzvvl71zhp1-cargo-src-objc2-core-data-0.3.2.drv'...
building '/nix/store/z7fbyn5g9zpbk1aq596v06gyhgwzxfjn-cargo-package-objc2-contacts-0.2.2.drv'...
building '/nix/store/nq2874c4ym6hm3nnrfp63d4and4i9sjw-cargo-package-objc2-core-data-0.2.2.drv'...
building '/nix/store/qrd2vdpzk3fhmx8yfbjandvdc0nc2q4x-cargo-package-objc2-core-data-0.3.2.drv'...
building '/nix/store/k62jpbilzma89cx0gmikk0b1xj5z4pqq-cargo-src-objc2-core-graphics-0.3.2.drv'...
building '/nix/store/dygl7bhaw77rnva1x61fngiwyg2yaj0w-cargo-src-objc2-core-image-0.2.2.drv'...
building '/nix/store/182y7ikaaic5ffx39q0sh0h3cr2624f4-cargo-src-objc2-core-image-0.3.2.drv'...
building '/nix/store/0i57dx63y20mkh8v0yrcmjab5i7dd0ha-cargo-package-objc2-core-graphics-0.3.2.drv'...
building '/nix/store/v82m4n155pvl1wmsykcylapj6yhsfjap-cargo-package-objc2-core-image-0.2.2.drv'...
building '/nix/store/7nyvazc0h499snqkbd1wqszjd3c3d7mp-cargo-package-objc2-core-image-0.3.2.drv'...
building '/nix/store/w8aglw70naimp325qfj5zd1dkzwffwsp-cargo-src-objc2-core-location-0.2.2.drv'...
building '/nix/store/nf4pnj77lcmh2d99q6n1f3a0w10k8l6j-cargo-src-objc2-core-text-0.3.2.drv'...
building '/nix/store/dm3jpfw9azx4jnfqi7fh2l5qrl3x5qc1-cargo-src-objc2-core-video-0.3.2.drv'...
building '/nix/store/2fdkk9pygm6cr391vg3m3s89a16phb3v-cargo-package-objc2-core-location-0.2.2.drv'...
building '/nix/store/hwjqr4b5jwniyx9ib7v07rl1vixp6p6a-cargo-package-objc2-core-text-0.3.2.drv'...
building '/nix/store/dpqlbwi9mkjlm981jnh958p317si90qh-cargo-package-objc2-core-video-0.3.2.drv'...
building '/nix/store/m9iz4dls52wixjj75vrq3mcwncg1waw5-cargo-src-objc2-encode-4.1.0.drv'...
building '/nix/store/3639ycd1cvsvkpcm5mrxszjfxixvm3ai-cargo-src-objc2-foundation-0.2.2.drv'...
building '/nix/store/33i56smmcf4xssrqjjnl7kyj6726srrv-cargo-src-objc2-foundation-0.3.2.drv'...
building '/nix/store/i3vf6wmvn39q3nh9aa190rxi86mnkxvr-cargo-package-objc2-encode-4.1.0.drv'...
building '/nix/store/yh16qxqk4vyh1lfz66palzr6j7adxkqg-cargo-package-objc2-foundation-0.2.2.drv'...
building '/nix/store/k328g7srp5rrk0249nvd8qhr9axhijiy-cargo-package-objc2-foundation-0.3.2.drv'...
building '/nix/store/sfyy41b2zxi2051m82ig1203j9hxqgs7-cargo-src-objc2-io-surface-0.3.2.drv'...
building '/nix/store/gza1r1g26pk8za24irsq99w15r9cj902-cargo-src-objc2-link-presentation-0.2.2.drv'...
building '/nix/store/y5nik0jhljvykw5kpzwjn4pmz5n0jyq0-cargo-src-objc2-metal-0.2.2.drv'...
building '/nix/store/05b49afvdav8idjq1wzd8zk8d29dz58p-cargo-package-objc2-io-surface-0.3.2.drv'...
building '/nix/store/4z47zwyda9vpzcihfpkvd6w36a0lg6v1-cargo-package-objc2-link-presentation-0.2.2.drv'...
building '/nix/store/w0z0q55qx4cvi3snr9hpbz3n9qkzypw1-cargo-package-objc2-metal-0.2.2.drv'...
building '/nix/store/l062nnfrv8sq1lanzygaqiqsg84cw537-cargo-src-objc2-quartz-core-0.2.2.drv'...
building '/nix/store/6w96f1hl2f7rv6zz8sxli8anl2idv3cx-cargo-src-objc2-quartz-core-0.3.2.drv'...
building '/nix/store/1zk4ir8ybch9nyp5i4hn8ajbcq120k5g-cargo-src-objc2-symbols-0.2.2.drv'...
building '/nix/store/026vj1y9r7psn4asha7w9w7cjqdmpnsr-cargo-package-objc2-quartz-core-0.2.2.drv'...
building '/nix/store/z95p9pvil3z6ywbw7nhw1yaswj2jymnr-cargo-package-objc2-quartz-core-0.3.2.drv'...
building '/nix/store/0k6al8qyd0hi0gbbryp02wrjhxrqzbgg-cargo-package-objc2-symbols-0.2.2.drv'...
building '/nix/store/8k6bj6l7va35rynwfi565vmv2a11yy9m-cargo-src-objc2-ui-kit-0.2.2.drv'...
building '/nix/store/xa6c3zl73a4n0zk2lr9l0l5kpwqhbpc2-cargo-src-objc2-uniform-type-identifiers-0.2.2.drv'...
building '/nix/store/rfcmlpdlzah394ms66zf2cc4s3visx58-cargo-src-objc2-user-notifications-0.2.2.drv'...
building '/nix/store/4c7xmrmc9n6qasldz80ysfsjzl7zalvh-cargo-package-objc2-ui-kit-0.2.2.drv'...
building '/nix/store/0xy80m071jk1kpfjak73mnk4v09fxkbl-cargo-package-objc2-uniform-type-identifiers-0.2.2.drv'...
building '/nix/store/3db73lw2i38x6c1g07ks7zhmy7hvvc7v-cargo-package-objc2-user-notifications-0.2.2.drv'...
building '/nix/store/di78z0b6mnmsllf7wb4rx3k55khizdvr-cargo-src-orbclient-0.3.51.drv'...
building '/nix/store/bgl11w5sfqpr5gjk182ir3551hyasqhg-cargo-src-ordered-stream-0.2.0.drv'...
building '/nix/store/0a3a9gyn7021xvm6ajabqwcqxv2l6qa6-cargo-src-owned_ttf_parser-0.25.1.drv'...
building '/nix/store/dhpnyzld4qm77nc45z4jznrkxxdxncnn-cargo-package-orbclient-0.3.51.drv'...
building '/nix/store/5a1109xllfhvxc243iprcv7496vpvhyw-cargo-package-ordered-stream-0.2.0.drv'...
building '/nix/store/r5n4l3rybj2rwwgz14xqmpsj38as5w3w-cargo-package-owned_ttf_parser-0.25.1.drv'...
building '/nix/store/6w7am83byi2hxqcshvsr1cinipjnfm9j-cargo-src-pastey-0.1.1.drv'...
building '/nix/store/72qhhzs1sdwwyw6vqbw9a5zby7ha0gqq-cargo-src-pastey-0.2.1.drv'...
building '/nix/store/y5i09k7zqv8kwc8i7xb37fg2nq6rsi10-cargo-src-pin-project-1.1.11.drv'...
building '/nix/store/xagvpim7k9pz4mgcy4vmyml5y07bxcj0-cargo-package-pastey-0.1.1.drv'...
building '/nix/store/cpmnz0lf089n0p8hy8m13g1xlljqdnw1-cargo-package-pastey-0.2.1.drv'...
building '/nix/store/532kg8m7micxzshrh0f6bjba5csq5d0k-cargo-package-pin-project-1.1.11.drv'...
building '/nix/store/xy9z0zf95vv04df4xs3q1b1rzspgydvd-cargo-src-pin-project-internal-1.1.11.drv'...
building '/nix/store/4yjqcq2nn1rllsr91namha416ib7chl4-cargo-src-piper-0.2.5.drv'...
building '/nix/store/mrppd1nylns5rsznhgmn93bk1x94m46q-cargo-src-png-0.18.1.drv'...
building '/nix/store/mi85nfpnailk3r52lk95pfspz2hv11gy-cargo-package-pin-project-internal-1.1.11.drv'...
building '/nix/store/1bwll9mr9bivb4c6dbrj4bxpyh2w8j0r-cargo-package-piper-0.2.5.drv'...
building '/nix/store/is3i8al43hhqrmb9rnhklq1lfz26b2g5-cargo-package-png-0.18.1.drv'...
building '/nix/store/fnmn5jffk6ybp0y653dp9qqd237b42bz-cargo-src-polling-3.11.0.drv'...
building '/nix/store/dyi0ygv18k6pqjh291wria5z0c4cpldj-cargo-src-portable-atomic-util-0.2.6.drv'...
building '/nix/store/alrdzk5am92agx2j1mbk9gik6zbgf0bi-cargo-src-presser-0.3.1.drv'...
building '/nix/store/agcbhxbb5qd9rqm60m1n3f3h6as1szqi-cargo-package-polling-3.11.0.drv'...
building '/nix/store/hkganvrrk06m14wlpqzw0ra0zlsp9iq9-cargo-package-portable-atomic-util-0.2.6.drv'...
building '/nix/store/srgx7yvy3s2pgw2cay98106lqi6fzplf-cargo-package-presser-0.3.1.drv'...
building '/nix/store/l6n8im5ciry9mmyk8yfs5lxcg5py61z7-cargo-src-primal-check-0.3.4.drv'...
building '/nix/store/4af4mn6y2ib6wxy0p2c6gblj07lfckx7-cargo-src-profiling-1.0.17.drv'...
building '/nix/store/a4b5v7hs5rys122j7q263sr2fbyfaba5-cargo-src-profiling-procmacros-1.0.17.drv'...
building '/nix/store/z6f449cd9dsdw1vxm87bb9705ar48a81-cargo-package-primal-check-0.3.4.drv'...
building '/nix/store/327pp2cx722x8l52cc9jy59hlhkfi3dj-cargo-package-profiling-1.0.17.drv'...
building '/nix/store/09s03xk3vk2iyg00c26idcs6hha2459w-cargo-package-profiling-procmacros-1.0.17.drv'...
building '/nix/store/sg6mr2f6wmlk7x48xzmizw3xdy2bh3w7-cargo-src-pxfm-0.1.28.drv'...
building '/nix/store/jpmc00xh16x5ms6cbjczy78nv5vv73cn-cargo-src-qoi-0.4.1.drv'...
building '/nix/store/d26k5jvcjsp47g8h00c1x8ga759rm3jk-cargo-src-quick-error-2.0.1.drv'...
building '/nix/store/b3xck56v4y6zvq5qbpy3lk8ns1na1w3p-cargo-package-pxfm-0.1.28.drv'...
building '/nix/store/xj2ryhw2bakj7sqhk19fcpckppp1jpg1-cargo-package-qoi-0.4.1.drv'...
building '/nix/store/wq3h4gka3v7lnd65yb0m30az0i54sdpd-cargo-package-quick-error-2.0.1.drv'...
building '/nix/store/jmrbmway3ba0lmhcs1zrfa2sxzzvj5f3-cargo-src-quick-xml-0.39.2.drv'...
building '/nix/store/6f45dwp3vffgjwiycvzbr8gy4c6n4xqc-cargo-src-rand_distr-0.5.1.drv'...
building '/nix/store/zsz3lb1dcyik47vihdnwicvsskmnhj80-cargo-src-range-alloc-0.1.5.drv'...
building '/nix/store/xaa4idbffvzngh81lg63nn2cwd9l61p4-cargo-package-quick-xml-0.39.2.drv'...
building '/nix/store/l91drf6lfkdd5kbcx88jrpl4a10lfnxp-cargo-package-rand_distr-0.5.1.drv'...
building '/nix/store/80hvbxs7aihxaq4cb3j4qc43gbc6skan-cargo-package-range-alloc-0.1.5.drv'...
building '/nix/store/mmpyzxzkdmxbvg0nqwxl9lc6a7w8a7nm-cargo-src-rangemap-1.7.1.drv'...
building '/nix/store/8yww0mb86xrdmjs3wxdpa3bi37mkp7yz-cargo-src-rav1e-0.8.1.drv'...
building '/nix/store/yc6kjai99n6jd6dhyyrk9sxf3ma4fknf-cargo-src-ravif-0.13.0.drv'...
building '/nix/store/ypr1byyjc9la5lmax68qhjix9813nnhk-cargo-package-rangemap-1.7.1.drv'...
building '/nix/store/6sfaz3zi8ciyvn6r21cw0dka7sd2v59y-cargo-package-rav1e-0.8.1.drv'...
building '/nix/store/406157bh3skjpgbr8ii991sz0s99m0m3-cargo-package-ravif-0.13.0.drv'...
building '/nix/store/nb1sgbq7yy9qcivjvgjfrcb22z9grdc5-cargo-src-raw-window-handle-0.6.2.drv'...
building '/nix/store/5b3a43920vfi60cdqr59jkkr7fqrkg0n-cargo-src-rawpointer-0.2.1.drv'...
building '/nix/store/y1a6b0057gkw13akp3bjz8nin6rb7qs5-cargo-src-read-fonts-0.35.0.drv'...
building '/nix/store/vmw1mbrywbwz5cpmvmfas8yn0zm13x19-cargo-package-raw-window-handle-0.6.2.drv'...
building '/nix/store/vrqzq6qghqk0n36hjidjvcn384l4qz6a-cargo-package-rawpointer-0.2.1.drv'...
building '/nix/store/0wrsx6mw1lxbh5r5fl0g2p2ysy1kf6bg-cargo-package-read-fonts-0.35.0.drv'...
building '/nix/store/n6981w7wcbswar7p4a0nrh3bzddhafq5-cargo-src-read-fonts-0.37.0.drv'...
building '/nix/store/m93s3517zlclcdycrxrmi07jalmhs76s-cargo-src-redox_syscall-0.4.1.drv'...
building '/nix/store/y1h2v7dzkfclwq76ywfqw9x2mdip4583-cargo-src-redox_syscall-0.7.3.drv'...
building '/nix/store/9cl09xbvfdz7358gcibrc9pzhzp6dj3w-cargo-package-read-fonts-0.37.0.drv'...
building '/nix/store/ks6nlvwwwi0qjysgyyrli4f75nmp6gpp-cargo-package-redox_syscall-0.4.1.drv'...
building '/nix/store/2m0xd7q91m1bnhmgzsq9c6rb3y90v7h6-cargo-package-redox_syscall-0.7.3.drv'...
building '/nix/store/27y6viryia293dxssj2smi8lwhjb8nfm-cargo-src-renderdoc-sys-1.1.0.drv'...
building '/nix/store/5in91w5gs33c89mnsg60nss9w34y71mm-cargo-src-rgb-0.8.53.drv'...
building '/nix/store/9hcigpf2150xyvy5ynszmivkg5girhgw-cargo-src-roxmltree-0.20.0.drv'...
building '/nix/store/g7bvq71zqr9jnliyf1zqiacyzqzr42yq-cargo-package-renderdoc-sys-1.1.0.drv'...
building '/nix/store/0fyr3qw7gnsvai24qaahzhxydb84558i-cargo-package-rgb-0.8.53.drv'...
building '/nix/store/3xlkbzxlbxplnivbb9dhm317kzhzyzxr-cargo-package-roxmltree-0.20.0.drv'...
building '/nix/store/8hfwvqy3hl44h8196n40yimqb9l8k25w-cargo-src-rustc-hash-1.1.0.drv'...
building '/nix/store/93a18i2bw60ri6kmws58swn6yycr4bxg-cargo-src-rustdct-0.7.1.drv'...
building '/nix/store/cp8kq0r5k65n9yxfgk0fcgx9cs6pwhl5-cargo-src-rustfft-6.4.1.drv'...
building '/nix/store/g4klbiba5kpjxq311kjg52w1pk2wf68c-cargo-package-rustc-hash-1.1.0.drv'...
building '/nix/store/q0h98gcnaif9k0s8aaklq28spnx96b1i-cargo-package-rustdct-0.7.1.drv'...
building '/nix/store/fx8jrikw0zbysnw2j6q908859rarxsxb-cargo-package-rustfft-6.4.1.drv'...
building '/nix/store/d8bhryhwkpwlwiml443qidyndb73nh4m-cargo-src-scoped-tls-1.0.1.drv'...
building '/nix/store/phvv57zxin9vd6vls5hx9wdx57fy5vr4-cargo-src-sctk-adwaita-0.10.1.drv'...
building '/nix/store/38n9nxcd5iib7gvnxv4c27mvmwijrnvk-cargo-src-self_cell-1.2.2.drv'...
building '/nix/store/cwmdqfnsbnpshc32z9rxxw16v7g06qii-cargo-package-scoped-tls-1.0.1.drv'...
building '/nix/store/6a0zsihyxyn8pjdw4wyz9rj72vwrg2i4-cargo-package-sctk-adwaita-0.10.1.drv'...
building '/nix/store/zh77dzzxxff90gn90z4qnm2fshjxh196-cargo-package-self_cell-1.2.2.drv'...
building '/nix/store/9dc25d6l66343grxm30npb4mdlkfz47g-cargo-src-simba-0.9.1.drv'...
building '/nix/store/qhajwjkjxbshd0wrz823c4abk5w61mb9-cargo-src-simd_helpers-0.1.0.drv'...
building '/nix/store/2i91gkngfrp8a11brdqn4da5xhypv73p-cargo-src-skrifa-0.37.0.drv'...
building '/nix/store/csy9f5x5bhs8iyiism85nmfqzddzwx0r-cargo-package-simba-0.9.1.drv'...
building '/nix/store/d69rrk1v7alljacgvp0i5xyjwasik0yi-cargo-package-simd_helpers-0.1.0.drv'...
building '/nix/store/dz0qnm610xiqkxgn09qwb2bzx57kbi89-cargo-package-skrifa-0.37.0.drv'...
building '/nix/store/xyzx525wfp2s81nvy454sfy52z4s4i6s-cargo-src-skrifa-0.40.0.drv'...
building '/nix/store/m8cqs5hq9h0sn6gfi4df3gy3mvy46b7n-cargo-src-slotmap-1.1.1.drv'...
building '/nix/store/2cn2ykk19awbi8ir8dl9r3ysiqwrnwmp-cargo-src-smithay-client-toolkit-0.19.2.drv'...
building '/nix/store/1fccxg1wcw5faq8xnh6l9045pf3m4ala-cargo-package-skrifa-0.40.0.drv'...
building '/nix/store/ah6rppv2ksasw7kjjpjxy0390v0ahrsl-cargo-package-slotmap-1.1.1.drv'...
building '/nix/store/rnp6b4fcq0d8swprpy3fx7fwg98kg9rz-cargo-package-smithay-client-toolkit-0.19.2.drv'...
building '/nix/store/b4gc6d3j8s13va2sxzk9nfnhrpn1k6mc-cargo-src-smithay-client-toolkit-0.20.0.drv'...
building '/nix/store/zdva5369ksvyc8mm55m8is57m4pd41k2-cargo-src-smithay-clipboard-0.7.3.drv'...
building '/nix/store/gbgjh1nbdrqphln4p584lq5lmyl7gyy7-cargo-src-smol_str-0.2.2.drv'...
building '/nix/store/zcbg6lfx98v0b30mci84d9j9sk4llr8a-cargo-package-smithay-client-toolkit-0.20.0.drv'...
building '/nix/store/8r3nprlwv4mk1nci56cg8qj3gvddqjjm-cargo-package-smithay-clipboard-0.7.3.drv'...
building '/nix/store/sbmwr7pdraqnph6rwrcyvmchilpcshc4-cargo-package-smol_str-0.2.2.drv'...
building '/nix/store/ki1n8k7bf634yz88cxbjz03fcddr3yry-cargo-src-softbuffer-0.4.8.drv'...
building '/nix/store/3bir4l7nrd8r4ld5h9r49nq9rdnz74hh-cargo-src-spirv-0.3.0+sdk-1.3.268.0.drv'...
building '/nix/store/qsjnid5qfhkx43d2fnvn9qpc0aa7pkay-cargo-src-strength_reduce-0.2.4.drv'...
building '/nix/store/n3pg2xlyfh2vmmb194kvhzzk0zcl40ax-cargo-package-softbuffer-0.4.8.drv'...
building '/nix/store/vmy5vcg56nf4n17xwg198fdwmf91ll8i-cargo-package-spirv-0.3.0+sdk-1.3.268.0.drv'...
building '/nix/store/wzsnv0568lq6fbphxxasv98gmp19x05j-cargo-package-strength_reduce-0.2.4.drv'...
building '/nix/store/xvm6adgqjq1bf7l5zsrrvq592fwrb9hd-cargo-src-strict-num-0.1.1.drv'...
building '/nix/store/cnm3mw1scr7xhqcry9vx46pl7hrvv5wr-cargo-src-strum-0.26.3.drv'...
building '/nix/store/vckgpg39dijlz1da3ryx5h0k2ym5iqiy-cargo-src-strum_macros-0.26.4.drv'...
building '/nix/store/1jghadij5cblyn9478di47l862qlw3iy-cargo-package-strict-num-0.1.1.drv'...
building '/nix/store/9x491lk8aslskjdfsk5m9g67m9wsicns-cargo-package-strum-0.26.3.drv'...
building '/nix/store/gbxhglw8gd2ql7z13bxy73kavginil11-cargo-package-strum_macros-0.26.4.drv'...
building '/nix/store/0x6kdcnj1vbniy1k0nyk2mxhw6va528a-cargo-src-svg_fmt-0.4.5.drv'...
building '/nix/store/csbjr4g0k6wb36wnrb7n5wj0nvpjranh-cargo-src-swash-0.2.7.drv'...
building '/nix/store/d7mypg3arqv5lczjj9wbbsl4vxhds8wy-cargo-src-sys-locale-0.3.2.drv'...
building '/nix/store/a4cs2laaa5j79i8hw4hlw3cpg6pbbv7a-cargo-package-svg_fmt-0.4.5.drv'...
building '/nix/store/wr2r43fx9ncpnp34zrip2w6807ixpva3-cargo-package-swash-0.2.7.drv'...
building '/nix/store/ww6dz095pp4dj11c9w92411da8ifam4l-cargo-package-sys-locale-0.3.2.drv'...
building '/nix/store/gjs65b67vkr2ls0sl2hs1g5x591l1isc-cargo-src-tiff-0.11.3.drv'...
building '/nix/store/6dzw7zhgg0pf2fbvyyn8c36daf7p062w-cargo-src-tiny-skia-0.11.4.drv'...
building '/nix/store/i8zd3d5p26l1rdws9zrjbshl0ljxszp4-cargo-src-tiny-skia-path-0.11.4.drv'...
building '/nix/store/01sk8xiypcrwrn521gf8dwwjqnrrbkqc-cargo-package-tiff-0.11.3.drv'...
building '/nix/store/fjcjj0g0crsbwyannza0awpq5np06zn5-cargo-package-tiny-skia-0.11.4.drv'...
building '/nix/store/fhygwcm8qg5lnxr8c76smnm677id8wbd-cargo-package-tiny-skia-path-0.11.4.drv'...
building '/nix/store/bgp3izx35q3h8j07i161k9dx03apiasc-cargo-src-tiny-xlib-0.2.4.drv'...
building '/nix/store/bspva6rknf1nirlkdd3z7hr3xf1k1cvq-cargo-src-tokio-1.50.0.drv'...
building '/nix/store/bwfw5p4gizif9l6xiywv7vgw6wvz1sg0-cargo-src-tokio-macros-2.6.1.drv'...
building '/nix/store/3f0aapx7sh676pvbl7s07a72r460b8rx-cargo-package-tiny-xlib-0.2.4.drv'...
building '/nix/store/41v9xbhr3wda1rbzy6vpals95j2mmkw4-cargo-package-tokio-1.50.0.drv'...
building '/nix/store/3b15m341a0pqni97sm0vpfbmqymlz50h-cargo-package-tokio-macros-2.6.1.drv'...
building '/nix/store/qjg3fxy6mvnvhlj50xqqp1gfvahsd7cd-cargo-src-toml_edit-0.25.10+spec-1.1.0.drv'...
building '/nix/store/0md88ki4sw5k5b5pmvlai2yilrzxspfl-cargo-src-transpose-0.2.3.drv'...
building '/nix/store/5k2w3x111ws257a15sfa5ivl0n1lxsri-cargo-src-ttf-parser-0.25.1.drv'...
building '/nix/store/vasp7snjiw2jzrgfhspmaf1bxp89k0dn-cargo-package-toml_edit-0.25.10+spec-1.1.0.drv'...
building '/nix/store/bap81bwan9kcirmr6x3r3v1g1g33zbg5-cargo-package-transpose-0.2.3.drv'...
building '/nix/store/sb4c7mfs4iqayka0lbplacssc02bl34v-cargo-package-ttf-parser-0.25.1.drv'...
building '/nix/store/4da6i3rf07mg4ngdwd7pj1xpbwsndd4a-cargo-src-typenum-1.19.0.drv'...
building '/nix/store/sa8x07h1nznlr03ma04ai3xpjq0j6g9n-cargo-src-uds_windows-1.2.1.drv'...
building '/nix/store/w47484b356gcil0hn8n72pvs7d2vc3by-cargo-src-unicode-script-0.5.8.drv'...
building '/nix/store/nai0zlb0nlxidlqplxpxzbki298ypjal-cargo-package-typenum-1.19.0.drv'...
building '/nix/store/id7y1vhlnp65vfxcblf9z02mzsqm3q95-cargo-package-uds_windows-1.2.1.drv'...
building '/nix/store/j0jg3fizj8w2fpcqalj3v7f2n00ri262-cargo-package-unicode-script-0.5.8.drv'...
building '/nix/store/ldd7qyf306jn4pqa4ylwfwf1fgyfa045-cargo-src-uuid-1.23.0.drv'...
building '/nix/store/digpdhkgz149jvd223c5qgir72r3qc3p-cargo-src-v_frame-0.3.9.drv'...
building '/nix/store/lgk26i2a20qlbf3v5fzlyl3mq1ih3svr-cargo-src-wasip2-1.0.2+wasi-0.2.9.drv'...
building '/nix/store/y3sd24i52i3gj4jf0axksz22kfzhxhgz-cargo-package-uuid-1.23.0.drv'...
building '/nix/store/l15sgwp8jipbai1z39wjq1xhb3jw8h83-cargo-package-v_frame-0.3.9.drv'...
building '/nix/store/yiq6nnhin03zs45p0y08gn5dmh2anh3x-cargo-package-wasip2-1.0.2+wasi-0.2.9.drv'...
building '/nix/store/0jc9gfa5h5508lbl33jjqhmf82iyni74-cargo-src-wasm-bindgen-0.2.117.drv'...
building '/nix/store/fh7rvxw578dpi9kv2sm0p8ynj0yipkv4-cargo-src-wasm-bindgen-futures-0.4.67.drv'...
building '/nix/store/86i3f71p8a7hmif2sxs8l44qcg2qlsln-cargo-src-wasm-bindgen-macro-0.2.117.drv'...
building '/nix/store/3gzak4mx502n1zjav31yynbqif9i7khq-cargo-package-wasm-bindgen-0.2.117.drv'...
building '/nix/store/yb8s2z7k2a89q5v5nm1v5skmzq4ijgn1-cargo-package-wasm-bindgen-futures-0.4.67.drv'...
building '/nix/store/a4599i84424ksvqk2jk9a51b7ibsx1bs-cargo-package-wasm-bindgen-macro-0.2.117.drv'...
building '/nix/store/n6qk7k90fkm286l7m92azfsds4fvi1x4-cargo-src-wasm-bindgen-macro-support-0.2.117.drv'...
building '/nix/store/dj14r6h8ydylxw3nwa09h0475517f7f3-cargo-src-wasm-bindgen-shared-0.2.117.drv'...
building '/nix/store/kxhjzddkyhi54sysm69i4hy9k5m04yph-cargo-src-wasmtimer-0.4.3.drv'...
building '/nix/store/mwqhf0398bzyx3yi8j1lnb88k45y3yw8-cargo-package-wasm-bindgen-macro-support-0.2.117.drv'...
building '/nix/store/qgydsaqi26jarnvmyp9mjdfw522ipgax-cargo-package-wasm-bindgen-shared-0.2.117.drv'...
building '/nix/store/7nbgzb8zn3c46h9k5xbvr968xmv1d99i-cargo-package-wasmtimer-0.4.3.drv'...
building '/nix/store/ymm6bw9by666zw2pypisibxfd08ahcq8-cargo-src-wayland-backend-0.3.15.drv'...
building '/nix/store/kgnxd19a3iywa1jcgg7sfsngib5lkihi-cargo-src-wayland-client-0.31.14.drv'...
building '/nix/store/bbvj2nrgprxw9viw9xgs8x4rgkaxyaag-cargo-src-wayland-csd-frame-0.3.0.drv'...
building '/nix/store/7aqyqz7gfq1c9cc8dqgp0474ixgx3g6p-cargo-package-wayland-backend-0.3.15.drv'...
building '/nix/store/lrpydl4j2gjk0kr9accwp10p6pc6bnh9-cargo-package-wayland-client-0.31.14.drv'...
building '/nix/store/kd698xk3fq4baj1ybp4ra8qw0jmaz9lb-cargo-package-wayland-csd-frame-0.3.0.drv'...
building '/nix/store/xdvqr1h1l0y2bnxcsicvjy0hyi8id63c-cargo-src-wayland-cursor-0.31.14.drv'...
building '/nix/store/hpqmrynjih46b4fmiyzqv4pqnl9kvs4l-cargo-src-wayland-protocols-0.32.12.drv'...
building '/nix/store/5lgnm6vcrlzrl007z47j8wac5h3x0v11-cargo-src-wayland-protocols-experimental-20250721.0.1.drv'...
building '/nix/store/x71jxm2ss2rvqc0skwgz8s39l896afpb-cargo-package-wayland-cursor-0.31.14.drv'...
building '/nix/store/s6555synkj2dxczrxh2x6hnl84swhwmq-cargo-package-wayland-protocols-0.32.12.drv'...
building '/nix/store/ajfbdcqh8228hxyf8057zlsam0ki0k35-cargo-package-wayland-protocols-experimental-20250721.0.1.drv'...
building '/nix/store/7nh0apanl1gpmm4hbvkw20c8l0lg6rkb-cargo-src-wayland-protocols-misc-0.3.12.drv'...
building '/nix/store/4i6wqhcgailbw405wgrdm3x0pq61ppxx-cargo-src-wayland-protocols-plasma-0.3.12.drv'...
building '/nix/store/17qd5alk4s0xrfa1x2v0pr7b20yc8q4h-cargo-src-wayland-protocols-wlr-0.3.12.drv'...
building '/nix/store/3dqq07jh4gac6ghq7hrzznm5zir9z3jr-cargo-package-wayland-protocols-misc-0.3.12.drv'...
building '/nix/store/1lba241983kijahzp8cki6c1mf0bdpa5-cargo-package-wayland-protocols-plasma-0.3.12.drv'...
building '/nix/store/rf35cd5i88ywx7gq2da509sp3bmy5znh-cargo-package-wayland-protocols-wlr-0.3.12.drv'...
building '/nix/store/ppvp7frgfriwqamarq4lfd4v28xc9m9q-cargo-src-wayland-scanner-0.31.10.drv'...
building '/nix/store/7whmavd9j7ylpskbyxny11i6562cjp2y-cargo-src-wayland-sys-0.31.11.drv'...
building '/nix/store/yh0yzz2jn7wnvkf34z78sklbwqcgkz4j-cargo-src-web-sys-0.3.94.drv'...
building '/nix/store/nffp2vxng1hhbmq0jk64981pwdknvs2p-cargo-package-wayland-scanner-0.31.10.drv'...
building '/nix/store/mmj0x5xbafary60lz8117agy7s2ic9dh-cargo-package-wayland-sys-0.31.11.drv'...
building '/nix/store/cc8ajpy0i2zb4fnvqxhfgnsq0zh9d5dk-cargo-package-web-sys-0.3.94.drv'...
building '/nix/store/7bac5ivh13j5d02dyvcvcc11jj54n3nr-cargo-src-weezl-0.1.12.drv'...
building '/nix/store/30v047lkrzbvhh8yrmhavcjhc34sym9b-cargo-src-wgpu-27.0.1.drv'...
building '/nix/store/d5b01qsdi4mk25g9b3ayj0isz2cqbsgv-cargo-src-wgpu-core-27.0.3.drv'...
building '/nix/store/q94c2axcihmgmycmass2qa60974gm7q7-cargo-package-weezl-0.1.12.drv'...
building '/nix/store/x9jjfyij3x5z19nwlg0p60pnk8h0m3ka-cargo-package-wgpu-27.0.1.drv'...
building '/nix/store/k2yfnhhnib7821galnasvp9r4jy2gv4f-cargo-package-wgpu-core-27.0.3.drv'...
building '/nix/store/pk9mpc7shnk8yjy24j3540s3lnjmq8pa-cargo-src-wgpu-core-deps-apple-27.0.0.drv'...
building '/nix/store/011s0d6scf9ykfsqymxx3sn21r33035q-cargo-src-wgpu-core-deps-emscripten-27.0.0.drv'...
building '/nix/store/agp8wi7k2nfc6b2fdv204kfgz840zqgr-cargo-src-wgpu-core-deps-windows-linux-android-27.0.0.drv'...
building '/nix/store/ilcrwn435avb30ffgwfxkgdrn5f1ks5l-cargo-package-wgpu-core-deps-apple-27.0.0.drv'...
building '/nix/store/a5i5cyf7sh80r3vk5fqznavwj8a3vm5x-cargo-package-wgpu-core-deps-emscripten-27.0.0.drv'...
building '/nix/store/2hlh3f62624ckfsic1b70wd7fdvlibph-cargo-package-wgpu-core-deps-windows-linux-android-27.0.0.drv'...
building '/nix/store/52lidk2wcs6v34w0v4amkhfzbxp4dm9l-cargo-src-wgpu-hal-27.0.4.drv'...
building '/nix/store/lhl0rx9d24gk6ga1kz5xl87ny4i52dzl-cargo-src-wgpu-types-27.0.1.drv'...
building '/nix/store/wrygsyp5yd2grn3sapqd0pbj0lih505q-cargo-src-window_clipboard-0.5.1.drv'...
building '/nix/store/x4igxcwyx2wyyjidy68spr7fcnijf94y-cargo-package-wgpu-hal-27.0.4.drv'...
building '/nix/store/iqp184gx10s4ih1nfkvy5a2v2k88a2w9-cargo-package-wgpu-types-27.0.1.drv'...
building '/nix/store/y1yi5fffac4y78nacyv1brydjxky3wqi-cargo-package-window_clipboard-0.5.1.drv'...
building '/nix/store/6kh142g4ipcq1mwf7qs4rv2634g2rlyn-cargo-src-windows-0.58.0.drv'...
building '/nix/store/kz6k6yhcrz2dr09sg4d9v56r6zalmrz5-cargo-src-windows-core-0.58.0.drv'...
building '/nix/store/fpjfvfqzxi864ylrqb1nvf5048lchhrw-cargo-src-windows-implement-0.58.0.drv'...
building '/nix/store/flgqkm6kjckp2saw0ds7a9lw5zs570y0-cargo-package-windows-0.58.0.drv'...
building '/nix/store/rxnparvaymcxp3d02w4n6y5qngwcsrzf-cargo-package-windows-core-0.58.0.drv'...
building '/nix/store/fw72prcphxxvrr2ifh0jwbz45yvxyciw-cargo-package-windows-implement-0.58.0.drv'...
building '/nix/store/c62vilafz9n6397d2j05929vmy12c9jg-cargo-src-windows-interface-0.58.0.drv'...
building '/nix/store/386vc18g0madiadbhgyn46pdmxi5hpp8-cargo-src-windows-result-0.2.0.drv'...
building '/nix/store/kg7k5c60vh1xhiaacrravhf60i7y9l9f-cargo-src-windows-strings-0.1.0.drv'...
building '/nix/store/46pi4xrh8mzx80q23p652w8lrpsh52bl-cargo-package-windows-interface-0.58.0.drv'...
building '/nix/store/cs6ppcqb7lfhi45y4aci74hxm9xbvwva-cargo-package-windows-result-0.2.0.drv'...
building '/nix/store/m3f3amb0phc4d6vvf69l7csp71lxvkxr-cargo-package-windows-strings-0.1.0.drv'...
building '/nix/store/vi3b35kn39fd1amp79rviw7igv6w4s3f-cargo-src-windows-sys-0.45.0.drv'...
building '/nix/store/70lzqayrxz5x58dmygpnwrii76gl40ak-cargo-src-windows-targets-0.42.2.drv'...
building '/nix/store/pw5j95k0a8s389jnc7jq6qamm0w5qx0x-cargo-src-windows_aarch64_gnullvm-0.42.2.drv'...
building '/nix/store/6yspwzhambqqpzycyzqyx7hdsz6n8bnb-cargo-package-windows-sys-0.45.0.drv'...
building '/nix/store/y0w25cyr3j2d7wqyn9jd8hvablrb5kzk-cargo-package-windows-targets-0.42.2.drv'...
building '/nix/store/abjmn3lqvj7l1n82ib7rjz37kfvk5qwh-cargo-package-windows_aarch64_gnullvm-0.42.2.drv'...
building '/nix/store/yz96drwkr9zlvz86hlf5bigjbhhd8mxi-cargo-src-windows_aarch64_msvc-0.42.2.drv'...
building '/nix/store/y3z6xnd7hs9dnpnw64smv40m4wy28kh1-cargo-src-windows_i686_gnu-0.42.2.drv'...
building '/nix/store/qv783m5r25mha5ljb1x5kc0s13bn8i8p-cargo-src-windows_i686_msvc-0.42.2.drv'...
building '/nix/store/j1xp65rbmc50ci2my9vr00vl3f02d5a3-cargo-package-windows_aarch64_msvc-0.42.2.drv'...
building '/nix/store/bibilbvwz3wsngz64bsyvvdzwmhyg33x-cargo-package-windows_i686_gnu-0.42.2.drv'...
building '/nix/store/faibwmmk81hpjpnjiv54rxwcr1dvvmvq-cargo-package-windows_i686_msvc-0.42.2.drv'...
building '/nix/store/cxm7xfqqaac3kac1zsl7nqqadljwb7ql-cargo-src-windows_x86_64_gnu-0.42.2.drv'...
building '/nix/store/scgx6gsmqlnfmkx3dw2r85ywqfa0sprj-cargo-src-windows_x86_64_gnullvm-0.42.2.drv'...
building '/nix/store/mnbzbaxy551k3bh8v52wdar4andzlprh-cargo-src-windows_x86_64_msvc-0.42.2.drv'...
building '/nix/store/iv08942k2xf9bw66z6nqamxswjgh19cs-cargo-package-windows_x86_64_gnu-0.42.2.drv'...
building '/nix/store/7smqls310p6wgd9yqy9s27zi466an30r-cargo-package-windows_x86_64_gnullvm-0.42.2.drv'...
building '/nix/store/5cs9g2m503v75xfyszxnk5ycmailsyhx-cargo-package-windows_x86_64_msvc-0.42.2.drv'...
building '/nix/store/v0kqylmlx9kw8bzr9jvm65f99sfyd3gr-cargo-src-winit-0.30.13.drv'...
building '/nix/store/cwl5vlvjvmcpi7y1wyiz9avbiv0iy2bf-cargo-src-winnow-0.7.15.drv'...
building '/nix/store/zlvgz4p1bbndx4yf4qxv8wghjx6biwpx-cargo-src-winnow-1.0.1.drv'...
building '/nix/store/mmapbkifkj0669r464shsj0fxsiglah5-cargo-package-winit-0.30.13.drv'...
building '/nix/store/fpx0z33fi84jxfwdw7csfqbxvnlsa9gp-cargo-package-winnow-0.7.15.drv'...
building '/nix/store/jlia8gj2an8inxblrsfamkaal7mr91xs-cargo-package-winnow-1.0.1.drv'...
building '/nix/store/dnwf0iskyfs9yf2qhkrnlz0lkhix7kkr-cargo-src-x11-dl-2.21.0.drv'...
building '/nix/store/1fgd8ncan7x8380ydi5wkinv7a1b3lx9-cargo-src-x11rb-0.13.2.drv'...
building '/nix/store/0zi9w2kk906s1l42vnnglqmzni12nsm0-cargo-src-x11rb-protocol-0.13.2.drv'...
building '/nix/store/b3gjl18033k3lnc6aphawidpxn0apkkf-cargo-package-x11-dl-2.21.0.drv'...
building '/nix/store/mv6icn90m4g94cwphjkl7qscaf3sp9i4-cargo-package-x11rb-0.13.2.drv'...
building '/nix/store/kfdcaw22q57cczw4ysgv6db4d2n3c507-cargo-package-x11rb-protocol-0.13.2.drv'...
building '/nix/store/yfiqx8a7zlj86z8x6yrpgj9w77j2x7mz-cargo-src-xcursor-0.3.10.drv'...
building '/nix/store/97jrzhacm6vpqr60m2hvjxdyqbz618zv-cargo-src-xkbcommon-dl-0.4.2.drv'...
building '/nix/store/47j93bpx2r9zzr65wq5ydm2avlphpp7x-cargo-src-xkeysym-0.2.1.drv'...
building '/nix/store/7gfzkb4wx66mk97hf9fl224lqr5j5gbb-cargo-package-xcursor-0.3.10.drv'...
building '/nix/store/31llb0n8j1nwfq7lx09f69lqg2jsq62l-cargo-package-xkbcommon-dl-0.4.2.drv'...
building '/nix/store/c0lcn8fixpr0kp02jywy09dcjc1kxb8l-cargo-package-xkeysym-0.2.1.drv'...
building '/nix/store/rrckjksmkllzc0cggnwp0xx0rrknr4ry-cargo-src-xml-rs-0.8.28.drv'...
building '/nix/store/2871k5zqk0kikpvn7nd3lpkfhvbplsb0-cargo-src-y4m-0.8.0.drv'...
building '/nix/store/rj89w97q9ywzr4227ykk8qa1gg0a31sw-cargo-src-yazi-0.2.1.drv'...
building '/nix/store/pzcsldicba15bmbknc7h09asyz95j02q-cargo-package-xml-rs-0.8.28.drv'...
building '/nix/store/381k24jsbxqa9y2x0nkcndqphr3p4jb0-cargo-package-y4m-0.8.0.drv'...
building '/nix/store/g6qrk2c3hchk19axwkjsp2brnf13sglr-cargo-package-yazi-0.2.1.drv'...
building '/nix/store/c4l9agjm7q0f7xwb733qwj7n6cna2ll3-cargo-src-zbus-5.14.0.drv'...
building '/nix/store/jakp9avbg70pm2wdbyphs12lkhyrsbc7-cargo-src-zbus_macros-5.14.0.drv'...
building '/nix/store/wpzbij5isnm2vnbvcln9sm97lyvv6kx4-cargo-src-zbus_names-4.3.1.drv'...
building '/nix/store/wakq60gnkk41vdkfm459qxc0r4gvb8mr-cargo-package-zbus-5.14.0.drv'...
building '/nix/store/4l4gy970r8qrn28gdqpgzqjj8hy8llr3-cargo-package-zbus_macros-5.14.0.drv'...
building '/nix/store/22a8gadp2xgdfxsm8n95b79jzgv450kk-cargo-package-zbus_names-4.3.1.drv'...
building '/nix/store/p9zs4wcwc2104wa9wh2z2i7qi0lb57jz-cargo-src-zeno-0.3.3.drv'...
building '/nix/store/5d043dz0bx1q7n3rhdvzrlkvvrskl5va-cargo-src-zune-core-0.5.1.drv'...
building '/nix/store/m5aj2k96q0r7gp26kcblrpiqzwyahag2-cargo-src-zune-inflate-0.2.54.drv'...
building '/nix/store/id39xsgz1p5ykx7ayj58bq1vnij4db0l-cargo-package-zeno-0.3.3.drv'...
building '/nix/store/rr2wa6jx08zmi2rpq4xql1xks3pf69zq-cargo-package-zune-core-0.5.1.drv'...
building '/nix/store/rcfvxwxp0rr7ymz29f8f7ak6w7imggc4-cargo-package-zune-inflate-0.2.54.drv'...
building '/nix/store/dxvslzxy5l6sqx9lcxl0xwg4yksvp239-cargo-src-zune-jpeg-0.5.15.drv'...
building '/nix/store/2jpc7kvgrz17silk7j9a4q9r2jqhrzsq-cargo-src-zvariant-5.10.0.drv'...
building '/nix/store/12cj04pk0cifhaaj1lks70vqh0c27ah9-cargo-src-zvariant_derive-5.10.0.drv'...
building '/nix/store/2k4wwlnspm4bw8gbff4i31kb58jg5890-cargo-package-zune-jpeg-0.5.15.drv'...
building '/nix/store/q7qjzybpirciw7vgm3c080a4w28h8hrx-cargo-package-zvariant-5.10.0.drv'...
building '/nix/store/zf2yygh8xi6lqypw99wkqa2x7b9sh0hw-cargo-package-zvariant_derive-5.10.0.drv'...
building '/nix/store/6fxfgvbsx8ay61fsps2p2h3wwyq6h63p-cargo-src-zvariant_utils-3.3.0.drv'...
building '/nix/store/3f6qyvwk9m8z2aax5rw0j2dvridin0hc-cargoHelperFunctionsHook.drv'...
building '/nix/store/6g87rpvxl0qk5ihj9gm17jz1xgbl2b4m-clap_lex-0.7.7.drv'...
building '/nix/store/df6bk2fv7vazri3gik91da5q42cl9ml0-cargo-package-zvariant_utils-3.3.0.drv'...
building '/nix/store/i8k66qw35fx7crz803w6bngw45709i3n-client.conf.drv'...
building '/nix/store/z0x50i0klzii9i4gq9zm573s8zf34ff9-configureCargoCommonVarsHook.drv'...
building '/nix/store/nbgwr6i411kzgyv0262jnbz9ivzarhkm-configureCargoVendoredDepsHook.drv'...
building '/nix/store/q5wm59i0sd5j2kq5lbhz7fhy4y7pz93y-console-env.drv'...
building '/nix/store/k5l5jsdg9ixcgl1ibk5sbyxnchn6m9d5-countme-3.0.1.drv'...
building '/nix/store/vh64ijkqad81x4w0hbrfs7w17rhnhwzv-crate-aws-lc-rs-1.15.4.tar.gz.drv'...
building '/nix/store/pq5hq05yfbf20zpgfidzmy80iwc629a7-crate-aws-lc-sys-0.37.0.tar.gz.drv'...
building '/nix/store/lfxvlzqx3m2i0adnk5p9p6cz23qk33sv-crate-bitpacking-0.9.3.tar.gz.drv'...
building '/nix/store/nwxbzsf5qd78qxl0l4b1sx6v7x2cprm0-aws-lc-rs-1.15.4.drv'...
building '/nix/store/k0h6fk1cwhmzqh9a777c61ki3yhskp9f-aws-lc-sys-0.37.0.drv'...
building '/nix/store/lcfglmsc7harr7r455z9cw932g1iwgq4-bitpacking-0.9.3.drv'...
building '/nix/store/1lzdb4vizdagwlfqpfdrnhsj2395c8m6-crate-bon-3.8.2.tar.gz.drv'...
building '/nix/store/ywfp3rlha498v6wn3b6x1w7v26ycy00m-crate-bon-macros-3.8.2.tar.gz.drv'...
building '/nix/store/j1zg3j8l5z9zszr1rl6lhkdkgyxjyxxw-crate-cbitset-0.2.0.tar.gz.drv'...
building '/nix/store/d88g6wcg2x3wm71whfbzz3hrwizq72yr-bon-3.8.2.drv'...
building '/nix/store/695ypipg5pxxlqlw0vvh6d021hrnpirh-bon-macros-3.8.2.drv'...
building '/nix/store/nmmzpdr1gmrwfvdx7xawpm4bqgbjjn06-cbitset-0.2.0.drv'...
building '/nix/store/jnvcx5731xxj6mdbiaxj1fp2gnq37cvj-crate-clap-4.5.57.tar.gz.drv'...
building '/nix/store/g700azqvrsgl842iq8sg85yrwsx27hgq-crate-clap_builder-4.5.57.tar.gz.drv'...
building '/nix/store/0k1gg1ii1k1l83bfpcwzg9n2893c98mz-crate-countme-2.0.4.tar.gz.drv'...
building '/nix/store/iicndwbrj6xvxh6k6nfwdacxq9caaml8-clap-4.5.57.drv'...
building '/nix/store/hfzk59i9xk70myan52mm3zmhb286lh34-clap_builder-4.5.57.drv'...
building '/nix/store/0m3m7qg3763clmbcnz402y5w14794zn9-countme-2.0.4.drv'...
building '/nix/store/qiw7jsni83n638ascn8hh3237skx1cs6-crate-downcast-rs-2.0.2.tar.gz.drv'...
building '/nix/store/9cvnfsxnmaqmh31zwwcfp38c8c61ngh3-crate-fs4-0.13.1.tar.gz.drv'...
building '/nix/store/qcmlvpf2r2imiip37dfijgvyax40y5kj-crate-hashlink-0.11.0.tar.gz.drv'...
building '/nix/store/c36ww0c9y41sj82m3v2a66c7jngpjp9g-crate-libsqlite3-sys-0.36.0.tar.gz.drv'...
building '/nix/store/klh0hhc2066479v9xszqqm4kmf4qchls-crate-nix-editor-0.3.0.tar.gz.drv'...
building '/nix/store/m8z3r1lbhf82c6qy2a26daajlzw60yqi-crate-nixpkgs-fmt-1.3.0.tar.gz.drv'...
building '/nix/store/6kp1rnqnmxdv1np0z8pgmcqk3i6g73kd-crate-ownedbytes-0.9.0.tar.gz.drv'...
building '/nix/store/rlnhhpyr97baamqk49g25p4g1574687y-crate-quick-xml-0.39.0.tar.gz.drv'...
building '/nix/store/55lq9n8gc49hjpxd5lvg3dhyjzmnm1lb-crate-rnix-0.10.2.tar.gz.drv'...
building '/nix/store/f517swn5zmwsgh6gld1scm8yihjzhv6b-crate-rowan-0.12.6.tar.gz.drv'...
building '/nix/store/qkm6br643b573br9ff9k7nx6zzn4daim-crate-rowan-0.15.17.tar.gz.drv'...
building '/nix/store/nb68i0v1pkldnjkfgwdgxavx35fsk0vn-crate-rsqlite-vfs-0.1.0.tar.gz.drv'...
building '/nix/store/gz8h8qwjpyryayxxqss6z1rgkrrxc0az-crate-rusqlite-0.38.0.tar.gz.drv'...
building '/nix/store/wfw40vk6n8i0h2jmkrhi3p1sddqyxpa8-crate-signal-hook-0.4.3.tar.gz.drv'...
building '/nix/store/cn4356xakplfs2ns18865vkh44ih26b3-crate-sqlite-wasm-rs-0.5.2.tar.gz.drv'...
building '/nix/store/dx19wxfq8pjhjqdhga12v2h2ihy9xxrs-crate-tantivy-0.25.0.tar.gz.drv'...
building '/nix/store/yknhi8m3c6n858n660gp070vrrxbk5dj-crate-tantivy-bitpacker-0.9.0.tar.gz.drv'...
building '/nix/store/wn9690pyw8n68j8c7alvwicsba1by78g-crate-tantivy-columnar-0.6.0.tar.gz.drv'...
building '/nix/store/bj56l5jrm60xg9k9gvlj2ma1qmr4xid7-crate-tantivy-common-0.10.0.tar.gz.drv'...
building '/nix/store/r5y46s4lspv99gnp339ah0a9dm6sgdyc-crate-tantivy-query-grammar-0.25.0.tar.gz.drv'...
building '/nix/store/5idbwbpjpq9g93zbs86jiyz74l28q94s-crate-tantivy-sstable-0.6.0.tar.gz.drv'...
building '/nix/store/qgyksy135fg1jhdjxzymdk6k83mi62v8-crate-tantivy-stacker-0.6.0.tar.gz.drv'...
building '/nix/store/a4ds3bdrgm6rbmyyb289zbwxxz39xcgs-crate-tantivy-tokenizer-api-0.6.0.tar.gz.drv'...
building '/nix/store/72cdpr7njaspnkdkdivnlpiwm93jrc50-cuda_cccl-linux-x86_64-12.9.27-archive.tar.xz.drv'...
building '/nix/store/xvjryfc9bcl897j7sb8ff71lhdi6fjpb-cuda_cudart-linux-x86_64-12.9.79-archive.tar.xz.drv'...
building '/nix/store/bdrcij3nwbr88w66mva9cfr462mb7wa2-cuda_cuobjdump-linux-x86_64-12.9.82-archive.tar.xz.drv'...
building '/nix/store/c89kgwvpd1rzxksgywjq750vb0scnwi5-cuda_cccl-12.9.27-source.drv'...
building '/nix/store/wf962y52bwfvc6zhdpaicy4hl7lvcvka-cuda_cudart-12.9.79-source.drv'...
building '/nix/store/lv0x0xkm98861v2fqr4n6qx8jzwypz96-cuda_cupti-linux-x86_64-12.9.79-archive.tar.xz.drv'...
building '/nix/store/dvax4mfcs4qa7xclf9i296qxw6wrqxyr-cuda_cuobjdump-12.9.82-source.drv'...
building '/nix/store/ylsfzs0qqz8fv7846345arzc5gizfi4n-cuda_cuxxfilt-linux-x86_64-12.9.82-archive.tar.xz.drv'...
building '/nix/store/lyld8qj94s26kgsk0895fvp06k7xrmi2-cuda12.9-cuda_cuobjdump-12.9.82.drv'...
building '/nix/store/w6d763afh33naq9ci59x8jfv1kj4598g-cuda_cupti-12.9.79-source.drv'...
building '/nix/store/0m7439py77jd89sr80m82h54zm7kpj43-cuda_cuxxfilt-12.9.82-source.drv'...
building '/nix/store/i15xgqd6hj7b53g7qyka1ifrqwj1yijb-cuda_gdb-linux-x86_64-12.9.79-archive.tar.xz.drv'...
building '/nix/store/kh0810nq3c7hjj1818bvwnnh9wrhyiih-cuda12.9-cuda_cupti-12.9.79.drv'...
building '/nix/store/xv538naygvlnmd0mmkbps5jfdpcna4w5-cuda12.9-cuda_cuxxfilt-12.9.82.drv'...
building '/nix/store/5zpz28na9rarfpvjqyizbnmssm9r6vbk-cuda_gdb-12.9.79-source.drv'...
building '/nix/store/ps5fa6b5mx6xsk9xx1b4xd63j161x0j4-cuda_nvcc-linux-x86_64-12.9.86-archive.tar.xz.drv'...
building '/nix/store/z52c1ghpnr1k5gdjwjywbkfpvkd0ghcm-cuda_nvdisasm-linux-x86_64-12.9.88-archive.tar.xz.drv'...
building '/nix/store/23rrrd0gdiap245l4j3d3qd60pfgj26x-cuda12.9-cuda_gdb-12.9.79.drv'...
building '/nix/store/gw551hv7rqjvwj0ksnd0d30jrzmxvri2-cuda_nvcc-12.9.86-source.drv'...
building '/nix/store/484wygrmnp0699hkqcbnrshwjhs6p1df-cuda_nvdisasm-12.9.88-source.drv'...
building '/nix/store/gr4dka6kkrywlqb3j5ksy5b100c39ynr-cuda_nvml_dev-linux-x86_64-12.9.79-archive.tar.xz.drv'...
building '/nix/store/dvxz1p7pnpqm3ihvs47vxb9wp1abl0fz-cuda12.9-cuda_nvdisasm-12.9.88.drv'...
building '/nix/store/j2c2336p9k3iy7qddhcr5pydpp7gglhb-cuda12.9-cuda_nvcc-12.9.86.drv'...
building '/nix/store/n7qzyh140z4hw7vv8z51g8w8inmg1yxh-cuda_nvml_dev-12.9.79-source.drv'...
building '/nix/store/9x6m0nhszg2b6r5inv0sshbmgr54hpzf-cuda_nvprune-linux-x86_64-12.9.82-archive.tar.xz.drv'...
building '/nix/store/j0nmkrar6mghrlylrkgbp9rzp37xqbml-cuda12.9-cuda_nvml_dev-12.9.79.drv'...
building '/nix/store/wb7yndv3jb9m6k8b4p0mrcj4dq9h7gjw-cuda_nvrtc-linux-x86_64-12.9.86-archive.tar.xz.drv'...
building '/nix/store/calp00ni6fa25mlm0gh372mxyk1v8v8x-cuda_nvprune-12.9.82-source.drv'...
building '/nix/store/im2jp44jb493xkbs7yknw72rpabk088n-cuda_nvtx-linux-x86_64-12.9.79-archive.tar.xz.drv'...
building '/nix/store/524vzfhim1nqzajpq7awa0bl597m6c3y-cuda12.9-cuda_nvprune-12.9.82.drv'...
building '/nix/store/qxqcvsj74an81dxmifk7irmcmdc49iy2-cuda_nvrtc-12.9.86-source.drv'...
building '/nix/store/mylc4qx5j50sc7qk3rjs84pmdcjpf0xc-cuda_nvtx-12.9.79-source.drv'...
building '/nix/store/y7jhgamq0yijgjjalgfhx91x9gvwx4wz-cuda_profiler_api-linux-x86_64-12.9.79-archive.tar.xz.drv'...
building '/nix/store/0blbzbqrqyfgbzbhjjrbrwrpwqyw66i3-cuda12.9-cuda_nvtx-12.9.79.drv'...
building '/nix/store/xnv50bgq97ahnzw8j2capsx7d6m9yfg7-cuda12.9-cuda_nvrtc-12.9.86.drv'...
building '/nix/store/73yky95zi10fz1gqrgqyzy1s5xwcm692-cuda_profiler_api-12.9.79-source.drv'...
building '/nix/store/xxvwhmgbj6lszvj7h1d3n676w1rpvaxg-cuda_sanitizer_api-linux-x86_64-12.9.79-archive.tar.xz.drv'...
building '/nix/store/nnxbjnabg8i571kqz1ka9pwpj3lg1ldw-cuda12.9-cuda_profiler_api-12.9.79.drv'...
building '/nix/store/lh5qky3f84k64bj3k2as56mhg3b04f5f-cups-browsed.conf.drv'...
building '/nix/store/x42xkvb295klk9l4ikiq5gcy5vms39yp-cuda_sanitizer_api-12.9.79-source.drv'...
building '/nix/store/iij4hhfsnlpcv85hf77c4xg86wpkl0fc-cups-progs.drv'...
building '/nix/store/9gi1aij4s11cwdv6l1wx5lfi9qxgnxxz-X-Restart-Triggers-cups-browsed.drv'...
building '/nix/store/44wysgg5ir8pkgjl6c37ag27589vyhfm-cuda12.9-cuda_sanitizer_api-12.9.79.drv'...
building '/nix/store/dxbc8n15pjlxnxc112x3azlfvhv8rby3-cups-files.conf.drv'...
building '/nix/store/mjd6pz8511a8ll7x6pc09p79cpc09swd-cupsd.conf.drv'...
building '/nix/store/z57dwnrad6cw4qklkd4ajhjmzgj8fv3v-data.json.drv'...
building '/nix/store/xccyakj087f0zjv8im5lrsqgaa4n3nd0-dbus-1.drv'...
building '/nix/store/kcqd9jkpa47nk9xbyzcs7b0jbvmvxgd0-disable-breaking-updates.py.drv'...
building '/nix/store/jmc4mwggsrddav81n4v3vcka550s56wh-discord-1.0.154-fhsenv-profile.drv'...
building '/nix/store/1lnnc812kj5q8n0zlf2rhsj0m9yqjkk8-discord-stage-modules.drv'...
building '/nix/store/rr42wdhdxy3mm9zn4b70y92ydgasvg5h-discord.desktop.drv'...
building '/nix/store/srb23nf4bg7y2p47x3h4am37k499bzs0-discord-1.0.154-fhsenv-rootfs.drv'...
building '/nix/store/1h09k5mc1bs17b9c5yyfcnanv87c8i7a-downcast-rs-2.0.2.drv'...
building '/nix/store/0vk2vjikdzvmcys4l9pxj64jy77w62a7-dri-pkgconfig-stub.drv'...
building '/nix/store/l8wg8pnby5xgb2b75pv0wpwljacjcs8v-dummy-fc-dir1.drv'...
building '/nix/store/1bqnnzxkgys13bkzqd4kz95hf6ync10r-dummy-fc-dir2.drv'...
building '/nix/store/4gicrang7irmp6pi7vk8lggdvzy9wm08-dummy-xdg-mime-dirs1.drv'...
building '/nix/store/h9wjm6a1fm2phx6ycwh6ww9rnj4rfj52-dummy-xdg-mime-dirs2.drv'...
building '/nix/store/zryynrlhz5wr5ilvgb4j46w1paz5wl42-dummy.rs.drv'...
building '/nix/store/lksl21sznal8r5yqzssysq8sp6p26371-dummyBuild.rs.drv'...
building '/nix/store/hbhhnz3v7q6lw7kngp926nkfm6la5wkm-ensure-all-wrappers-paths-exist.drv'...
building '/nix/store/y71g8in8cn2vvn5v4i31a0sjsifqcvbr-etc-UPower-UPower.conf.drv'...
building '/nix/store/y7z3ab12zk3yksq22l3qykjqvaapx62n-Cargo.toml.drv'...
building '/nix/store/i7ild5lvql8wqj0yrjpxxb6h7dkn0yf8-etc-X11-xorg.conf.d-00-keyboard.conf.drv'...
building '/nix/store/bwpq67rjlw4vl9jkjm9szn8prn2q9qr5-etc-alsa-conf.d-49-pipewire-modules.conf.drv'...
building '/nix/store/587w1nmwbsqwd2k521x625yvx2vjxhfs-etc-bash_logout.drv'...
building '/nix/store/bmzi3v31icl4nmr1yqsqd1v0mvq8l039-etc-bashrc.drv'...
building '/nix/store/vm6dx26a9lxsi4sza7y27kablqp6vaf7-etc-environment.d-50-systemd-path.conf.drv'...
building '/nix/store/hh02d7vkv8s5gday4hpyh67dpclv84a3-etc-fstab.drv'...
building '/nix/store/g30zznqhp275v39x5pxdqpczhk5ga4m9-etc-fuse.conf.drv'...
building '/nix/store/wb32f7kvz5pfa6bjxa2qcdy5sy0hgmm5-etc-gai.conf.drv'...
building '/nix/store/klga22zr78fnm237gg25sj4snl879rg2-etc-geoclue-geoclue.conf.drv'...
building '/nix/store/z4wixpj78495398r28ynxri6kipqjpx7-etc-gitconfig.drv'...
building '/nix/store/3ddp0j35az8vwbk9lzpim5ndaw6a2w2i-etc-host.conf.drv'...
building '/nix/store/glmfr1ap2nwrryc4bzi2vkmrid4wa0vy-X-Restart-Triggers-geoclue.drv'...
building '/nix/store/3mncsh02hnn5dl4266zgmxhws80lm9ib-etc-hostname.drv'...
building '/nix/store/my5dyixbd6pnzfb52s88s49dy6ipaz74-etc-ipsec.secrets.drv'...
building '/nix/store/b0kc19m9lfsfwqc25n7hv308m9k74krp-etc-lsb-release.drv'...
building '/nix/store/lpmbmr01sjq60zfmqwavxv56kzp5zpfb-etc-lvm-lvm.conf.drv'...
building '/nix/store/wg6ppcp8snhf852lf69f646z3bvh3r9x-etc-man_db.conf.drv'...
building '/nix/store/m75w94dd41sjwczxj99j67yhhhi4cgz4-etc-modprobe.d-nixos.conf.drv'...
building '/nix/store/hfijisczvagr9v54cnwr5h0q9xj3hszf-etc-nanorc.drv'...
building '/nix/store/9xj4n2vi0ayx06kzz1jy2s3pqyi3d6b0-etc-netgroup.drv'...
building '/nix/store/c3cfvq7ywiw3z25kf09mvb1qwfcb3f47-etc-nix-registry.json.drv'...
building '/nix/store/9bvdpi3agj2w2d765vq8wajwb75bl4yb-etc-nscd.conf.drv'...
building '/nix/store/iknbchf6c73aylqds6lw7wiqkm2ypg2i-etc-nsswitch.conf.drv'...
building '/nix/store/r3wy0bv65638mrdpzl1714d4wc5w861r-etc-os-release.drv'...
building '/nix/store/dwfyxqlc4dypnw9wzij5j3x7zdgyl5bj-etc-polkit-1-rules.d-10-nixos.rules.drv'...
building '/nix/store/k7s2baymcbwgl7azwxqs5rr8m46shzvi-etc-resolvconf.conf.drv'...
building '/nix/store/a2ksg0y0dm2dl8l11kvzjqagypgsdb14-etc-shells.drv'...
building '/nix/store/jfdcvhiqamfprsy5g3jnw246cgala0a4-X-Reload-Triggers-polkit.drv'...
building '/nix/store/blvnngcl19bnrqpbjvdy9l3rxfh0dlaa-X-Restart-Triggers-resolvconf.drv'...
building '/nix/store/wmfkik82zgrwwbav5hi3l6d0p4ag9ppi-etc-ssh-ssh_config.drv'...
building '/nix/store/zpqfazrlqs9smiqzaaqyc0gcdwg57h3a-etc-ssh-ssh_known_hosts.drv'...
building '/nix/store/kcs8266xl1ddvr87mchpvxs3jkrpbfam-etc-sysctl.d-60-nixos.conf.drv'...
building '/nix/store/cxjvhi0yxwdhb24vlbdv6c0mamq3c69h-etc-systemd-coredump.conf.drv'...
building '/nix/store/vh3558xly6r02l5s6lgx6sws5lr1g3n2-etc-systemd-journald.conf.drv'...
building '/nix/store/k7bs80mincnffmpv9j6zzs5k71mf5906-X-Restart-Triggers-systemd-sysctl.drv'...
building '/nix/store/lknrwmah9xc0rvab2iinr4km12yksxyq-etc-systemd-logind.conf.drv'...
building '/nix/store/s94l6rnj2sx4s7bb1gg273cjakdj4av4-X-Restart-Triggers-systemd-journald-.drv'...
building '/nix/store/ks5wi70ffcf9x6rimfgcv9wwy4c1w7zg-X-Restart-Triggers-systemd-journald.drv'...
building '/nix/store/w2vk2p892ksdbs15ihnbfmn16khgbj5z-etc-systemd-oomd.conf.drv'...
building '/nix/store/xxpp1znf04rin061zg1fx745palvp60k-etc-systemd-sleep.conf.drv'...
building '/nix/store/5vpkj9aqmrb1ain9q9bslwp52simbh7v-etc-systemd-system-preset-00-nixos.preset.drv'...
building '/nix/store/b3bzcvz5klvp11izzdhnqbns8b5gx1dz-etc-systemd-system.conf.drv'...
building '/nix/store/k9rpk78m5dirmxsm4w3anzpcpd7d6vqj-etc-systemd-timesyncd.conf.drv'...
building '/nix/store/dss0p7ymsg9bkrvgk2g2dd9wc85iqsw2-etc-systemd-user-preset-00-nixos.preset.drv'...
building '/nix/store/r1nk5g60agsssxb0d32q5aqxkdwxjkyz-etc-systemd-user.conf.drv'...
building '/nix/store/0qkmlp3zzllch351701x5dfya0kg0km3-X-Restart-Triggers-systemd-timesyncd.drv'...
building '/nix/store/l2jnfy59q688pb3p4aiyfjb065b19p46-etc-tmux.conf.drv'...
building '/nix/store/gs84mrwy3s2d7vy0x4l7b57xf7agbxn1-etc-wpa_supplicant-nixos.conf.drv'...
building '/nix/store/yj6hk30irdns5gj30m7c0y1qii58i0f4-etc-xdg-xdg-desktop-portal-portals.conf.drv'...
building '/nix/store/aa3idgzhp5lmrg1b90m0izx3kkqr2qmn-etc-zinputrc.drv'...
building '/nix/store/zgkg3z3bvw70xwh90syprgrk8whhws4d-X-Restart-Triggers-wpa_supplicant.drv'...
building '/nix/store/i8l4r4f8711dbnlhc99qqxm5qhm2jzxi-etc-zprofile.drv'...
building '/nix/store/91gw0xwmy3ljld32bxlnfs6yhq79r9vb-etc-zshrc.drv'...
building '/nix/store/kcsjv5cjnyk7ld8cyxxavl7ng02maqm6-exec.drv'...
building '/nix/store/gh6mp1h7a1ddg7h5kj5vp8pbx1flryxv-extra-hosts.drv'...
building '/nix/store/isqrdxlnh9gg7f13i7sphs6falw9xg9f-extra-hwdb-file.drv'...
building '/nix/store/204yn7f9y7n8ifhrgjvfzd0haljj93wh-extract-binary-wrapper-cmd.drv'...
building '/nix/store/zy4fbqbkpiyfxk37r7k3w0bs447shl95-fallback-cursor-theme.drv'...
building '/nix/store/x8c4ij7x06d9wrzq3jffyys8qr0y3wlp-fc-10-nixos-rendering.conf.drv'...
building '/nix/store/7jngzl7pc1i0wrf5h4zp1lbrxs9q9m4j-fc-52-nixos-default-fonts.conf.drv'...
building '/nix/store/qixlxkpxfq7zj21fb37dmk55d1mmvyxd-fc-53-nixos-reject-type1.conf.drv'...
building '/nix/store/72xm3gcwdjcmr6sdczjs9spx09h7fp2y-fc-53-no-bitmaps.conf.drv'...
building '/nix/store/xi2dw0razgzmpjhgpizaryr28337qm7r-fc-53-user-aliases.conf.drv'...
building '/nix/store/jryd90j1jqyyfj7ml6gb014nas4w8qjz-fira-4.301.drv'...
building '/nix/store/cyk2c43ycfhc11kp3nsy85z84shmz6pg-firefox-policies.json.drv'...
building '/nix/store/6wdmi23wj1xydlspwlmf3hlf4m1v4mr7-firewall-start.drv'...
building '/nix/store/ca9kfyhzdnc4hxac7cmspsfxm95pk1n0-X11-fonts.drv'...
building '/nix/store/c49dr61ydkjqxkxl7036yz925l19djsc-firewall-stop.drv'...
building '/nix/store/hprn6gp8xj32ykdx99pgz2vq4v70dz49-fix-missing-_CCCL_PP_SPLICE_WITH_IMPL20.drv'...
building '/nix/store/jk1x7knvr7v4mpdybx9rr8s2kpnqx61h-firewall-reload.drv'...
building '/nix/store/a7jl6p4f8dr3cdccdmkb5n7cf31wwrg6-flatpak-state.json.drv'...
building '/nix/store/r4j9ibm1yqdwdk30sfa455hi06naahyx-cuda12.9-cuda_cccl-12.9.27.drv'...
building '/nix/store/2mc795kbfzx6jbjg2dy1w7fjbam1py8s-font-dirs.drv'...
building '/nix/store/0s8bj01b0359kl800sypwfz0kw2ygz9q-flatpak-managed-install.drv'...
building '/nix/store/5811335vjyqjar855s4dqqb7q8lchbxq-cuda12.9-cuda_cudart-12.9.79.drv'...
building '/nix/store/aqgpvb4ckm7dpshwxqnn22wwjzz2snsq-fc-cache.drv'...
building '/nix/store/1yj9h1j4cy6ivngxyzka60da114zv0z4-font-manager-0.9.4.drv'...
building '/nix/store/5cl2bpa0q4m1jbb874p7cvbrjlv2s265-fs4-0.13.1.drv'...
building '/nix/store/bmpviqbassbdvddc194pj6707whampw3-fc-00-nixos-cache.conf.drv'...
building '/nix/store/14gsm7pdlafqiqg5cfqa97r063yyrddw-full.distro.drv'...
building '/nix/store/3994ikpnha1x6qcbxh8nb3ysmghx5vr5-fontconfig-conf.drv'...
building '/nix/store/3a6aq9z1873yra2z4s4hbr9qys16240s-full.distro.drv'...
building '/nix/store/cl100b73bpbaq05n3r8sapqrwnpic6pg-fontconfig-etc.drv'...
building '/nix/store/4330j2mghf9a7fz651apac9slgaj96kd-full.distro.drv'...
error: Cannot build '/nix/store/1yj9h1j4cy6ivngxyzka60da114zv0z4-font-manager-0.9.4.drv'.
       Reason: builder failed with exit code 1.
       Output paths:
         /nix/store/shnkplzgyh5ns1xny3n8sxn095g4kysd-font-manager-0.9.4
       Last 25 log lines:
       >       |             ^~~~~~~~~~~~~~~~~~~~
       > ../src/font-manager/preferences/Substitutions.vala:41.53-41.71: warning: `Gtk.EntryCompletion' has been deprecated since 4.10
       >    41 |         Gtk.EntryCompletion family_completion = new Gtk.EntryCompletion();
       >       |                                                     ^~~~~~~~~~~~~~~~~~~
       > ../src/font-manager/preferences/Substitutions.vala:41.29-41.45: warning: `Gtk.EntryCompletion' has been deprecated since 4.10
       >    41 |         Gtk.EntryCompletion family_completion = new Gtk.EntryCompletion();
       >       |                             ^~~~~~~~~~~~~~~~~
       > ../src/font-manager/preferences/Substitutions.vala:24.5-24.51: warning: `Gtk.ListStore' has been deprecated since 4.10
       >    24 |     internal Gtk.ListStore? family_completion_model = null;
       >       |     ^~~~~~~~~~~~~~~~~~~~~~~~~~~~~~~~~~~~~~~~~~~~~~~
       > ../src/font-manager/preferences/Substitutions.vala:28.43-28.55: warning: `Gtk.ListStore' has been deprecated since 4.10
       >    28 |             family_completion_model = new Gtk.ListStore(1, typeof(string));
       >       |                                           ^~~~~~~~~~~~~
       > ../src/font-manager/preferences/Substitutions.vala:32.30-32.33: warning: `Gtk.TreeIter' has been deprecated since 4.10
       >    32 |                 Gtk.TreeIter iter;
       >       |                              ^~~~
       > ../src/font-manager/preferences/Substitutions.vala:66.13-66.33: warning: `Gtk.Entry.set_completion' has been deprecated since 4.10
       >    66 |             target.set_completion(get_family_completion());
       >       |             ^~~~~~~~~~~~~~~~~~~~~
       > ../src/font-manager/Application.vala:88.17-88.53: warning: `Gtk.Settings.gtk_application_prefer_dark_theme' has been deprecated since 4.20
       >    88 |                 gtk.gtk_application_prefer_dark_theme = prefer_dark_theme;
       >       |                 ^~~~~~~~~~~~~~~~~~~~~~~~~~~~~~~~~~~~~
       > Compilation failed: 2 error(s), 22 warning(s)
       > [124/208] Compiling C object src/font-manager/font-manager.p/meson-generated_.._font-manager-gresources.c.o
       > ninja: build stopped: subcommand failed.
       For full logs, run:
         nix log /nix/store/1yj9h1j4cy6ivngxyzka60da114zv0z4-font-manager-0.9.4.drv
building '/nix/store/4nprxck3ab44d7zkbcvjlwkkgvd6ya1z-full.distro.drv'...
error: Cannot build '/nix/store/r26mzifikcbm0c2d9n8rs4hc1ianqkhz-system-path.drv'.
       Reason: 1 dependency failed.
       Output paths:
         /nix/store/6mw81zzawaxjd6mqhm3wp0nczyfdj7bk-system-path
building '/nix/store/j629a8vvy1bfaz6wbsx8d2q0lz73qmv9-fwupd.conf.drv'...
building '/nix/store/d78j2cgw24df1j4b32lba0cpjrwn5vbb-gen-hostid.drv'...
error: Cannot build '/nix/store/cnbn5f0sml4qy1y82p830znph60qkrz4-nixos-system-Luana-Legion-5-26.11.20260826.9fbb54b.drv'.
       Reason: 1 dependency failed.
       Output paths:
         /nix/store/hnb2zghkd3aja1r7zfm4imh1xkqicqlg-nixos-system-Luana-Legion-5-26.11.20260826.9fbb54b
Command 'nix --extra-experimental-features 'nix-command flakes' build --print-out-paths '.#nixosConfigurations."Luana-Legion-5".config.system.build.toplevel' --max-jobs 2 --cores 2 --option eval-cache false --show-trace --impure' returned non-zero exit status 1.
